rainfall_24h,rainfall_intensity,soil_moisture,slope,elevation,historical_events,temperature,humidity,pore_water_pressure,risk_probability,risk_percentage,risk_category,landslide_occurred
44.59,12.47,38.73,36.37,1937.4,11,19.8,68.6,5.31,0.0595,5.95,LOW,0
101.21,15.4,52.01,59.15,2626.0,6,12.7,75.0,11.19,0.5292,52.92,HIGH,1
3.52,0.72,19.44,47.36,2492.5,9,15.6,61.5,1.76,0.0387,3.87,LOW,0
89.54,15.71,57.09,42.74,704.0,7,24.1,70.0,11.95,0.3575,35.75,MODERATE,0
29.41,6.0,37.82,28.79,690.3,9,19.7,65.2,3.95,0.058,5.8,LOW,0
15.82,2.49,29.44,28.79,1041.1,5,22.3,53.7,3.89,0.023,2.3,LOW,0
49.45,6.31,32.42,23.41,1315.2,8,22.3,63.1,2.99,0.0721,7.21,LOW,0
10.41,2.2,36.21,53.41,1454.9,9,17.6,66.3,4.2,0.047,4.7,LOW,0
41.39,7.19,34.77,42.82,2255.1,2,21.4,69.4,5.49,0.0659,6.59,LOW,0
1.42,0.21,22.04,46.46,417.2,8,27.7,59.4,2.0,0.0553,5.53,LOW,0
64.01,11.0,42.68,20.01,352.3,4,28.1,72.1,6.84,0.1232,12.32,LOW,0
20.81,2.66,32.7,61.08,1406.1,16,22.6,72.2,3.87,0.1638,16.38,LOW,0
35.44,9.64,34.08,51.68,2306.6,6,9.5,63.0,3.15,0.1325,13.25,LOW,0
8.75,1.86,10.51,31.09,820.6,13,25.2,52.7,2.2,0.0522,5.22,LOW,0
39.56,9.9,37.33,29.89,2142.4,7,21.9,69.7,4.81,0.1309,13.09,LOW,0
51.78,9.72,44.11,29.95,1016.5,6,24.3,71.0,4.07,0.0822,8.22,LOW,0
82.47,21.82,43.64,34.26,2864.0,6,11.6,76.9,8.83,0.3129,31.29,MODERATE,0
33.66,6.64,42.23,40.51,2892.3,2,9.3,57.9,3.21,0.0712,7.12,LOW,0
21.33,4.52,35.35,37.95,1127.0,9,18.8,54.2,4.44,0.03,3.0,LOW,0
195.25,38.79,82.01,33.84,928.5,5,19.6,90.9,32.16,0.9609,96.09,CRITICAL,1
24.11,5.72,26.68,43.16,1463.3,4,19.0,64.8,4.67,0.0327,3.27,LOW,0
64.54,13.6,44.47,28.04,959.6,6,20.1,67.5,6.84,0.1597,15.97,LOW,0
56.57,9.25,42.61,33.87,2233.5,9,15.3,77.2,6.0,0.1173,11.73,LOW,0
18.5,2.65,29.77,36.13,2686.9,4,13.7,62.7,1.01,0.0189,1.89,LOW,0
9.15,1.99,32.02,38.59,2235.6,5,11.4,68.8,3.21,0.0517,5.17,LOW,0
81.75,16.21,46.09,49.52,2681.8,7,11.3,77.5,7.27,0.374,37.4,MODERATE,0
61.25,8.29,40.79,30.6,1421.1,6,18.7,62.6,5.05,0.0704,7.04,LOW,0
9.04,1.66,24.2,40.21,711.1,6,22.6,56.0,2.09,0.0283,2.83,LOW,0
26.01,5.26,30.03,42.54,2427.0,17,14.7,56.2,2.3,0.0977,9.77,LOW,0
57.41,14.49,40.33,22.52,1313.4,6,21.1,71.2,5.21,0.0317,3.17,LOW,0
15.27,2.02,28.34,43.02,2230.2,13,14.7,62.9,2.83,0.0854,8.54,LOW,0
35.97,6.32,33.92,29.42,1048.4,6,20.6,73.5,5.08,0.0894,8.94,LOW,0
9.87,2.48,32.38,23.9,489.6,8,25.3,65.1,3.11,0.0216,2.16,LOW,0
4.05,0.91,33.65,58.98,3178.1,10,14.1,52.8,2.43,0.1551,15.51,LOW,0
55.36,9.21,34.09,60.61,710.8,6,20.5,65.5,6.54,0.2257,22.57,LOW,0
3.65,0.93,33.42,50.55,3165.8,12,13.4,47.9,2.35,0.0668,6.68,LOW,0
11.08,2.2,31.48,34.27,3133.0,9,6.7,63.4,2.1,0.0492,4.92,LOW,0
67.61,13.5,39.47,25.91,2591.8,8,14.6,86.9,6.03,0.1753,17.53,LOW,0
14.89,4.11,27.52,45.59,2195.3,1,18.5,63.0,3.29,0.0379,3.79,LOW,0
126.48,34.34,61.83,38.16,1954.5,6,13.9,80.2,14.98,0.598,59.8,HIGH,1
136.46,24.2,54.93,27.2,2805.0,2,13.4,80.4,15.84,0.38,38.0,MODERATE,0
10.93,1.56,27.63,39.67,1103.8,12,19.3,63.8,2.12,0.0493,4.93,LOW,0
1.46,0.25,28.04,21.47,1629.7,10,22.0,59.3,1.24,0.0307,3.07,LOW,0
42.73,5.34,33.24,55.99,2077.2,8,12.6,70.1,3.7,0.1157,11.57,LOW,0
20.99,2.59,23.48,32.76,1463.0,10,17.7,58.5,3.85,0.0338,3.38,LOW,0
180.66,33.11,76.58,44.84,1511.1,5,20.0,82.7,26.04,0.9593,95.93,CRITICAL,1
43.03,11.64,48.09,34.49,1224.3,9,23.0,58.7,5.45,0.1081,10.81,LOW,0
1.11,0.29,21.74,40.38,1914.5,10,17.7,60.0,1.57,0.0322,3.22,LOW,0
71.46,14.42,41.57,41.15,2759.2,8,14.1,64.1,8.41,0.2867,28.67,MODERATE,0
5.22,1.1,25.46,30.01,844.5,16,22.0,69.5,3.78,0.1042,10.42,LOW,0
4.77,0.58,34.18,61.05,3006.6,6,8.7,58.1,3.2,0.105,10.5,LOW,0
6.76,1.04,18.63,49.09,2282.8,9,19.1,49.2,1.85,0.0298,2.98,LOW,0
112.89,13.99,60.46,58.19,2678.7,8,14.5,70.1,14.63,0.6772,67.72,HIGH,1
41.35,9.95,34.22,55.07,1890.8,11,16.4,67.0,3.64,0.168,16.8,LOW,0
56.57,8.11,38.92,42.71,2549.6,7,9.8,72.4,6.17,0.0668,6.68,LOW,0
17.74,4.6,24.92,56.85,297.8,11,29.4,64.8,1.04,0.1289,12.89,LOW,0
14.35,3.2,27.77,25.39,2664.2,15,16.5,57.2,2.95,0.0446,4.46,LOW,0
9.35,1.47,22.71,30.46,368.4,11,25.4,58.0,2.33,0.0508,5.08,LOW,0
109.58,15.91,52.97,22.43,2875.2,5,10.5,72.3,12.89,0.2316,23.16,LOW,0
28.09,6.19,20.54,34.91,3176.3,8,9.9,67.6,3.03,0.0515,5.15,LOW,0
34.97,9.24,26.12,36.77,1117.5,9,21.3,65.9,4.48,0.0719,7.19,LOW,0
10.4,2.44,29.6,33.19,870.4,6,25.1,58.9,1.79,0.0315,3.15,LOW,0
103.92,18.27,60.41,51.5,2507.8,8,11.4,71.6,14.06,0.5854,58.54,HIGH,1
6.51,1.39,42.97,35.85,996.4,12,21.1,57.8,2.98,0.0534,5.34,LOW,0
117.99,20.03,62.66,33.51,2803.4,5,12.1,77.7,16.4,0.3553,35.53,MODERATE,0
0.52,0.15,22.57,41.03,553.4,5,25.6,68.1,3.18,0.0147,1.47,LOW,0
22.96,5.51,21.51,28.11,621.6,6,26.7,64.6,1.94,0.0217,2.17,LOW,0
14.19,3.1,31.67,50.27,3138.5,9,11.5,60.1,3.33,0.0912,9.12,LOW,0
20.87,3.92,23.58,24.53,2237.8,8,20.1,60.6,1.72,0.0181,1.81,LOW,0
29.59,6.48,29.25,63.43,2748.3,8,10.4,74.7,4.72,0.174,17.4,LOW,0
20.02,3.5,35.04,48.97,1206.8,6,25.0,68.0,2.41,0.1056,10.56,LOW,0
18.76,2.34,31.72,30.56,2245.6,11,13.3,68.7,2.69,0.0533,5.33,LOW,0
162.9,29.85,65.97,17.59,2003.0,4,16.0,88.9,21.56,0.6831,68.31,HIGH,1
40.53,10.9,27.82,50.87,2029.3,8,17.8,65.8,4.77,0.1392,13.92,LOW,0
62.7,13.81,43.62,46.41,2263.5,6,18.5,76.6,7.29,0.2313,23.13,LOW,0
10.07,1.34,29.5,47.24,1947.3,6,16.3,52.7,3.3,0.0428,4.28,LOW,0
32.91,8.61,41.74,48.93,1515.7,11,20.6,74.2,4.49,0.1262,12.62,LOW,0
30.8,5.02,21.16,24.5,1064.0,3,21.4,69.1,3.42,0.0182,1.82,LOW,0
83.49,13.28,48.97,35.9,2517.3,10,8.4,75.4,7.59,0.2498,24.98,LOW,0
23.3,3.9,36.11,26.88,917.5,9,22.9,59.0,4.54,0.0184,1.84,LOW,0
13.18,2.8,26.59,53.25,2292.4,4,12.3,67.6,2.34,0.0466,4.66,LOW,0
5.35,1.11,18.52,43.53,938.3,13,26.0,67.7,1.75,0.0384,3.84,LOW,0
131.06,26.03,57.07,35.08,2094.7,7,19.7,75.4,17.4,0.547,54.7,HIGH,1
3.9,0.92,26.28,23.8,2453.9,11,12.4,56.5,0.5,0.0185,1.85,LOW,0
145.81,24.88,63.39,34.47,895.2,6,20.6,75.7,18.73,0.4967,49.67,MODERATE,1
37.83,9.27,37.11,34.91,426.8,9,24.1,69.0,2.29,0.0509,5.09,LOW,0
105.28,15.59,60.87,47.27,636.4,5,25.8,75.2,13.88,0.4249,42.49,MODERATE,0
45.79,11.23,35.82,43.99,2037.7,6,18.1,79.6,4.25,0.1324,13.24,LOW,0
1.87,0.42,31.62,54.61,2755.9,7,21.4,51.1,0.5,0.0423,4.23,LOW,0
75.47,17.31,45.55,39.03,382.7,5,25.1,66.1,9.28,0.1198,11.98,LOW,0
69.49,13.69,46.15,27.07,2415.7,11,14.9,70.5,6.48,0.0882,8.82,LOW,0
20.5,4.65,30.15,46.65,1256.9,6,25.9,67.1,4.06,0.0881,8.81,LOW,0
96.21,12.77,53.76,48.5,1661.7,9,19.6,78.2,10.34,0.3936,39.36,MODERATE,0
130.65,33.48,64.28,41.59,2990.1,10,8.8,80.1,16.65,0.7188,71.88,HIGH,1
26.6,3.43,35.66,48.92,1229.3,9,22.1,66.1,1.42,0.0446,4.46,LOW,0
82.5,11.86,48.12,39.63,1622.7,11,20.8,73.1,9.57,0.1516,15.16,LOW,0
3.03,0.64,10.0,40.45,290.4,10,25.5,66.8,1.48,0.0261,2.61,LOW,0
7.42,1.77,30.06,37.83,490.7,8,27.3,57.8,2.03,0.0691,6.91,LOW,0
20.34,2.69,20.84,20.57,1012.8,15,24.2,60.4,2.67,0.0238,2.38,LOW,0
30.76,8.22,30.58,26.47,332.2,3,25.0,68.8,2.05,0.0224,2.24,LOW,0
59.29,16.35,29.65,21.19,2112.6,8,20.3,78.3,5.86,0.0631,6.31,LOW,0
155.57,33.75,77.05,43.96,1507.9,7,17.7,79.5,23.01,0.8545,85.45,CRITICAL,1
17.23,3.4,31.91,34.58,1867.0,6,18.8,64.0,5.29,0.0473,4.73,LOW,0
1.7,0.41,23.85,40.05,765.2,4,22.3,58.0,1.59,0.0199,1.99,LOW,0
56.54,9.75,47.92,55.88,1123.0,8,17.6,71.8,6.49,0.1477,14.77,LOW,0
32.46,6.46,36.75,32.43,2208.3,9,16.8,55.0,2.79,0.1407,14.07,LOW,0
7.75,2.07,27.79,37.37,3097.6,3,15.8,59.1,0.77,0.0179,1.79,LOW,0
23.9,6.52,33.67,48.29,398.7,7,25.7,60.1,4.33,0.0926,9.26,LOW,0
47.46,12.73,36.38,31.7,2876.6,7,8.4,65.1,6.17,0.0473,4.73,LOW,0
51.5,8.34,33.22,24.69,1951.8,9,17.8,52.5,4.51,0.0314,3.14,LOW,0
124.45,19.56,64.65,33.79,1913.6,10,15.4,90.8,16.6,0.609,60.9,HIGH,1
12.75,2.14,28.21,29.02,1725.8,8,21.1,46.9,3.89,0.0174,1.74,LOW,0
127.39,24.28,51.87,57.43,454.7,9,24.9,82.0,14.18,0.6491,64.91,HIGH,1
38.11,6.49,38.21,50.53,515.1,5,20.7,58.0,5.11,0.0666,6.66,LOW,0
18.36,3.3,30.35,43.86,2022.7,4,18.1,55.3,3.09,0.0676,6.76,LOW,0
118.49,25.99,66.68,53.7,1255.8,11,21.6,78.6,15.57,0.6012,60.12,HIGH,1
45.97,11.12,39.21,50.33,2955.9,6,11.0,71.0,5.63,0.1473,14.73,LOW,0
9.71,2.31,21.81,30.08,1449.4,7,17.4,55.0,4.25,0.0301,3.01,LOW,0
6.59,1.65,17.9,54.93,672.7,5,28.8,54.3,1.69,0.0415,4.15,LOW,0
26.41,3.31,38.72,40.94,2358.4,6,13.9,56.2,4.71,0.0436,4.36,LOW,0
11.99,1.53,28.04,50.5,1115.4,10,24.1,63.1,2.79,0.0715,7.15,LOW,0
34.7,8.55,30.39,55.15,1800.1,2,16.9,58.9,3.31,0.0751,7.51,LOW,0
4.39,0.9,22.63,34.69,2308.6,7,17.0,68.4,3.07,0.0356,3.56,LOW,0
37.24,7.91,41.92,26.58,2905.8,14,12.2,58.7,5.59,0.0694,6.94,LOW,0
11.66,1.5,30.62,31.67,2587.0,3,13.8,65.0,3.22,0.0166,1.66,LOW,0
0.01,0.0,30.49,37.82,2245.3,11,13.6,69.3,3.75,0.0653,6.53,LOW,0
4.75,1.06,27.56,50.99,2254.9,5,16.9,61.1,4.07,0.0487,4.87,LOW,0
94.93,24.44,47.4,53.12,3040.5,8,14.8,63.5,10.15,0.3169,31.69,MODERATE,0
70.7,18.86,53.73,17.91,1122.7,5,19.2,73.0,8.73,0.0713,7.13,LOW,0
9.31,1.86,25.65,40.11,253.3,10,24.5,59.9,1.0,0.0602,6.02,LOW,0
52.74,10.93,43.79,37.56,1052.3,10,29.6,67.7,7.69,0.1992,19.92,LOW,0
32.83,8.32,39.61,31.45,892.8,12,20.6,74.4,4.27,0.0901,9.01,LOW,0
123.8,25.51,59.7,27.09,2202.4,6,14.5,78.9,14.69,0.4988,49.88,MODERATE,1
195.16,39.56,74.08,35.29,2119.4,7,19.8,92.4,27.09,0.9664,96.64,CRITICAL,1
124.99,33.1,56.61,58.47,2000.7,11,20.5,74.8,13.79,0.6897,68.97,HIGH,1
2.3,0.57,29.03,34.85,297.9,4,20.3,58.7,3.88,0.061,6.1,LOW,0
17.66,4.69,32.61,40.34,2399.9,9,16.7,69.4,3.94,0.0375,3.75,LOW,0
116.17,18.0,64.03,46.27,1204.4,12,20.9,78.2,13.9,0.6342,63.42,HIGH,1
152.47,31.09,73.39,36.05,2211.9,11,15.5,84.6,20.69,0.805,80.5,CRITICAL,1
11.88,3.03,23.56,61.3,1891.9,10,20.5,67.8,2.63,0.0893,8.93,LOW,0
4.48,0.62,33.47,60.27,1261.1,5,20.2,70.5,1.25,0.1243,12.43,LOW,0
42.55,10.52,31.78,32.52,647.0,5,23.2,59.4,4.18,0.0442,4.42,LOW,0
36.23,5.41,38.12,39.73,528.5,9,24.3,62.5,6.04,0.0949,9.49,LOW,0
16.39,4.09,41.7,34.15,2703.0,11,12.3,71.2,4.3,0.0199,1.99,LOW,0
105.52,22.99,56.11,33.63,2959.3,10,12.6,87.8,10.94,0.4346,43.46,MODERATE,0
0.79,0.12,16.33,21.71,2166.9,10,19.4,58.5,1.01,0.0301,3.01,LOW,0
191.15,37.41,76.89,43.08,555.1,11,26.0,90.3,28.7,0.97,97.0,CRITICAL,1
243.91,55.88,98.0,39.88,1436.0,6,20.1,98.7,35.0,0.995,99.5,CRITICAL,1
192.75,42.68,77.93,22.92,2400.4,7,16.2,90.3,28.22,0.8943,89.43,CRITICAL,1
10.17,1.92,34.48,33.43,2550.5,9,15.9,63.0,3.0,0.0323,3.23,LOW,0
26.74,7.06,27.7,55.92,598.7,3,26.2,72.2,2.88,0.0425,4.25,LOW,0
60.77,12.34,40.24,32.09,250.1,10,25.0,58.3,8.15,0.1907,19.07,LOW,0
180.01,36.17,74.32,28.29,2350.8,3,16.1,83.1,26.7,0.8949,89.49,CRITICAL,1
100.28,13.03,62.83,39.51,1302.0,8,15.5,78.9,13.15,0.5801,58.01,HIGH,1
55.48,14.84,39.0,63.22,1000.7,5,26.3,65.3,4.4,0.1527,15.27,LOW,0
7.0,1.04,17.53,32.18,288.0,13,30.2,62.8,1.16,0.0266,2.66,LOW,0
162.31,33.2,82.36,45.17,1843.9,15,20.1,90.9,23.54,0.9384,93.84,CRITICAL,1
160.58,39.91,71.1,48.53,2760.9,7,15.9,93.7,22.82,0.8771,87.71,CRITICAL,1
18.01,2.78,33.32,32.02,3075.0,5,10.9,64.4,3.75,0.0279,2.79,LOW,0
53.52,10.94,31.95,47.21,1918.9,10,15.6,77.0,5.79,0.2052,20.52,LOW,0
115.19,18.26,58.54,36.17,1767.7,7,15.1,78.1,13.52,0.5419,54.19,HIGH,1
4.74,1.14,26.42,43.82,500.9,6,27.8,58.9,3.51,0.0437,4.37,LOW,0
19.1,4.02,25.52,43.86,1869.2,6,15.8,53.6,4.46,0.0243,2.43,LOW,0
22.95,5.9,34.77,40.83,1370.9,6,19.5,57.4,2.77,0.0546,5.46,LOW,0
16.52,4.35,21.09,25.49,2041.0,11,17.3,62.5,3.81,0.029,2.9,LOW,0
15.79,3.53,24.56,51.82,1396.7,9,20.2,62.5,2.84,0.1105,11.05,LOW,0
1.88,0.44,31.59,34.77,958.9,14,23.4,61.7,1.58,0.0656,6.56,LOW,0
40.49,8.42,32.71,30.08,530.1,14,20.6,77.1,5.62,0.0873,8.73,LOW,0
20.06,3.64,28.15,22.05,1179.0,9,20.9,67.5,1.81,0.0128,1.28,LOW,0
7.58,1.7,27.57,42.5,535.1,4,27.1,66.0,0.89,0.0318,3.18,LOW,0
59.26,15.72,39.73,45.36,771.8,10,22.7,79.9,5.84,0.1301,13.01,LOW,0
56.78,10.6,44.35,19.5,3162.6,8,8.5,66.4,6.3,0.0827,8.27,LOW,0
96.57,16.45,52.92,40.15,1560.1,9,21.8,71.4,9.56,0.2398,23.98,LOW,0
12.41,2.26,20.94,31.62,1819.0,10,16.9,69.2,2.96,0.0391,3.91,LOW,0
35.57,6.75,31.29,44.25,2827.2,9,12.9,68.3,3.22,0.0339,3.39,LOW,0
11.9,1.57,24.12,29.58,3186.9,12,9.9,61.5,1.21,0.0204,2.04,LOW,0
122.36,24.44,56.94,45.83,1969.0,4,17.2,78.0,15.19,0.4444,44.44,MODERATE,0
45.89,9.14,38.41,36.71,2646.8,16,17.3,65.9,4.74,0.1022,10.22,LOW,0
1.44,0.31,26.93,57.97,1214.5,3,22.8,59.6,3.13,0.0578,5.78,LOW,0
160.57,28.59,58.12,27.95,1151.9,3,18.6,84.1,19.26,0.4969,49.69,MODERATE,1
0.24,0.05,30.19,35.39,1438.0,11,19.2,58.3,1.82,0.0302,3.02,LOW,0
5.81,1.51,26.17,26.76,2233.9,3,14.7,64.2,3.37,0.0156,1.56,LOW,0
2.5,0.68,20.1,57.06,2262.5,10,16.1,64.9,2.51,0.0874,8.74,LOW,0
191.56,40.88,83.4,54.03,1180.0,8,23.8,85.3,30.74,0.979,97.9,CRITICAL,1
132.57,16.81,51.59,32.73,643.0,7,24.5,85.3,14.82,0.405,40.5,MODERATE,0
5.66,1.56,18.71,44.75,2115.6,12,16.4,53.2,2.73,0.0334,3.34,LOW,0
9.65,2.25,38.35,50.95,628.6,5,19.0,64.5,1.57,0.0462,4.62,LOW,0
96.28,16.73,52.69,41.41,1956.6,7,20.5,77.8,13.49,0.2161,21.61,LOW,0
25.7,3.69,28.51,40.65,2295.6,7,15.0,63.4,3.39,0.0933,9.33,LOW,0
15.88,2.27,29.99,32.17,2316.8,12,15.9,62.7,2.95,0.0455,4.55,LOW,0
72.33,10.62,44.35,25.65,2472.7,8,15.0,69.4,6.02,0.0795,7.95,LOW,0
17.59,2.24,30.1,55.22,2824.9,17,10.5,59.6,3.08,0.0839,8.39,LOW,0
14.28,3.77,31.44,55.42,1724.9,9,17.9,62.1,2.98,0.0502,5.02,LOW,0
8.13,1.68,26.29,43.85,2404.2,9,12.8,57.9,1.23,0.0517,5.17,LOW,0
16.61,3.85,31.42,35.33,2076.6,9,20.0,69.3,1.9,0.023,2.3,LOW,0
13.33,3.37,27.94,35.63,800.6,7,18.0,49.4,1.77,0.0303,3.03,LOW,0
39.59,9.76,31.98,47.13,325.8,5,23.8,65.1,3.98,0.0921,9.21,LOW,0
11.97,3.13,22.82,55.21,1089.4,6,21.2,50.4,2.7,0.0435,4.35,LOW,0
30.13,8.28,40.03,54.6,1556.9,8,23.2,58.1,3.95,0.0724,7.24,LOW,0
2.39,0.45,28.91,49.29,2070.5,11,18.4,56.9,2.43,0.0828,8.28,LOW,0
7.43,2.02,32.27,44.14,2757.4,7,8.7,69.2,3.11,0.0316,3.16,LOW,0
18.31,4.32,30.15,25.13,828.9,14,23.2,69.7,3.54,0.0407,4.07,LOW,0
241.06,31.65,93.62,29.04,620.4,10,26.4,96.6,35.0,0.9952,99.52,CRITICAL,1
16.58,3.8,28.75,55.3,3092.3,9,16.6,62.9,3.14,0.0628,6.28,LOW,0
187.67,43.14,83.34,42.98,568.7,9,24.0,94.4,30.44,0.9553,95.53,CRITICAL,1
100.72,26.69,51.48,18.35,1661.5,10,15.9,81.9,11.19,0.2049,20.49,LOW,0
4.76,0.85,21.41,26.12,1977.4,6,17.9,57.3,1.52,0.0227,2.27,LOW,0
2.11,0.45,28.2,44.87,1847.1,9,17.7,64.4,2.01,0.036,3.6,LOW,0
12.76,1.56,27.81,17.48,503.8,10,26.4,56.2,3.29,0.0297,2.97,LOW,0
6.01,1.04,27.93,29.0,418.2,3,27.4,58.6,2.95,0.0189,1.89,LOW,0
6.69,0.87,30.43,41.21,561.2,12,25.7,64.6,2.87,0.044,4.4,LOW,0
50.06,10.19,36.12,45.87,1977.5,8,18.4,63.6,4.78,0.0838,8.38,LOW,0
0.56,0.14,24.06,44.48,1855.8,9,21.9,58.0,1.81,0.0466,4.66,LOW,0
28.56,4.37,31.44,31.53,939.5,12,22.1,54.3,3.4,0.0808,8.08,LOW,0
16.7,3.41,36.11,46.61,2131.4,12,13.2,65.2,2.48,0.0831,8.31,LOW,0
24.72,3.77,31.99,32.01,2669.2,4,14.1,58.4,4.32,0.0233,2.33,LOW,0
28.96,4.03,33.89,34.92,372.7,5,22.7,59.4,1.93,0.0612,6.12,LOW,0
13.16,2.65,22.9,47.92,1719.5,5,15.7,70.1,4.56,0.0346,3.46,LOW,0
177.32,23.52,78.3,44.4,2283.5,8,13.4,82.5,29.07,0.9741,97.41,CRITICAL,1
46.27,9.9,40.1,52.52,994.3,12,19.4,71.5,5.39,0.162,16.2,LOW,0
186.93,23.37,73.16,44.67,1157.9,4,24.6,94.6,27.02,0.9183,91.83,CRITICAL,1
92.71,12.71,60.57,41.8,2060.2,7,16.8,79.4,12.96,0.4356,43.56,MODERATE,0
3.6,0.75,27.69,25.69,2898.9,6,13.8,59.0,1.42,0.0186,1.86,LOW,0
79.83,17.13,44.23,36.17,2639.3,9,14.8,69.4,8.92,0.22,22.0,LOW,0
15.07,1.88,29.21,32.98,1970.2,5,16.6,56.8,4.11,0.0319,3.19,LOW,0
28.05,5.94,31.01,32.25,2404.2,11,17.2,53.6,1.76,0.0281,2.81,LOW,0
15.6,3.96,37.09,61.45,1326.2,6,19.5,67.0,1.6,0.0835,8.35,LOW,0
168.56,39.71,76.86,36.89,2140.8,11,15.8,89.3,26.07,0.9375,93.75,CRITICAL,1
31.15,4.39,35.99,54.9,1625.2,3,17.3,67.5,3.75,0.0823,8.23,LOW,0
26.07,5.6,40.88,43.78,810.3,6,27.0,46.9,3.53,0.0968,9.68,LOW,0
7.94,1.81,22.03,49.94,2320.1,7,15.0,60.1,1.99,0.0538,5.38,LOW,0
21.04,2.65,34.77,39.88,1891.6,7,19.1,66.9,2.19,0.0458,4.58,LOW,0
165.94,42.62,74.2,42.06,1307.9,9,19.4,92.6,23.75,0.9181,91.81,CRITICAL,1
31.24,8.28,32.6,39.59,2938.5,8,14.0,66.5,2.51,0.0493,4.93,LOW,0
3.57,0.91,24.87,30.43,311.8,10,28.2,61.7,3.47,0.0366,3.66,LOW,0
27.79,7.0,37.4,46.99,1181.5,4,17.4,60.1,4.0,0.0715,7.15,LOW,0
42.46,10.16,41.14,33.5,417.8,5,25.7,68.6,5.25,0.0394,3.94,LOW,0
55.08,12.19,33.31,20.44,2511.3,4,14.5,66.8,5.97,0.0611,6.11,LOW,0
34.72,7.94,43.8,44.26,2321.2,4,14.5,60.8,7.53,0.1754,17.54,LOW,0
5.8,1.44,32.34,29.69,1227.5,7,24.7,53.9,1.28,0.0329,3.29,LOW,0
193.38,43.7,77.74,58.27,2243.2,6,12.6,83.3,27.22,0.9435,94.35,CRITICAL,1
165.35,28.51,67.34,59.44,1418.0,7,19.1,86.8,22.01,0.905,90.5,CRITICAL,1
0.87,0.16,30.79,56.37,2480.9,8,12.2,51.8,0.5,0.0363,3.63,LOW,0
18.57,4.89,32.68,36.24,1589.8,12,21.8,61.0,2.75,0.0492,4.92,LOW,0
120.0,14.73,62.18,19.34,1466.2,9,17.4,85.8,16.31,0.5125,51.25,HIGH,1
195.93,45.42,82.71,57.32,3007.5,2,6.9,80.8,32.7,0.9708,97.08,CRITICAL,1
138.66,37.82,69.9,37.85,990.1,6,23.6,83.5,17.88,0.8407,84.07,CRITICAL,1
138.15,32.19,67.96,60.72,605.3,10,24.3,84.0,17.96,0.6584,65.84,HIGH,1
85.55,23.87,46.28,60.39,1974.4,12,19.7,71.1,9.49,0.4051,40.51,MODERATE,0
55.95,12.87,37.7,52.71,3109.5,4,12.9,72.1,6.55,0.1512,15.12,LOW,0
89.04,11.17,51.71,33.95,1364.6,6,20.4,72.2,11.1,0.152,15.2,LOW,0
134.4,33.91,74.08,36.67,433.0,10,22.0,84.9,21.4,0.698,69.8,HIGH,1
0.38,0.06,24.36,52.62,1251.0,9,18.1,53.6,2.75,0.0738,7.38,LOW,0
34.12,6.53,36.37,34.66,1742.5,5,14.0,76.5,4.11,0.1069,10.69,LOW,0
18.64,3.17,34.69,29.37,727.7,9,23.7,71.4,4.23,0.0916,9.16,LOW,0
68.78,11.21,42.16,41.45,2191.4,8,14.3,56.9,7.29,0.1352,13.52,LOW,0
10.15,1.92,31.83,57.92,3193.4,10,10.0,68.6,2.86,0.1422,14.22,LOW,0
138.77,25.06,63.93,46.02,1582.6,3,19.7,77.4,17.47,0.6764,67.64,HIGH,1
33.29,7.37,40.57,41.85,1296.4,7,25.6,73.6,4.59,0.1093,10.93,LOW,0
55.22,13.81,35.74,25.88,1432.1,7,21.6,74.3,3.92,0.0584,5.84,LOW,0
3.13,0.52,37.45,43.26,589.7,7,24.9,53.9,3.25,0.03,3.0,LOW,0
7.09,1.09,25.42,64.02,2855.7,14,8.4,64.5,1.32,0.1847,18.47,LOW,0
49.72,11.27,41.53,28.07,1473.7,7,20.0,63.3,4.83,0.1296,12.96,LOW,0
73.93,16.8,45.72,40.33,1392.5,7,22.5,74.3,5.76,0.1468,14.68,LOW,0
59.42,15.7,36.24,54.04,2196.1,8,16.9,69.2,5.05,0.224,22.4,LOW,0
0.49,0.06,29.3,47.7,1554.0,5,16.8,55.7,1.07,0.0367,3.67,LOW,0
204.92,52.56,81.06,46.05,2162.3,7,15.2,82.7,32.11,0.9917,99.17,CRITICAL,1
15.9,3.23,32.08,46.25,431.3,12,25.8,63.8,1.62,0.0402,4.02,LOW,0
33.09,7.26,30.24,35.93,2650.5,4,12.4,67.7,3.36,0.0403,4.03,LOW,0
105.94,14.26,53.36,33.92,3024.5,4,9.8,74.9,11.5,0.1861,18.61,LOW,0
14.67,2.78,27.64,50.59,2163.9,10,10.7,57.6,0.97,0.0348,3.48,LOW,0
167.58,26.2,74.68,50.62,3066.0,5,9.2,82.2,24.76,0.9149,91.49,CRITICAL,1
2.53,0.41,27.25,53.46,696.7,5,24.8,53.8,1.9,0.0391,3.91,LOW,0
31.12,6.24,32.83,56.25,1658.4,9,21.1,69.1,3.88,0.0757,7.57,LOW,0
25.74,6.43,30.36,40.13,2025.3,10,17.1,50.9,4.24,0.0806,8.06,LOW,0
47.45,11.34,39.86,39.85,1966.1,8,19.8,72.8,5.41,0.1549,15.49,LOW,0
24.95,5.35,32.97,50.09,1434.3,9,19.9,63.3,3.15,0.0968,9.68,LOW,0
19.21,3.96,31.02,44.41,1247.3,8,18.9,66.0,4.0,0.0289,2.89,LOW,0
17.77,3.35,39.82,46.23,624.1,5,23.4,66.4,2.95,0.0665,6.65,LOW,0
0.94,0.26,28.02,49.98,1405.6,6,21.5,60.8,1.54,0.0513,5.13,LOW,0
14.31,3.0,38.63,54.78,729.8,18,23.3,59.8,3.66,0.1056,10.56,LOW,0
130.57,20.97,61.21,35.3,2416.4,9,13.1,86.2,15.61,0.6447,64.47,HIGH,1
72.38,11.35,45.02,36.4,866.1,7,19.3,60.6,9.03,0.1257,12.57,LOW,0
13.98,3.05,26.39,25.7,422.8,6,23.4,69.9,2.82,0.0185,1.85,LOW,0
31.02,6.32,35.19,42.11,1879.5,10,16.7,57.9,5.53,0.0504,5.04,LOW,0
65.77,7.97,41.79,21.62,2005.9,11,15.5,67.9,6.89,0.1358,13.58,LOW,0
20.37,5.15,28.36,38.85,2822.1,4,10.0,71.6,3.99,0.0649,6.49,LOW,0
0.63,0.15,15.68,41.03,1952.1,8,21.2,73.5,0.5,0.0326,3.26,LOW,0
105.91,23.92,61.98,33.69,1269.2,14,22.5,77.0,15.1,0.6137,61.37,HIGH,1
161.72,21.19,68.36,42.49,2618.9,9,19.1,76.1,22.59,0.9254,92.54,CRITICAL,1
122.08,21.72,66.56,21.1,1843.8,6,13.8,83.4,15.98,0.4655,46.55,MODERATE,0
41.36,11.15,36.1,21.75,483.9,4,26.1,66.0,5.55,0.0369,3.69,LOW,0
2.57,0.66,28.94,51.21,1919.3,8,16.4,54.0,0.87,0.0611,6.11,LOW,0
7.35,1.22,27.43,35.95,2928.7,6,11.9,62.4,1.87,0.0221,2.21,LOW,0
51.64,7.49,41.53,27.45,1419.1,8,24.8,59.9,5.01,0.0859,8.59,LOW,0
64.46,12.37,38.0,40.44,1124.2,3,17.5,70.8,7.33,0.1099,10.99,LOW,0
33.65,5.95,40.33,48.88,673.2,3,22.9,59.5,5.69,0.0463,4.63,LOW,0
36.19,8.29,33.3,31.22,696.8,5,22.3,53.6,3.72,0.0249,2.49,LOW,0
171.67,47.15,77.7,43.51,1526.7,10,18.2,75.8,24.74,0.9074,90.74,CRITICAL,1
61.72,10.99,34.98,25.2,2007.3,5,11.7,65.6,4.91,0.0739,7.39,LOW,0
54.34,7.06,36.44,22.94,487.8,6,28.5,71.2,5.66,0.0503,5.03,LOW,0
10.49,2.77,29.8,40.7,3021.7,13,14.7,69.1,2.59,0.0596,5.96,LOW,0
43.17,5.44,36.27,40.97,2477.6,4,15.8,75.0,4.48,0.1154,11.54,LOW,0
8.47,2.31,29.65,43.99,1980.5,8,13.8,52.2,1.62,0.0521,5.21,LOW,0
1.44,0.33,26.44,47.13,2693.9,11,13.9,58.9,3.7,0.0448,4.48,LOW,0
7.86,2.13,36.34,61.8,486.6,13,27.5,57.5,1.89,0.0774,7.74,LOW,0
6.89,1.05,29.63,40.27,1656.7,12,19.9,60.4,1.53,0.0562,5.62,LOW,0
14.42,1.82,26.88,34.84,2108.8,14,16.3,70.6,3.85,0.0385,3.85,LOW,0
18.97,3.76,28.35,49.95,2694.5,8,16.7,63.8,2.69,0.1023,10.23,LOW,0
24.86,4.78,37.98,33.17,2561.2,6,12.1,68.9,4.21,0.0504,5.04,LOW,0
22.67,3.92,23.71,38.13,1067.4,9,21.7,76.7,2.09,0.0511,5.11,LOW,0
11.05,3.02,30.89,24.78,3025.6,8,12.9,52.3,3.12,0.0183,1.83,LOW,0
1.04,0.26,19.71,20.56,616.8,9,25.4,57.3,2.77,0.0258,2.58,LOW,0
32.52,7.34,39.65,60.29,2831.6,3,13.8,68.3,3.2,0.1457,14.57,LOW,0
17.63,2.58,27.78,51.85,3114.3,10,12.2,64.2,2.35,0.0703,7.03,LOW,0
12.42,2.95,31.11,46.01,772.6,4,25.1,68.2,1.79,0.0615,6.15,LOW,0
70.59,16.68,44.95,37.33,2380.1,7,14.0,68.3,7.18,0.1271,12.71,LOW,0
48.07,9.04,31.53,29.53,368.8,8,24.2,68.4,6.33,0.0625,6.25,LOW,0
146.46,39.25,69.21,28.81,1446.0,2,20.4,77.4,20.5,0.8086,80.86,CRITICAL,1
23.91,3.51,28.09,32.47,1773.0,5,22.0,70.0,5.16,0.032,3.2,LOW,0
4.91,0.8,30.38,41.23,1962.9,11,17.1,61.0,3.75,0.0636,6.36,LOW,0
41.7,5.43,31.67,46.7,3011.0,7,12.9,74.7,5.51,0.0803,8.03,LOW,0
136.11,33.66,64.32,44.76,2233.1,6,16.0,88.9,19.21,0.7452,74.52,HIGH,1
20.37,4.47,30.9,33.47,1669.8,5,23.9,55.4,4.29,0.0448,4.48,LOW,0
2.35,0.4,22.65,59.53,2638.5,7,13.1,69.7,3.8,0.0475,4.75,LOW,0
61.07,8.93,49.0,47.59,3054.1,10,12.7,74.7,7.93,0.1732,17.32,LOW,0
4.71,0.6,26.49,41.38,315.1,14,24.5,59.8,2.91,0.0703,7.03,LOW,0
233.42,34.24,88.25,43.15,3148.4,10,7.9,99.0,35.0,0.9954,99.54,CRITICAL,1
69.89,13.46,46.06,37.62,504.1,9,25.2,67.4,7.36,0.2397,23.97,LOW,0
21.86,3.49,23.84,32.38,2652.4,8,16.4,71.4,3.78,0.0433,4.33,LOW,0
47.74,7.71,50.63,35.83,1077.0,8,23.7,67.8,7.61,0.212,21.2,LOW,0
33.81,8.79,29.04,48.38,639.9,10,19.3,70.4,3.17,0.1151,11.51,LOW,0
56.87,11.51,43.68,19.19,1547.6,8,21.3,64.7,5.61,0.1338,13.38,LOW,0
19.79,4.68,30.85,26.9,2149.7,6,12.3,64.7,2.55,0.0559,5.59,LOW,0
53.93,6.78,46.0,22.49,1373.8,11,22.5,73.4,7.82,0.0757,7.57,LOW,0
172.64,30.8,74.23,22.05,411.0,14,27.1,87.7,24.83,0.942,94.2,CRITICAL,1
99.04,19.48,49.54,52.84,2018.4,8,16.5,78.2,9.73,0.5125,51.25,HIGH,1
23.32,3.49,22.24,46.29,2912.1,10,13.8,58.9,1.89,0.0839,8.39,LOW,0
21.74,3.03,22.19,39.09,1380.5,10,19.7,65.1,1.96,0.0759,7.59,LOW,0
53.81,13.95,38.88,25.92,888.2,10,23.5,63.5,5.05,0.0676,6.76,LOW,0
60.33,16.31,48.74,39.57,1555.6,13,15.8,68.9,5.89,0.205,20.5,LOW,0
28.3,3.75,24.56,39.07,392.7,9,25.2,61.3,3.86,0.0459,4.59,LOW,0
6.94,1.22,36.19,29.53,2670.4,10,15.6,59.8,2.26,0.0861,8.61,LOW,0
22.07,6.03,36.62,38.0,2687.7,9,9.9,52.8,3.99,0.0411,4.11,LOW,0
120.55,16.07,52.01,37.04,1984.6,4,19.1,78.2,10.99,0.2707,27.07,MODERATE,0
48.94,10.91,33.28,43.29,1291.7,8,15.8,66.7,6.0,0.0737,7.37,LOW,0
58.34,16.08,36.41,43.91,2609.4,4,10.7,59.7,5.74,0.095,9.5,LOW,0
1.17,0.32,26.82,22.43,1886.3,10,16.8,62.2,2.56,0.0243,2.43,LOW,0
145.16,28.36,65.36,36.37,2686.5,5,13.6,86.7,20.6,0.7811,78.11,CRITICAL,1
36.41,5.32,34.73,43.61,2112.8,4,14.9,67.4,4.64,0.0654,6.54,LOW,0
62.03,9.45,39.84,39.89,2564.0,10,12.4,74.0,8.56,0.1294,12.94,LOW,0
1.77,0.46,26.39,52.89,2015.8,12,19.7,57.1,0.5,0.0779,7.79,LOW,0
66.97,17.81,47.94,44.7,1471.7,6,22.9,68.8,7.46,0.2491,24.91,LOW,0
27.82,6.04,32.15,29.09,3075.9,8,10.0,64.6,1.81,0.0425,4.25,LOW,0
7.69,1.87,23.84,24.27,1846.3,6,16.9,62.0,2.64,0.0296,2.96,LOW,0
13.36,3.18,33.7,44.16,2035.0,12,16.1,47.9,2.89,0.0655,6.55,LOW,0
11.59,2.62,27.14,20.68,900.4,4,28.6,56.2,1.47,0.0157,1.57,LOW,0
26.49,6.69,35.18,42.34,2095.7,12,16.5,70.0,5.85,0.1133,11.33,LOW,0
136.83,31.42,62.81,58.25,1936.2,4,21.3,75.8,17.11,0.7686,76.86,CRITICAL,1
6.04,1.24,32.12,42.02,795.3,13,25.5,59.4,0.5,0.0809,8.09,LOW,0
58.63,9.26,47.58,36.75,425.8,4,25.4,68.5,7.7,0.1809,18.09,LOW,0
4.98,1.19,32.39,44.18,2032.9,12,15.2,52.7,2.99,0.056,5.6,LOW,0
9.3,1.82,24.85,38.65,2502.9,3,16.2,70.9,1.94,0.0372,3.72,LOW,0
172.04,28.76,70.36,41.12,1794.0,8,16.2,85.6,24.58,0.9362,93.62,CRITICAL,1
25.48,6.33,36.5,58.35,919.0,10,22.0,58.7,2.72,0.1272,12.72,LOW,0
50.48,11.68,38.81,36.69,2216.2,10,17.5,71.5,5.11,0.1215,12.15,LOW,0
20.75,5.6,30.64,60.14,486.3,11,24.7,61.3,3.54,0.114,11.4,LOW,0
54.6,8.0,36.81,55.73,1553.4,6,18.5,68.5,6.54,0.165,16.5,LOW,0
33.71,7.55,41.49,30.45,731.9,7,23.2,73.5,4.29,0.0681,6.81,LOW,0
4.2,0.67,31.38,24.2,794.2,8,21.9,57.4,1.75,0.019,1.9,LOW,0
166.87,44.15,71.13,26.08,846.8,6,24.5,91.9,23.32,0.7012,70.12,HIGH,1
20.11,2.73,27.4,19.71,1390.8,6,20.4,61.0,0.95,0.0208,2.08,LOW,0
17.7,3.98,26.51,25.73,400.9,11,22.4,63.1,2.56,0.0322,3.22,LOW,0
47.63,11.74,39.0,45.55,1423.5,9,19.0,69.0,3.36,0.1956,19.56,LOW,0
30.42,5.38,35.45,24.32,1759.5,9,17.4,62.5,3.1,0.0459,4.59,LOW,0
17.19,4.69,25.5,34.72,1675.7,5,17.8,56.5,1.37,0.0362,3.62,LOW,0
157.97,40.46,63.01,52.29,1379.2,6,21.9,86.4,20.44,0.8313,83.13,CRITICAL,1
9.0,1.5,27.92,20.33,2725.5,7,11.3,68.1,1.72,0.0171,1.71,LOW,0
29.99,3.63,37.72,50.82,678.7,11,31.0,68.3,5.27,0.0852,8.52,LOW,0
19.27,3.23,30.77,33.54,1741.8,6,21.9,66.5,1.22,0.021,2.1,LOW,0
25.32,4.18,30.84,27.0,433.0,6,29.1,61.1,3.16,0.0421,4.21,LOW,0
6.55,1.72,21.18,46.04,459.9,12,22.9,65.1,2.33,0.0637,6.37,LOW,0
38.06,10.46,32.49,43.71,1942.9,3,12.2,67.9,4.72,0.105,10.5,LOW,0
67.0,8.79,48.15,54.04,1919.8,7,16.6,75.2,9.96,0.296,29.6,MODERATE,0
10.44,2.04,21.66,47.48,2840.2,7,13.1,62.2,0.5,0.0479,4.79,LOW,0
23.67,4.92,40.49,50.32,1895.7,8,17.2,67.1,2.97,0.041,4.1,LOW,0
129.86,17.51,61.79,33.54,3081.4,7,9.7,76.6,18.44,0.7475,74.75,HIGH,1
14.19,2.56,21.04,29.71,393.6,7,21.5,66.3,1.62,0.0275,2.75,LOW,0
31.64,5.4,36.38,48.09,539.1,5,23.4,57.2,4.51,0.0323,3.23,LOW,0
3.31,0.68,28.18,50.47,380.0,8,25.3,58.5,1.23,0.056,5.6,LOW,0
32.6,7.36,31.94,64.11,796.6,8,22.4,60.7,2.48,0.0878,8.78,LOW,0
3.29,0.76,30.62,37.43,1846.7,8,16.6,81.5,1.37,0.0283,2.83,LOW,0
112.0,15.89,53.26,36.3,2154.4,7,14.2,80.7,14.71,0.4355,43.55,MODERATE,0
44.02,11.01,40.48,49.15,384.5,6,30.0,60.1,4.04,0.082,8.2,LOW,0
54.32,12.42,40.03,35.38,3040.6,9,13.0,59.9,5.62,0.1394,13.94,LOW,0
42.62,11.18,35.52,57.51,2734.4,6,15.4,55.9,4.47,0.1099,10.99,LOW,0
31.18,5.98,40.45,53.0,1125.0,8,22.5,57.8,5.19,0.1221,12.21,LOW,0
20.92,5.5,35.77,37.87,477.7,11,22.0,58.0,4.48,0.076,7.6,LOW,0
68.41,17.69,38.62,48.1,751.2,7,25.7,64.4,6.86,0.1812,18.12,LOW,0
110.0,20.92,57.7,48.24,624.5,10,27.9,73.7,10.23,0.5495,54.95,HIGH,1
24.19,4.38,41.24,26.21,613.7,12,28.4,68.6,2.91,0.0561,5.61,LOW,0
93.85,25.27,58.12,55.55,1779.8,8,19.8,72.9,10.62,0.6155,61.55,HIGH,1
30.64,7.18,29.03,39.95,975.2,12,22.6,68.9,4.76,0.104,10.4,LOW,0
27.06,7.26,40.56,51.39,1306.5,12,20.8,57.7,3.05,0.0869,8.69,LOW,0
21.21,5.25,35.59,34.75,3169.0,11,11.9,60.9,5.04,0.0377,3.77,LOW,0
110.7,24.08,50.75,55.11,2268.7,9,11.4,71.0,12.52,0.4609,46.09,MODERATE,0
179.74,24.9,76.36,36.78,3049.5,8,12.8,89.6,27.84,0.9447,94.47,CRITICAL,1
9.67,1.61,30.1,18.63,670.5,6,23.1,60.4,4.78,0.0139,1.39,LOW,0
24.95,6.86,26.6,55.73,1377.3,3,25.9,74.4,2.25,0.0497,4.97,LOW,0
16.73,2.86,33.21,25.55,1886.5,3,16.9,58.5,1.38,0.013,1.3,LOW,0
20.83,2.81,42.98,34.73,476.4,6,25.9,56.9,3.8,0.0664,6.64,LOW,0
138.07,32.2,70.49,59.09,262.4,2,26.9,82.5,20.47,0.8464,84.64,CRITICAL,1
15.09,3.58,30.04,59.14,2227.8,3,14.0,61.2,2.15,0.0834,8.34,LOW,0
21.06,3.49,29.49,41.96,2143.4,14,17.4,66.2,3.15,0.0631,6.31,LOW,0
117.16,19.64,59.45,43.81,1461.8,7,20.8,77.2,15.75,0.3769,37.69,MODERATE,0
64.66,12.61,38.23,38.39,1694.5,9,21.2,68.9,7.57,0.1007,10.07,LOW,0
155.79,19.24,66.23,33.91,1475.6,7,21.7,79.4,19.99,0.6604,66.04,HIGH,1
29.59,7.29,23.48,35.02,320.8,6,26.7,62.8,3.52,0.0237,2.37,LOW,0
50.05,8.55,41.19,45.18,1239.3,11,19.1,58.3,4.78,0.1949,19.49,LOW,0
5.68,1.46,24.9,48.16,772.4,4,21.8,68.0,0.8,0.035,3.5,LOW,0
29.69,7.38,36.4,49.8,540.4,8,29.2,72.1,5.3,0.1047,10.47,LOW,0
10.24,2.31,28.47,49.71,3072.3,5,11.3,67.2,0.5,0.0702,7.02,LOW,0
9.06,1.56,22.48,25.54,2018.1,12,22.1,58.6,2.56,0.0205,2.05,LOW,0
0.41,0.08,26.12,39.65,2399.5,9,12.8,56.3,1.65,0.0466,4.66,LOW,0
4.89,0.93,22.8,23.38,1180.3,1,27.0,63.7,2.75,0.0084,0.84,LOW,0
12.95,2.26,36.9,41.24,1409.8,6,17.9,56.2,2.18,0.0484,4.84,LOW,0
4.35,1.11,22.0,38.2,948.9,12,21.7,67.5,3.31,0.0681,6.81,LOW,0
149.05,29.42,64.38,54.64,536.0,8,26.2,68.1,19.05,0.7634,76.34,CRITICAL,1
12.92,3.27,23.55,35.68,778.1,10,26.2,59.2,4.0,0.056,5.6,LOW,0
4.89,0.67,20.87,26.95,2602.7,9,15.4,54.3,2.4,0.0267,2.67,LOW,0
7.77,1.11,27.33,28.2,2248.8,12,10.8,68.6,1.33,0.0291,2.91,LOW,0
106.34,29.39,48.55,48.53,1863.4,12,16.3,82.4,11.84,0.3841,38.41,MODERATE,0
2.32,0.5,24.71,43.36,1651.5,10,16.1,63.7,2.52,0.0511,5.11,LOW,0
69.43,13.99,46.59,26.1,2971.2,5,8.2,81.9,7.72,0.1251,12.51,LOW,0
114.0,23.22,54.8,25.13,464.6,7,25.4,77.2,12.5,0.301,30.1,MODERATE,0
9.92,1.53,16.76,46.19,1077.8,11,16.8,65.3,3.16,0.0379,3.79,LOW,0
20.93,4.92,37.53,24.42,1282.3,7,23.4,53.6,2.45,0.0416,4.16,LOW,0
0.78,0.1,26.55,51.17,2558.2,11,15.8,58.2,1.18,0.0926,9.26,LOW,0
35.83,7.59,36.42,46.39,3177.9,7,14.6,66.0,4.88,0.1196,11.96,LOW,0
18.7,3.95,29.08,24.96,960.0,7,20.1,57.3,2.77,0.0505,5.05,LOW,0
11.02,2.93,32.14,25.17,2829.2,7,10.0,63.2,0.67,0.0195,1.95,LOW,0
8.11,1.66,31.96,63.39,2700.3,8,15.8,49.4,1.5,0.046,4.6,LOW,0
37.15,5.27,40.59,36.36,912.7,10,25.8,68.6,5.12,0.0955,9.55,LOW,0
18.84,3.99,31.62,36.26,1428.0,2,23.5,60.2,2.8,0.0261,2.61,LOW,0
81.5,10.97,40.94,50.75,1458.5,7,22.9,67.5,7.91,0.3196,31.96,MODERATE,0
134.68,20.55,64.73,58.84,3135.8,9,11.3,84.7,17.95,0.7483,74.83,HIGH,1
29.14,3.64,34.5,63.28,783.6,6,22.5,73.2,4.27,0.0804,8.04,LOW,0
68.48,13.84,41.43,48.2,2607.5,9,15.5,75.6,7.22,0.2086,20.86,LOW,0
4.37,0.58,22.22,36.42,1235.9,5,20.1,55.8,0.5,0.0266,2.66,LOW,0
53.91,10.52,42.81,25.09,2406.1,7,15.0,72.1,6.1,0.0931,9.31,LOW,0
39.18,10.55,35.59,49.18,1489.0,5,18.9,64.3,3.99,0.0803,8.03,LOW,0
4.28,1.01,24.25,41.5,1956.2,7,17.9,67.4,2.22,0.0178,1.78,LOW,0
107.95,14.29,63.59,37.74,2706.2,8,16.2,77.5,15.42,0.7917,79.17,CRITICAL,1
20.39,3.18,34.07,55.8,2622.3,11,12.7,54.2,2.18,0.0953,9.53,LOW,0
101.51,23.12,55.59,26.64,2805.9,8,11.3,73.8,12.23,0.5612,56.12,HIGH,1
147.97,38.94,72.52,39.6,425.9,8,25.4,77.2,21.79,0.8122,81.22,CRITICAL,1
36.03,4.51,36.74,18.72,2291.5,4,12.4,60.7,4.07,0.0202,2.02,LOW,0
16.84,4.21,26.2,38.93,663.0,9,26.0,60.6,1.49,0.0383,3.83,LOW,0
109.98,23.08,53.85,23.28,1476.7,6,20.2,78.1,11.46,0.3688,36.88,MODERATE,0
14.02,2.91,32.58,27.03,1868.3,9,17.6,67.6,2.79,0.0432,4.32,LOW,0
114.63,31.32,60.22,26.97,1438.1,10,20.9,74.0,13.8,0.4597,45.97,MODERATE,0
81.11,19.44,49.94,44.38,1782.9,6,14.5,79.4,7.36,0.2301,23.01,LOW,0
11.03,2.82,22.4,47.91,3189.8,4,14.0,51.4,1.65,0.039,3.9,LOW,0
56.96,10.06,45.01,42.26,648.9,8,23.1,63.5,5.31,0.1241,12.41,LOW,0
189.95,39.64,77.86,60.24,2242.6,4,14.7,99.0,29.37,0.9837,98.37,CRITICAL,1
10.19,2.23,30.85,36.38,1418.2,14,22.4,54.7,1.08,0.0707,7.07,LOW,0
20.09,3.44,26.48,33.66,642.4,6,26.0,70.5,4.38,0.0256,2.56,LOW,0
94.58,19.98,61.31,53.55,718.3,7,29.0,74.0,14.6,0.3554,35.54,MODERATE,0
12.23,1.93,29.66,31.51,3050.4,3,8.8,61.4,1.91,0.015,1.5,LOW,0
0.54,0.08,23.06,60.35,2844.8,7,10.0,65.7,1.41,0.0541,5.41,LOW,0
8.7,1.56,30.67,18.85,2925.8,10,8.9,66.1,3.42,0.0293,2.93,LOW,0
11.59,2.76,32.54,61.08,3175.0,9,10.9,69.7,3.76,0.0939,9.39,LOW,0
20.52,5.47,33.92,22.25,864.5,7,22.6,61.6,2.76,0.0366,3.66,LOW,0
6.57,1.27,21.87,54.84,1298.5,8,19.1,61.8,1.82,0.0576,5.76,LOW,0
72.3,16.11,50.96,40.6,2224.2,7,15.6,69.3,8.2,0.3102,31.02,MODERATE,0
42.72,5.83,35.24,64.66,1677.2,3,16.2,59.7,3.86,0.1381,13.81,LOW,0
3.12,0.83,25.79,24.48,1484.2,3,23.7,61.5,3.06,0.0178,1.78,LOW,0
36.75,7.75,24.25,41.37,1305.5,12,19.1,64.5,3.76,0.0446,4.46,LOW,0
37.11,9.09,33.07,61.01,2001.7,4,15.6,54.3,3.48,0.1088,10.88,LOW,0
193.9,47.91,76.94,40.46,1948.0,10,11.3,95.7,28.92,0.9732,97.32,CRITICAL,1
0.11,0.02,27.28,43.73,726.3,3,19.9,60.9,1.63,0.0233,2.33,LOW,0
9.97,2.04,25.17,46.01,1641.6,9,17.5,57.3,4.96,0.0347,3.47,LOW,0
91.99,25.17,42.65,38.55,1882.7,12,16.9,75.8,8.81,0.3813,38.13,MODERATE,0
165.31,22.21,72.5,43.67,1932.3,7,19.2,81.7,24.31,0.8537,85.37,CRITICAL,1
44.63,10.23,36.24,42.29,869.8,7,19.5,67.9,5.35,0.0933,9.33,LOW,0
50.8,13.92,35.58,55.46,2439.7,7,15.7,75.9,5.1,0.1464,14.64,LOW,0
3.36,0.56,26.38,22.44,324.3,17,27.8,62.9,2.6,0.045,4.5,LOW,0
92.83,23.93,42.09,33.51,1296.8,6,22.6,71.0,9.24,0.1374,13.74,LOW,0
9.22,2.48,30.68,59.12,2551.6,6,16.6,55.2,5.0,0.068,6.8,LOW,0
7.0,1.68,26.05,54.79,1913.5,11,14.6,56.8,2.23,0.0494,4.94,LOW,0
58.18,9.14,39.95,38.58,1020.4,6,23.7,73.6,3.58,0.0999,9.99,LOW,0
5.08,0.88,31.19,43.42,2300.1,8,19.8,60.4,4.47,0.0587,5.87,LOW,0
22.13,2.78,28.52,33.39,1923.8,10,20.9,66.7,2.63,0.0636,6.36,LOW,0
189.78,48.02,79.43,30.14,2598.9,11,18.4,86.8,29.22,0.9748,97.48,CRITICAL,1
135.82,34.76,62.38,38.8,2418.3,7,15.3,74.8,16.71,0.6213,62.13,HIGH,1
133.57,29.55,78.48,35.75,2049.8,10,15.2,83.6,20.27,0.7746,77.46,CRITICAL,1
180.78,31.89,78.06,42.27,1690.1,7,12.4,82.3,26.28,0.9647,96.47,CRITICAL,1
28.39,3.76,27.24,24.73,642.9,4,21.4,61.8,1.39,0.0314,3.14,LOW,0
6.53,1.57,35.59,61.62,1020.9,9,21.1,53.6,1.7,0.1316,13.16,LOW,0
13.3,3.14,33.94,63.32,1486.3,11,19.0,56.4,3.33,0.2106,21.06,LOW,0
19.34,5.14,30.64,46.09,2017.9,9,14.9,68.3,1.42,0.0449,4.49,LOW,0
188.72,44.7,75.65,40.84,1765.4,9,19.1,94.6,28.2,0.9691,96.91,CRITICAL,1
11.53,2.91,21.6,34.42,1100.1,4,22.4,68.3,4.77,0.0226,2.26,LOW,0
125.43,30.02,62.27,50.79,269.1,2,26.6,85.4,16.35,0.7514,75.14,CRITICAL,1
5.83,1.29,23.26,45.61,1713.9,9,20.5,58.7,0.85,0.0281,2.81,LOW,0
46.26,8.71,33.55,29.08,1092.6,12,20.8,70.9,5.2,0.1077,10.77,LOW,0
0.01,0.0,28.88,56.1,2417.1,9,17.4,66.3,2.96,0.0564,5.64,LOW,0
31.74,7.11,41.61,51.2,320.6,6,23.2,59.5,5.68,0.116,11.6,LOW,0
86.67,15.92,46.89,59.07,1975.2,8,16.4,74.2,9.5,0.4999,49.99,MODERATE,1
11.89,1.58,32.36,47.12,3027.3,9,12.1,61.0,3.3,0.0478,4.78,LOW,0
7.18,1.2,28.07,43.21,764.5,7,19.0,49.8,3.21,0.023,2.3,LOW,0
36.91,7.64,37.13,37.58,1641.4,14,17.7,67.5,5.07,0.09,9.0,LOW,0
43.64,7.16,33.13,57.66,519.7,6,26.9,62.3,4.92,0.1022,10.22,LOW,0
40.77,6.34,35.35,53.41,2095.8,15,15.4,72.4,3.96,0.1078,10.78,LOW,0
13.46,2.75,23.29,22.42,1874.1,10,13.1,57.4,3.52,0.0123,1.23,LOW,0
10.17,1.5,21.74,20.67,1451.7,10,17.8,63.5,1.86,0.0384,3.84,LOW,0
109.26,27.1,58.18,36.42,1788.1,9,14.8,77.1,16.05,0.6109,61.09,HIGH,1
89.87,17.75,47.54,50.64,2894.9,7,13.3,63.1,9.05,0.2592,25.92,MODERATE,0
21.39,4.53,26.41,63.5,829.1,11,23.7,61.3,3.82,0.1018,10.18,LOW,0
65.52,9.41,37.3,28.54,316.6,7,22.4,72.0,5.12,0.1157,11.57,LOW,0
186.14,32.0,69.55,42.6,2791.9,12,8.5,94.1,24.83,0.9639,96.39,CRITICAL,1
19.33,3.59,20.63,36.55,1952.5,13,15.4,63.0,2.13,0.0977,9.77,LOW,0
5.97,1.49,27.23,61.08,2877.4,3,12.3,66.3,0.93,0.0688,6.88,LOW,0
19.45,4.73,17.31,52.16,2011.0,7,15.3,66.1,2.03,0.0391,3.91,LOW,0
192.09,29.9,81.14,51.97,2640.0,10,14.4,92.2,30.42,0.9857,98.57,CRITICAL,1
0.8,0.17,27.54,38.93,1517.5,7,20.4,63.8,1.79,0.026,2.6,LOW,0
101.68,16.16,52.97,37.49,2462.1,7,15.8,73.6,12.89,0.3326,33.26,MODERATE,0
145.0,40.33,65.97,33.26,2943.5,16,8.3,75.8,18.29,0.8589,85.89,CRITICAL,1
39.89,10.86,34.74,23.29,1937.8,8,16.7,75.4,5.19,0.0347,3.47,LOW,0
35.29,7.42,36.01,53.33,783.3,9,26.4,69.9,3.69,0.1096,10.96,LOW,0
84.11,19.5,49.62,50.75,1043.0,9,20.6,72.2,10.64,0.2392,23.92,LOW,0
0.64,0.16,31.69,67.33,836.0,13,21.4,63.8,2.82,0.0815,8.15,LOW,0
97.67,22.99,60.01,65.69,978.2,8,21.4,77.0,13.56,0.5474,54.74,HIGH,1
54.18,12.57,47.68,41.41,1153.9,4,20.4,63.0,6.49,0.1873,18.73,LOW,0
180.7,49.4,71.61,48.83,1887.6,7,17.9,85.1,26.62,0.9434,94.34,CRITICAL,1
13.7,2.95,32.62,58.63,1984.6,9,15.6,70.0,1.14,0.2123,21.23,LOW,0
5.13,1.14,28.97,52.54,1508.2,8,14.7,60.7,2.71,0.0846,8.46,LOW,0
76.49,19.57,43.17,32.36,2065.5,6,19.6,73.7,8.08,0.1893,18.93,LOW,0
22.27,5.06,26.8,38.44,490.6,3,26.6,70.9,3.91,0.0242,2.42,LOW,0
142.04,33.7,62.89,27.55,509.0,9,25.6,81.3,18.0,0.6326,63.26,HIGH,1
157.66,24.83,63.84,59.45,756.9,6,23.6,78.1,19.13,0.8105,81.05,CRITICAL,1
39.25,7.04,29.04,42.98,1778.3,6,17.4,66.6,2.96,0.0575,5.75,LOW,0
57.08,8.2,43.47,31.69,881.3,8,21.2,65.2,6.45,0.082,8.2,LOW,0
37.67,7.57,35.71,45.15,1085.7,2,17.3,57.3,4.16,0.0582,5.82,LOW,0
17.77,3.43,30.11,43.36,1430.9,7,24.2,67.5,3.82,0.0718,7.18,LOW,0
114.97,32.14,61.83,35.89,2645.0,3,13.5,75.7,15.75,0.4017,40.17,MODERATE,0
56.87,12.39,39.94,26.77,290.9,8,22.4,50.6,6.14,0.099,9.9,LOW,0
16.37,4.03,33.74,45.15,2165.7,5,13.5,64.0,3.02,0.0282,2.82,LOW,0
17.19,2.98,26.12,40.38,2223.2,7,16.5,64.2,3.87,0.0526,5.26,LOW,0
3.52,0.89,22.26,48.97,2606.0,9,14.4,72.2,1.9,0.0447,4.47,LOW,0
86.11,18.81,49.18,40.38,3001.6,9,9.6,72.9,9.42,0.2861,28.61,MODERATE,0
92.55,21.43,61.52,52.67,309.4,12,23.6,80.3,10.93,0.6196,61.96,HIGH,1
36.57,6.11,41.67,41.31,703.7,8,22.7,69.4,5.62,0.0517,5.17,LOW,0
18.66,3.88,35.71,41.58,2864.2,5,7.4,59.3,3.11,0.08,8.0,LOW,0
18.21,4.03,23.24,54.0,1602.6,11,18.0,64.8,3.9,0.0777,7.77,LOW,0
39.83,8.53,36.88,37.18,1915.5,7,16.3,65.0,3.44,0.1282,12.82,LOW,0
2.43,0.65,29.79,27.78,2205.9,5,19.7,56.2,1.64,0.022,2.2,LOW,0
31.52,8.31,44.25,20.92,2253.2,10,14.5,61.6,5.46,0.0839,8.39,LOW,0
51.75,14.25,31.07,48.27,2998.6,6,12.1,63.8,5.22,0.1038,10.38,LOW,0
61.65,13.98,45.92,43.43,3191.0,3,14.4,69.2,5.91,0.1315,13.15,LOW,0
6.54,1.8,32.15,46.31,2374.5,7,12.3,61.0,3.3,0.0523,5.23,LOW,0
79.7,20.18,49.57,31.11,1097.3,14,20.4,68.7,7.81,0.2121,21.21,LOW,0
37.36,6.1,28.71,27.89,2845.3,7,11.0,64.4,4.76,0.0391,3.91,LOW,0
74.75,14.08,47.2,19.21,395.2,10,21.6,60.0,7.37,0.1264,12.64,LOW,0
23.24,3.68,33.65,35.67,931.7,3,22.2,57.4,4.62,0.0448,4.48,LOW,0
27.33,3.3,33.54,42.47,2897.3,9,15.0,62.3,3.76,0.0732,7.32,LOW,0
87.98,13.21,46.21,36.87,1005.8,4,24.6,83.2,9.66,0.2321,23.21,LOW,0
259.45,31.3,93.6,38.09,900.9,8,26.0,99.0,35.0,0.9956,99.56,CRITICAL,1
20.81,4.89,33.11,55.66,657.5,6,22.8,57.3,3.33,0.103,10.3,LOW,0
162.04,30.48,66.99,35.6,2784.4,3,9.9,94.0,21.62,0.7386,73.86,HIGH,1
17.48,2.97,26.63,40.2,1725.2,6,24.2,62.6,3.54,0.0218,2.18,LOW,0
17.17,4.15,29.11,49.45,2240.9,10,16.2,55.8,2.84,0.1324,13.24,LOW,0
172.27,43.62,74.03,36.99,955.2,8,18.7,85.4,26.42,0.9468,94.68,CRITICAL,1
139.58,38.53,69.28,43.49,2486.2,9,20.7,86.8,18.67,0.7892,78.92,CRITICAL,1
69.08,15.39,38.36,53.21,2492.0,8,14.1,63.6,7.63,0.2836,28.36,MODERATE,0
2.53,0.49,19.24,59.04,1172.2,9,14.2,54.2,2.65,0.0566,5.66,LOW,0
204.14,34.47,80.25,28.39,1461.5,9,23.6,99.0,32.72,0.9647,96.47,CRITICAL,1
6.64,1.03,17.86,57.2,868.6,10,17.4,62.8,2.33,0.0545,5.45,LOW,0
14.78,2.28,32.07,39.58,3130.9,3,11.5,59.4,3.18,0.027,2.7,LOW,0
139.68,25.91,54.14,32.74,2154.5,9,18.3,80.3,15.93,0.5687,56.87,HIGH,1
11.01,3.07,31.62,38.67,3006.9,8,13.2,63.4,1.41,0.0312,3.12,LOW,0
51.2,6.15,44.88,62.37,1145.0,10,25.6,66.5,6.53,0.0875,8.75,LOW,0
75.7,11.47,47.5,39.6,2556.6,9,16.5,79.5,11.74,0.2186,21.86,LOW,0
8.76,1.32,18.17,35.02,2509.3,10,18.8,61.9,3.9,0.0251,2.51,LOW,0
21.8,5.12,31.63,43.86,2290.4,5,15.2,67.3,2.46,0.0553,5.53,LOW,0
22.24,3.92,27.24,32.11,3098.6,7,9.9,63.8,1.29,0.0311,3.11,LOW,0
72.38,13.98,39.26,24.62,1411.0,8,19.4,70.6,7.17,0.1277,12.77,LOW,0
50.36,7.24,42.0,27.53,635.6,4,27.9,72.9,6.89,0.0627,6.27,LOW,0
25.19,4.65,35.89,27.49,2231.5,11,14.1,69.3,3.59,0.0301,3.01,LOW,0
38.88,5.31,42.32,28.61,2401.5,3,16.9,56.0,6.85,0.0285,2.85,LOW,0
65.79,13.51,42.0,28.01,1946.4,15,15.1,69.8,6.19,0.0938,9.38,LOW,0
0.34,0.05,25.95,44.1,860.1,9,21.2,72.3,2.24,0.0335,3.35,LOW,0
18.05,4.45,38.38,29.89,1738.1,6,21.4,60.0,3.14,0.0269,2.69,LOW,0
83.22,17.53,58.78,35.53,1171.0,13,22.7,75.2,11.54,0.4266,42.66,MODERATE,0
220.73,52.06,92.21,55.19,1511.0,13,14.3,99.0,35.0,0.9968,99.68,CRITICAL,1
121.16,22.65,57.17,39.08,2153.4,7,14.0,71.5,15.66,0.3309,33.09,MODERATE,0
26.4,4.78,32.43,45.01,2448.4,8,8.1,61.7,3.42,0.0473,4.73,LOW,0
14.96,2.03,28.3,29.49,935.1,5,21.9,52.8,4.02,0.0263,2.63,LOW,0
25.73,5.24,35.73,30.31,1445.7,5,19.4,64.5,4.0,0.0255,2.55,LOW,0
37.29,7.54,31.34,22.06,1044.0,13,21.1,67.9,5.46,0.0577,5.77,LOW,0
18.97,3.7,31.92,29.35,836.0,7,26.4,66.7,4.59,0.026,2.6,LOW,0
43.83,10.45,38.9,33.43,2561.0,9,14.9,76.0,5.09,0.0757,7.57,LOW,0
69.12,17.5,46.27,29.69,2932.3,6,18.0,70.7,7.08,0.0918,9.18,LOW,0
5.88,1.41,21.53,25.4,1342.2,8,22.0,54.0,2.43,0.0234,2.34,LOW,0
21.02,3.01,32.12,27.13,2466.3,6,15.8,57.9,4.21,0.0541,5.41,LOW,0
18.35,4.03,38.98,38.72,2896.1,13,12.8,58.2,1.78,0.0928,9.28,LOW,0
40.71,5.41,34.11,30.86,2746.1,6,12.2,67.4,4.0,0.0334,3.34,LOW,0
10.06,2.33,29.12,36.07,789.3,7,22.0,75.6,3.21,0.0978,9.78,LOW,0
35.78,6.48,25.81,39.9,3071.1,10,10.5,64.9,1.07,0.0965,9.65,LOW,0
73.48,10.38,46.84,45.81,1361.2,6,20.0,79.3,7.16,0.1605,16.05,LOW,0
18.95,4.89,31.39,21.92,1250.8,9,20.9,62.2,2.46,0.0213,2.13,LOW,0
216.11,47.16,86.09,50.14,434.2,9,27.2,85.4,35.0,0.9929,99.29,CRITICAL,1
174.49,30.84,77.51,43.68,1684.2,4,19.5,81.3,26.02,0.9394,93.94,CRITICAL,1
3.93,0.49,24.7,24.98,571.6,4,23.6,56.2,1.87,0.0352,3.52,LOW,0
9.29,1.91,33.48,53.82,983.2,10,20.7,60.7,1.23,0.0884,8.84,LOW,0
105.12,28.14,50.02,56.78,1185.0,12,22.0,78.2,13.23,0.5087,50.87,HIGH,1
254.04,54.73,98.0,23.63,2636.0,13,11.2,94.2,35.0,0.9967,99.67,CRITICAL,1
110.75,30.51,57.07,33.37,2832.7,8,11.4,81.4,11.47,0.4559,45.59,MODERATE,0
0.53,0.08,24.79,50.45,1142.3,12,20.4,66.4,3.16,0.0401,4.01,LOW,0
6.15,1.3,19.56,47.99,2783.2,9,18.8,59.3,1.44,0.0828,8.28,LOW,0
193.36,47.9,73.59,30.0,2778.8,6,9.5,94.5,26.4,0.9138,91.38,CRITICAL,1
6.95,1.42,28.7,30.97,2505.7,9,12.2,49.4,3.04,0.0445,4.45,LOW,0
24.44,3.29,28.26,36.25,682.8,5,22.9,49.5,2.72,0.056,5.6,LOW,0
66.03,14.08,48.46,39.37,2286.5,12,14.3,74.9,7.93,0.4679,46.79,MODERATE,0
0.72,0.16,26.64,43.36,3037.8,9,13.8,57.6,1.4,0.0372,3.72,LOW,0
32.47,7.68,26.97,36.21,2263.5,14,14.9,78.1,3.11,0.0683,6.83,LOW,0
11.35,2.75,31.98,38.77,1228.3,9,17.9,61.1,1.66,0.0387,3.87,LOW,0
69.4,16.89,43.62,47.96,1726.7,5,22.1,64.4,6.24,0.1735,17.35,LOW,0
11.67,2.64,28.04,21.69,2154.9,6,16.8,71.9,6.06,0.0197,1.97,LOW,0
40.63,6.28,41.6,32.54,1756.2,5,19.4,70.0,4.21,0.0917,9.17,LOW,0
39.25,7.25,29.02,46.65,603.9,4,26.3,75.2,2.59,0.0966,9.66,LOW,0
174.33,42.57,68.19,55.09,1170.6,5,18.5,82.6,24.53,0.9172,91.72,CRITICAL,1
178.82,48.74,76.7,40.14,2617.1,6,13.6,89.0,26.95,0.9114,91.14,CRITICAL,1
18.42,2.44,21.66,40.72,2791.2,11,14.7,57.5,2.74,0.0432,4.32,LOW,0
11.95,2.46,25.31,26.43,655.0,6,22.8,51.3,2.06,0.0186,1.86,LOW,0
57.94,9.85,46.11,38.36,3059.5,5,11.9,73.1,6.4,0.1322,13.22,LOW,0
56.39,8.8,40.25,40.74,1220.0,9,22.6,65.7,5.79,0.1306,13.06,LOW,0
21.37,4.29,24.11,32.19,2203.8,6,12.2,57.2,4.06,0.0445,4.45,LOW,0
32.64,7.08,35.09,33.12,2467.9,9,11.8,56.6,3.81,0.094,9.4,LOW,0
32.44,3.94,32.06,36.45,2645.2,15,7.7,66.0,5.02,0.0962,9.62,LOW,0
61.44,15.04,38.69,19.95,3040.0,8,11.8,69.6,6.23,0.0885,8.85,LOW,0
19.37,4.87,48.21,34.81,1173.1,5,26.3,60.0,3.48,0.1206,12.06,LOW,0
11.28,3.1,31.03,31.05,2782.6,7,11.0,57.6,1.61,0.037,3.7,LOW,0
10.78,1.6,26.6,34.98,638.5,10,24.0,66.2,4.66,0.0354,3.54,LOW,0
26.89,5.78,37.02,27.08,2329.9,9,17.7,49.1,3.81,0.0403,4.03,LOW,0
20.87,3.93,29.39,54.81,2438.8,10,15.3,66.9,3.1,0.0477,4.77,LOW,0
20.3,3.52,28.09,42.58,2249.3,7,13.2,65.8,4.89,0.065,6.5,LOW,0
3.34,0.7,27.43,45.41,994.3,9,26.3,53.1,2.58,0.0378,3.78,LOW,0
44.38,10.88,39.97,49.69,2825.5,8,13.0,55.1,5.72,0.0851,8.51,LOW,0
8.42,1.04,31.99,39.76,748.1,10,23.3,64.8,2.54,0.0349,3.49,LOW,0
7.68,2.11,34.27,25.29,408.2,14,25.4,54.1,1.7,0.058,5.8,LOW,0
18.63,4.65,36.15,40.87,2366.5,4,16.5,72.2,4.43,0.043,4.3,LOW,0
9.05,2.17,31.82,42.37,1652.7,9,17.4,74.1,1.1,0.0669,6.69,LOW,0
30.69,7.42,38.39,47.88,2754.8,11,16.8,67.2,3.14,0.1159,11.59,LOW,0
16.25,2.96,35.47,37.94,1381.0,10,23.6,61.8,2.26,0.0561,5.61,LOW,0
20.86,5.01,34.39,27.47,746.4,7,23.9,61.8,3.54,0.0297,2.97,LOW,0
26.96,4.9,24.62,33.6,2717.5,6,13.2,53.8,3.18,0.0428,4.28,LOW,0
127.22,33.56,63.11,36.04,1869.3,7,15.6,77.4,14.59,0.5226,52.26,HIGH,1
5.93,0.88,33.54,44.27,808.1,9,22.0,58.1,4.68,0.0582,5.82,LOW,0
74.33,12.4,41.8,41.88,2375.1,8,12.1,67.3,8.35,0.2561,25.61,MODERATE,0
19.9,4.14,28.61,35.83,1757.8,12,17.8,65.3,2.53,0.0862,8.62,LOW,0
18.59,3.18,29.91,63.37,2032.7,9,17.0,63.6,3.43,0.0871,8.71,LOW,0
1.27,0.24,26.31,42.96,1609.7,7,15.2,64.9,2.51,0.0455,4.55,LOW,0
24.12,4.79,28.98,32.01,2694.7,6,14.9,61.0,2.93,0.0439,4.39,LOW,0
28.27,7.27,33.2,26.14,2697.2,9,11.0,67.9,4.08,0.0466,4.66,LOW,0
28.64,5.83,35.59,28.65,2342.7,9,16.1,64.3,4.24,0.063,6.3,LOW,0
42.97,7.65,26.98,32.32,560.9,8,26.9,70.0,5.18,0.0777,7.77,LOW,0
6.84,1.09,27.29,29.0,2724.6,4,16.3,60.6,2.4,0.0447,4.47,LOW,0
10.17,1.89,25.94,30.08,2229.5,4,18.5,72.2,2.8,0.0567,5.67,LOW,0
165.14,33.44,62.7,33.64,2306.2,6,19.5,70.1,20.43,0.7634,76.34,CRITICAL,1
219.56,52.56,89.3,29.54,1320.8,8,22.8,96.7,35.0,0.9935,99.35,CRITICAL,1
167.44,23.34,73.44,55.19,2843.9,3,12.8,90.3,23.37,0.9287,92.87,CRITICAL,1
24.1,3.75,32.57,24.89,2389.8,5,13.7,56.0,2.61,0.0255,2.55,LOW,0
145.89,26.37,68.9,40.5,582.1,8,24.5,92.8,19.63,0.8342,83.42,CRITICAL,1
2.17,0.39,27.21,37.37,1452.9,6,24.1,60.5,1.87,0.0277,2.77,LOW,0
13.78,2.52,25.17,62.71,2864.8,7,11.7,61.3,3.63,0.0784,7.84,LOW,0
5.43,1.34,30.14,26.69,389.2,6,25.8,63.0,1.92,0.0153,1.53,LOW,0
43.32,7.44,41.6,37.02,3086.2,8,14.7,71.8,4.91,0.0879,8.79,LOW,0
26.7,5.35,27.05,61.03,2253.5,8,15.0,64.8,3.01,0.1355,13.55,LOW,0
5.44,1.19,30.92,53.38,2112.6,10,14.4,61.4,2.25,0.0905,9.05,LOW,0
0.32,0.05,23.67,50.95,1048.1,9,25.1,65.1,3.71,0.0653,6.53,LOW,0
57.79,13.58,44.24,32.73,983.9,16,20.5,74.5,6.22,0.2779,27.79,MODERATE,0
6.78,1.41,27.66,29.43,3029.1,10,12.3,63.0,2.9,0.0733,7.33,LOW,0
32.62,6.25,33.27,45.05,1129.9,6,22.4,55.6,4.3,0.0786,7.86,LOW,0
14.38,3.59,31.72,57.4,2537.7,8,14.8,56.0,2.88,0.1364,13.64,LOW,0
30.82,4.9,31.96,41.45,1409.7,5,14.2,71.1,2.82,0.0616,6.16,LOW,0
13.28,3.47,34.12,41.9,660.8,9,26.3,60.3,3.34,0.0557,5.57,LOW,0
3.18,0.67,32.11,33.47,281.6,10,26.3,56.9,0.5,0.0496,4.96,LOW,0
8.83,1.92,24.74,48.86,1855.6,11,19.3,64.0,1.37,0.0587,5.87,LOW,0
7.29,1.9,26.21,30.1,3128.5,7,12.0,63.0,1.8,0.0105,1.05,LOW,0
19.55,4.9,28.6,34.86,1339.0,4,21.4,61.6,2.78,0.0288,2.88,LOW,0
37.58,8.13,37.4,37.77,1303.7,5,19.8,70.1,4.61,0.0345,3.45,LOW,0
10.72,2.58,34.55,40.02,1265.1,6,20.1,54.0,4.06,0.0357,3.57,LOW,0
0.43,0.08,16.78,32.19,1785.6,14,18.0,49.7,2.64,0.0285,2.85,LOW,0
25.61,5.32,25.08,26.83,1550.0,10,19.9,72.9,3.33,0.032,3.2,LOW,0
32.58,4.23,33.7,43.12,2845.7,8,11.3,58.1,3.64,0.0461,4.61,LOW,0
115.27,15.49,58.2,33.76,1741.3,9,20.8,68.4,13.75,0.335,33.5,MODERATE,0
31.16,7.87,29.02,42.2,1747.9,7,17.6,62.7,2.49,0.0444,4.44,LOW,0
22.3,2.89,32.15,28.72,658.2,14,21.9,63.2,1.18,0.0427,4.27,LOW,0
95.19,14.0,47.95,39.28,3149.1,9,12.2,71.4,8.94,0.2646,26.46,MODERATE,0
92.04,22.76,48.54,40.74,987.4,5,27.3,72.4,11.21,0.2751,27.51,MODERATE,0
61.69,7.41,48.62,22.95,466.4,9,22.5,60.7,6.69,0.1238,12.38,LOW,0
13.65,2.26,27.11,35.26,2206.3,6,15.6,66.3,2.14,0.0222,2.22,LOW,0
9.48,2.02,25.85,27.8,2006.3,8,19.6,52.2,3.46,0.0191,1.91,LOW,0
135.72,29.22,63.66,23.79,1474.7,9,21.3,80.5,14.91,0.7157,71.57,HIGH,1
24.57,6.0,37.34,64.0,1495.5,9,21.3,65.1,3.07,0.1613,16.13,LOW,0
47.7,9.58,38.14,34.82,2565.9,6,14.0,71.0,4.18,0.0526,5.26,LOW,0
24.49,4.93,29.06,50.61,827.4,5,16.8,65.0,3.57,0.0388,3.88,LOW,0
2.46,0.58,28.58,32.62,2669.7,20,14.0,53.8,2.68,0.0489,4.89,LOW,0
45.0,8.99,41.66,45.5,2163.8,4,17.0,64.3,5.95,0.0832,8.32,LOW,0
57.39,12.47,46.79,48.47,1486.0,6,22.6,64.4,8.34,0.2006,20.06,LOW,0
11.96,3.15,28.17,42.64,1601.2,8,17.3,52.4,3.16,0.0184,1.84,LOW,0
38.19,7.04,38.07,39.01,1007.1,3,26.7,68.3,4.87,0.0403,4.03,LOW,0
19.47,3.54,34.4,37.41,2468.7,6,13.6,58.4,5.64,0.089,8.9,LOW,0
139.05,16.77,64.84,35.62,1763.0,8,17.1,81.8,16.1,0.6761,67.61,HIGH,1
218.73,47.71,92.84,57.41,1196.5,8,19.6,92.1,35.0,0.9955,99.55,CRITICAL,1
125.48,15.66,63.39,51.59,2008.3,5,19.6,72.0,18.06,0.619,61.9,HIGH,1
41.16,8.26,45.94,60.54,3187.4,9,7.7,59.0,5.26,0.225,22.5,LOW,0
75.2,18.7,50.64,27.31,1534.0,5,21.1,69.3,8.15,0.0655,6.55,LOW,0
140.6,29.24,54.74,47.31,2966.0,8,9.7,73.2,15.19,0.6499,64.99,HIGH,1
13.15,2.15,26.69,58.1,1267.8,4,20.9,67.9,2.34,0.027,2.7,LOW,0
204.88,50.36,74.28,29.86,411.5,9,21.9,98.8,30.59,0.9628,96.28,CRITICAL,1
8.7,1.42,24.24,24.0,852.5,8,25.3,66.0,0.5,0.0192,1.92,LOW,0
17.22,4.09,27.96,47.71,1485.2,9,19.5,64.7,4.88,0.0358,3.58,LOW,0
70.28,15.29,49.02,41.99,897.9,8,24.5,70.9,8.2,0.2673,26.73,MODERATE,0
45.11,6.64,35.43,52.14,250.7,9,26.2,60.5,6.05,0.1628,16.28,LOW,0
18.1,4.79,37.04,28.05,2949.3,9,13.1,67.7,1.98,0.0575,5.75,LOW,0
8.46,1.29,24.03,49.96,2739.4,14,12.8,69.5,3.09,0.0446,4.46,LOW,0
15.4,4.29,27.87,30.68,2439.8,11,16.4,60.3,3.16,0.0268,2.68,LOW,0
11.7,1.42,22.08,29.12,745.1,10,25.2,61.5,3.03,0.0504,5.04,LOW,0
6.78,1.1,34.12,29.15,605.1,7,25.2,56.2,1.72,0.0382,3.82,LOW,0
47.6,7.23,46.22,50.83,449.4,11,23.3,65.2,5.58,0.2688,26.88,MODERATE,0
10.17,1.24,27.19,44.93,2385.9,8,13.8,54.0,1.26,0.0407,4.07,LOW,0
21.19,5.03,23.53,40.46,2990.0,8,9.6,61.4,3.66,0.0453,4.53,LOW,0
17.06,3.94,28.74,35.91,1520.1,8,23.2,65.2,4.23,0.054,5.4,LOW,0
140.76,34.74,65.57,54.03,601.5,6,26.6,83.1,18.9,0.6991,69.91,HIGH,1
17.36,2.8,26.69,36.87,1761.6,11,18.4,64.1,0.5,0.0489,4.89,LOW,0
2.92,0.56,37.57,50.92,1279.1,6,19.6,45.8,3.55,0.1365,13.65,LOW,0
3.29,0.74,35.05,38.14,1355.7,8,18.6,60.8,2.33,0.035,3.5,LOW,0
31.27,5.95,25.01,36.44,2082.9,9,16.9,68.4,0.75,0.0265,2.65,LOW,0
32.01,7.41,28.2,38.77,2370.2,6,19.6,64.7,1.92,0.0559,5.59,LOW,0
18.99,4.21,32.61,34.17,576.3,6,24.8,69.7,2.06,0.0264,2.64,LOW,0
19.79,2.74,25.18,47.97,355.0,10,29.1,62.4,2.9,0.0634,6.34,LOW,0
1.94,0.48,26.46,39.88,3183.3,11,11.2,62.7,1.07,0.0646,6.46,LOW,0
25.44,5.99,32.18,31.82,936.5,9,24.3,57.8,2.58,0.0534,5.34,LOW,0
24.59,5.53,31.69,55.36,408.8,10,24.6,67.2,4.32,0.085,8.5,LOW,0
71.24,10.32,50.04,36.63,810.1,4,23.1,75.4,9.6,0.2002,20.02,LOW,0
3.84,0.63,35.11,41.06,364.9,5,23.9,56.3,3.19,0.0196,1.96,LOW,0
4.62,0.84,28.27,55.81,1405.8,7,21.0,52.1,0.6,0.0591,5.91,LOW,0
3.73,0.61,19.98,43.56,2617.1,9,13.0,57.9,3.08,0.0363,3.63,LOW,0
111.96,17.52,57.07,26.94,1256.7,8,22.0,70.8,13.02,0.1755,17.55,LOW,0
115.41,28.72,54.39,58.22,1560.3,5,17.0,80.9,15.26,0.4688,46.88,MODERATE,0
10.14,2.25,37.8,43.67,2243.0,11,16.8,58.6,2.95,0.0639,6.39,LOW,0
94.26,19.84,54.86,35.21,1751.2,7,18.8,78.4,12.52,0.365,36.5,MODERATE,0
110.82,17.3,58.04,28.03,2791.3,6,13.0,67.2,14.13,0.3401,34.01,MODERATE,0
67.49,18.01,47.15,49.9,2804.8,6,13.5,65.2,8.16,0.1796,17.96,LOW,0
9.17,1.38,27.38,43.42,279.2,11,25.9,56.8,2.08,0.0704,7.04,LOW,0
13.89,3.43,35.15,40.76,2545.2,9,23.5,63.7,4.09,0.0614,6.14,LOW,0
8.25,2.26,24.45,55.01,1609.2,9,20.3,48.8,3.29,0.0914,9.14,LOW,0
23.7,5.6,36.44,49.67,3167.1,13,10.8,61.9,3.22,0.125,12.5,LOW,0
0.69,0.19,33.15,28.6,1675.5,4,20.6,57.9,1.6,0.0164,1.64,LOW,0
38.95,8.73,31.84,34.49,3161.3,11,9.3,68.0,3.52,0.0889,8.89,LOW,0
25.92,4.01,33.95,32.4,2476.0,15,13.0,64.2,4.4,0.099,9.9,LOW,0
80.12,12.23,49.52,47.82,983.4,13,24.6,66.3,9.38,0.4696,46.96,MODERATE,0
6.29,1.08,21.39,21.39,1838.3,11,20.1,47.4,2.53,0.019,1.9,LOW,0
57.06,6.91,34.13,41.85,3176.8,9,13.5,63.9,5.14,0.0988,9.88,LOW,0
54.95,12.59,35.81,48.57,2779.7,4,9.1,60.6,7.0,0.1473,14.73,LOW,0
4.76,0.78,26.07,54.0,537.2,11,24.7,53.5,0.73,0.0876,8.76,LOW,0
17.79,4.46,32.08,35.42,2333.8,10,16.0,58.3,3.81,0.0393,3.93,LOW,0
6.53,1.16,24.98,51.14,1269.5,5,22.8,65.9,3.28,0.0372,3.72,LOW,0
10.29,2.02,37.53,26.61,270.6,9,27.8,53.9,2.38,0.0273,2.73,LOW,0
10.69,2.94,33.12,52.37,1440.3,7,18.0,50.5,1.19,0.0588,5.88,LOW,0
28.44,4.51,35.23,27.47,942.5,8,24.1,60.8,4.19,0.0297,2.97,LOW,0
18.55,4.37,28.04,37.01,2665.7,4,14.1,61.1,4.13,0.0408,4.08,LOW,0
103.3,24.88,54.27,50.05,1245.1,5,21.9,73.4,13.86,0.2775,27.75,MODERATE,0
4.73,0.73,31.83,28.52,2691.2,7,10.5,56.8,2.93,0.0195,1.95,LOW,0
127.33,25.49,65.25,31.72,251.8,9,24.3,77.6,16.34,0.6088,60.88,HIGH,1
9.18,1.62,32.12,46.99,1158.1,9,26.2,62.7,3.22,0.0417,4.17,LOW,0
51.88,12.63,38.01,46.9,961.4,4,25.2,62.5,6.05,0.0855,8.55,LOW,0
14.49,3.18,26.44,44.11,939.0,7,22.7,68.2,3.01,0.0459,4.59,LOW,0
5.4,1.06,19.38,45.94,451.2,6,25.4,59.7,1.3,0.0821,8.21,LOW,0
68.29,16.71,46.76,41.04,802.0,12,29.1,76.1,8.35,0.1429,14.29,LOW,0
113.48,17.89,49.18,32.52,1888.9,9,17.7,78.6,12.52,0.3951,39.51,MODERATE,0
37.64,9.06,35.46,35.53,1109.5,10,21.6,58.1,6.83,0.0504,5.04,LOW,0
29.25,7.56,31.09,29.88,1481.3,10,17.9,52.7,3.72,0.0301,3.01,LOW,0
22.34,5.82,32.37,55.94,1361.8,9,19.9,69.7,5.0,0.0716,7.16,LOW,0
203.75,50.0,87.88,42.26,2833.9,8,8.2,85.1,35.0,0.9843,98.43,CRITICAL,1
46.12,8.54,44.68,37.11,2920.6,10,13.2,66.3,5.76,0.1738,17.38,LOW,0
3.22,0.89,29.41,38.75,1704.2,7,21.8,56.9,3.41,0.0563,5.63,LOW,0
38.61,6.98,31.99,58.84,1224.0,10,24.4,73.8,3.44,0.1168,11.68,LOW,0
79.15,17.59,47.05,28.67,565.1,11,23.1,71.4,8.51,0.1647,16.47,LOW,0
2.08,0.3,21.21,42.35,3062.5,9,5.4,52.0,1.54,0.0471,4.71,LOW,0
5.31,1.47,23.21,39.97,427.7,13,26.5,59.2,2.06,0.0493,4.93,LOW,0
44.14,10.27,39.77,43.14,1128.1,5,25.1,73.4,3.16,0.0647,6.47,LOW,0
20.12,4.84,25.76,19.7,1129.3,6,17.8,57.8,4.73,0.0303,3.03,LOW,0
18.09,2.36,27.79,53.74,1195.2,8,20.5,53.3,2.6,0.1214,12.14,LOW,0
5.16,1.25,21.09,57.61,734.6,7,24.9,65.2,2.98,0.0902,9.02,LOW,0
24.74,6.03,35.22,41.7,2560.3,10,11.8,57.8,3.81,0.1103,11.03,LOW,0
4.74,1.08,24.52,46.04,611.4,3,20.3,50.5,1.94,0.0302,3.02,LOW,0
22.66,3.78,20.26,56.9,2123.0,6,14.5,57.7,1.55,0.0422,4.22,LOW,0
50.48,10.01,47.3,46.42,615.3,6,23.2,68.9,5.38,0.062,6.2,LOW,0
169.51,23.34,77.53,28.64,458.1,10,20.8,87.7,25.42,0.7982,79.82,CRITICAL,1
22.94,4.48,21.35,42.04,2932.8,10,14.5,65.5,2.41,0.0507,5.07,LOW,0
335.13,53.29,98.0,42.99,810.9,9,27.4,99.0,35.0,0.9999,99.99,CRITICAL,1
40.62,7.14,43.99,37.74,2672.7,4,13.4,71.2,4.53,0.0942,9.42,LOW,0
64.44,9.41,42.11,47.53,1856.7,9,19.6,73.8,7.35,0.2044,20.44,LOW,0
18.76,2.94,31.0,57.78,479.7,5,21.7,65.4,3.92,0.0565,5.65,LOW,0
51.11,6.76,37.72,57.12,3068.6,9,10.8,61.0,4.3,0.198,19.8,LOW,0
1.45,0.39,28.0,38.45,978.5,3,21.2,56.3,1.19,0.0159,1.59,LOW,0
4.59,0.94,31.45,26.75,2786.0,15,13.7,62.4,2.47,0.0267,2.67,LOW,0
7.94,1.46,21.27,63.09,748.0,2,17.1,64.5,2.14,0.0667,6.67,LOW,0
17.99,3.7,26.51,52.0,2769.1,5,12.0,56.4,2.49,0.0335,3.35,LOW,0
65.42,14.43,43.83,27.33,289.0,9,28.0,80.1,8.08,0.09,9.0,LOW,0
187.32,50.11,79.0,56.78,1759.8,7,18.9,87.1,28.82,0.9609,96.09,CRITICAL,1
138.12,20.52,65.71,53.62,2519.9,7,16.1,86.2,16.71,0.7993,79.93,CRITICAL,1
138.89,23.24,62.93,40.34,3007.6,8,10.0,73.2,16.93,0.7392,73.92,HIGH,1
30.88,8.53,29.24,42.51,2932.1,4,4.8,65.7,1.96,0.0608,6.08,LOW,0
15.47,2.78,34.26,37.05,2667.9,9,16.1,54.5,2.77,0.0364,3.64,LOW,0
30.12,3.72,27.32,23.17,2870.2,10,14.1,65.2,2.15,0.0342,3.42,LOW,0
14.66,2.11,26.64,35.21,837.7,6,27.3,64.8,0.94,0.042,4.2,LOW,0
91.15,11.32,50.61,50.3,1088.3,8,22.2,76.6,8.25,0.3042,30.42,MODERATE,0
172.7,48.08,75.78,17.38,1102.5,10,23.0,81.3,27.54,0.8304,83.04,CRITICAL,1
164.38,27.06,69.57,35.16,1362.3,9,26.3,73.6,21.22,0.8115,81.15,CRITICAL,1
2.63,0.7,29.5,37.03,1410.3,7,15.6,62.1,1.82,0.0261,2.61,LOW,0
73.78,20.61,51.91,40.88,1856.4,9,18.9,68.5,8.95,0.228,22.8,LOW,0
12.58,2.72,25.41,56.71,721.6,8,27.1,59.3,2.69,0.068,6.8,LOW,0
36.77,4.61,37.25,35.55,2289.2,11,15.9,59.8,5.09,0.0716,7.16,LOW,0
155.51,20.69,69.77,35.57,744.3,12,24.1,82.8,21.48,0.8048,80.48,CRITICAL,1
17.38,3.43,28.16,47.57,1165.4,7,17.9,62.4,2.43,0.0382,3.82,LOW,0
98.98,18.31,43.18,38.49,1734.9,10,22.1,81.0,9.91,0.3652,36.52,MODERATE,0
14.7,3.19,30.89,31.55,2599.5,9,16.4,49.9,3.03,0.0404,4.04,LOW,0
18.51,3.52,32.5,38.49,2431.4,9,17.8,54.7,3.13,0.0412,4.12,LOW,0
44.61,12.02,42.93,28.1,2154.3,7,16.1,69.3,6.09,0.0651,6.51,LOW,0
25.08,5.15,30.35,29.66,709.5,4,23.3,50.4,2.74,0.0453,4.53,LOW,0
100.61,23.24,49.84,39.76,1863.8,10,17.7,70.6,10.82,0.3477,34.77,MODERATE,0
1.5,0.39,20.85,37.6,508.0,5,29.5,74.3,0.73,0.0274,2.74,LOW,0
24.48,3.51,16.86,56.36,1363.2,9,19.9,61.8,2.5,0.1339,13.39,LOW,0
30.72,4.82,31.58,36.02,1469.9,7,23.6,68.6,3.11,0.0752,7.52,LOW,0
88.49,12.14,63.61,42.18,367.4,11,25.6,63.0,13.19,0.3633,36.33,MODERATE,0
1.76,0.25,31.85,43.82,1058.3,12,20.0,64.3,0.64,0.082,8.2,LOW,0
29.82,6.03,28.39,19.0,3069.2,8,5.9,62.0,3.05,0.028,2.8,LOW,0
67.26,11.53,41.26,44.87,3063.2,7,12.6,71.6,6.47,0.1106,11.06,LOW,0
9.69,1.82,25.11,29.73,1289.4,5,22.8,64.6,3.11,0.0412,4.12,LOW,0
178.38,49.45,81.94,60.13,377.1,8,23.0,83.5,27.03,0.9631,96.31,CRITICAL,1
0.67,0.1,36.31,28.46,778.3,7,27.4,62.8,2.05,0.0231,2.31,LOW,0
46.15,9.53,38.37,37.48,1407.0,10,16.8,60.0,5.27,0.0794,7.94,LOW,0
94.67,12.86,52.82,25.2,3046.0,3,13.0,74.3,11.93,0.3374,33.74,MODERATE,0
37.47,6.41,38.09,65.77,666.5,7,26.2,68.6,3.71,0.1045,10.45,LOW,0
141.04,28.83,64.41,39.87,2502.4,9,16.9,77.7,17.04,0.6765,67.65,HIGH,1
1.61,0.44,26.86,42.64,570.6,11,19.9,54.3,2.55,0.0414,4.14,LOW,0
88.45,16.15,50.01,24.04,3144.7,4,13.4,70.4,8.57,0.1692,16.92,LOW,0
22.24,2.9,33.62,48.06,1375.8,3,20.1,69.7,2.82,0.0521,5.21,LOW,0
1.03,0.19,15.28,31.0,2536.9,7,13.2,65.6,1.79,0.0181,1.81,LOW,0
40.97,5.87,34.07,55.27,1260.6,9,23.1,70.5,5.13,0.162,16.2,LOW,0
23.01,3.61,25.53,30.81,2101.6,12,18.8,72.5,1.52,0.0758,7.58,LOW,0
4.65,1.02,29.75,30.25,816.4,9,18.5,60.7,1.95,0.0162,1.62,LOW,0
8.44,1.1,23.44,21.67,680.8,16,21.0,62.3,2.38,0.027,2.7,LOW,0
2.33,0.45,17.83,39.03,3017.3,7,14.4,48.4,1.21,0.0345,3.45,LOW,0
29.89,6.5,24.43,41.7,2957.1,10,12.9,59.0,2.96,0.0382,3.82,LOW,0
34.05,6.38,36.78,23.95,2868.0,8,12.7,68.2,5.14,0.0428,4.28,LOW,0
24.66,3.04,27.26,49.11,2095.0,7,14.0,68.9,2.7,0.1035,10.35,LOW,0
59.46,16.51,40.96,38.52,2634.4,10,14.6,61.2,6.02,0.1572,15.72,LOW,0
69.07,12.34,52.25,40.5,453.7,7,28.6,69.8,9.38,0.227,22.7,LOW,0
33.46,8.18,36.25,38.18,1237.6,9,27.0,78.0,3.97,0.0955,9.55,LOW,0
0.45,0.08,22.58,37.1,1175.4,7,20.6,59.5,3.36,0.0352,3.52,LOW,0
41.59,8.15,30.77,41.54,2125.2,8,18.5,74.9,2.66,0.0668,6.68,LOW,0
18.94,3.45,32.48,28.76,1300.1,9,25.5,64.9,2.83,0.0544,5.44,LOW,0
29.18,5.1,32.52,29.89,688.1,9,20.6,67.7,4.48,0.0401,4.01,LOW,0
36.65,4.53,38.16,53.18,2009.6,4,21.4,60.0,3.8,0.0818,8.18,LOW,0
15.09,2.68,17.31,58.74,2652.4,5,13.9,52.6,2.24,0.0295,2.95,LOW,0
87.15,22.86,55.09,36.33,1377.3,9,20.6,77.4,11.91,0.2566,25.66,MODERATE,0
5.03,1.16,17.85,33.17,640.2,8,23.1,62.6,1.39,0.0282,2.82,LOW,0
38.96,5.58,33.49,44.21,830.2,9,22.5,66.2,4.83,0.0896,8.96,LOW,0
123.53,26.51,66.54,37.32,950.6,3,20.9,70.6,17.54,0.6257,62.57,HIGH,1
90.5,23.78,39.17,20.56,1134.7,5,19.4,71.4,8.46,0.0994,9.94,LOW,0
4.18,0.97,25.74,28.8,2146.2,8,17.3,56.9,2.23,0.0221,2.21,LOW,0
3.49,0.5,24.6,46.75,2022.8,4,19.7,57.4,1.13,0.028,2.8,LOW,0
14.17,3.67,28.82,44.71,2303.4,5,12.7,63.5,3.47,0.049,4.9,LOW,0
16.37,2.75,31.36,20.75,1319.4,4,19.0,66.7,1.67,0.038,3.8,LOW,0
8.44,1.63,27.44,31.45,2680.8,13,13.9,63.0,2.81,0.017,1.7,LOW,0
30.79,6.29,26.92,31.78,852.1,9,20.5,65.8,2.97,0.0378,3.78,LOW,0
20.48,5.24,31.22,45.16,1633.7,9,19.6,63.8,2.76,0.0548,5.48,LOW,0
1.22,0.33,25.25,19.9,2612.8,5,13.0,59.1,1.85,0.0071,0.71,LOW,0
13.48,3.62,28.47,26.27,781.5,7,19.6,57.0,3.19,0.0254,2.54,LOW,0
224.85,27.27,98.0,50.16,574.1,5,26.0,94.0,35.0,0.9949,99.49,CRITICAL,1
146.63,39.22,72.74,29.75,2856.9,14,10.9,86.5,21.31,0.7991,79.91,CRITICAL,1
45.17,5.81,46.78,44.5,1261.6,8,23.6,66.1,5.08,0.0805,8.05,LOW,0
41.92,6.81,38.46,32.04,2267.4,8,15.0,60.8,3.46,0.0595,5.95,LOW,0
13.04,2.64,37.58,26.01,324.8,6,24.4,54.8,4.04,0.0185,1.85,LOW,0
3.67,0.72,21.75,32.22,2285.6,6,15.3,54.8,2.32,0.0173,1.73,LOW,0
11.13,2.41,26.32,46.99,1182.5,7,24.6,54.8,2.3,0.0432,4.32,LOW,0
62.39,12.27,39.57,52.85,414.4,9,30.3,86.7,6.5,0.283,28.3,MODERATE,0
137.75,37.12,61.09,51.57,2048.9,2,18.2,75.4,17.91,0.7195,71.95,HIGH,1
23.83,3.78,31.88,37.0,960.4,12,21.2,63.3,2.96,0.0764,7.64,LOW,0
0.34,0.06,26.12,45.03,1391.1,8,20.4,59.5,1.35,0.087,8.7,LOW,0
174.3,46.59,75.96,30.81,487.7,6,25.1,94.6,24.52,0.9075,90.75,CRITICAL,1
13.61,1.8,37.53,33.9,684.1,9,23.9,64.6,1.84,0.029,2.9,LOW,0
30.24,6.58,25.85,55.16,1129.0,14,21.2,67.1,3.06,0.099,9.9,LOW,0
2.73,0.63,19.74,18.98,514.8,5,22.8,61.5,3.17,0.0115,1.15,LOW,0
213.45,42.88,72.56,25.21,2936.9,3,14.3,93.7,29.37,0.9441,94.41,CRITICAL,1
15.9,3.67,25.24,30.92,267.8,5,28.7,64.3,2.98,0.0236,2.36,LOW,0
85.3,12.59,46.66,20.69,1677.4,12,18.8,69.0,10.29,0.1312,13.12,LOW,0
202.64,51.96,78.25,29.87,613.6,7,27.8,84.9,30.92,0.9718,97.18,CRITICAL,1
49.29,7.02,33.11,42.25,1157.7,3,23.1,67.7,6.91,0.1088,10.88,LOW,0
32.66,6.01,34.59,37.67,2981.9,11,8.8,61.7,4.1,0.0764,7.64,LOW,0
34.5,4.55,32.73,54.94,727.0,6,23.1,66.3,3.88,0.0642,6.42,LOW,0
35.56,7.37,30.53,50.96,3099.2,9,14.7,58.9,3.57,0.0963,9.63,LOW,0
34.68,7.88,35.47,35.41,857.1,4,22.4,56.4,6.21,0.0386,3.86,LOW,0
28.24,7.64,30.04,32.78,2437.6,6,12.9,56.6,4.75,0.0654,6.54,LOW,0
150.46,35.85,72.91,36.51,1862.7,7,19.6,82.1,20.29,0.7166,71.66,HIGH,1
46.12,9.53,37.1,42.48,2859.2,10,11.6,57.2,7.19,0.1368,13.68,LOW,0
52.51,14.14,37.95,33.08,1884.3,6,19.0,79.6,6.09,0.1003,10.03,LOW,0
72.08,14.17,46.49,43.55,1826.9,6,17.9,82.5,8.16,0.2521,25.21,MODERATE,0
180.13,37.79,65.41,37.34,826.6,8,21.5,92.3,23.73,0.9062,90.62,CRITICAL,1
3.06,0.66,31.93,41.31,740.4,9,22.2,58.2,1.22,0.0377,3.77,LOW,0
23.08,4.28,35.39,38.06,2953.6,7,7.5,60.6,3.67,0.1204,12.04,LOW,0
25.26,6.42,28.11,33.95,1217.1,7,18.5,65.6,2.97,0.0289,2.89,LOW,0
61.85,9.25,36.66,58.95,1347.6,15,22.2,72.9,5.72,0.3392,33.92,MODERATE,0
189.44,39.55,72.99,48.61,2491.5,12,17.3,90.2,27.85,0.9695,96.95,CRITICAL,1
29.61,6.97,26.24,28.07,1249.5,4,19.6,56.6,3.13,0.0327,3.27,LOW,0
26.21,6.94,23.85,53.54,3058.6,8,7.7,62.8,3.22,0.086,8.6,LOW,0
1.36,0.36,18.17,39.45,2426.9,8,17.5,63.4,2.37,0.0222,2.22,LOW,0
33.43,6.73,21.12,55.05,2012.4,8,19.9,50.8,4.21,0.0506,5.06,LOW,0
61.62,13.73,40.43,50.16,2848.6,7,14.1,62.6,7.75,0.1058,10.58,LOW,0
6.0,1.1,26.0,37.77,396.3,4,22.2,64.1,2.3,0.0241,2.41,LOW,0
31.58,6.15,40.25,20.23,1008.3,8,23.7,62.9,3.91,0.0437,4.37,LOW,0
31.52,8.35,38.76,33.1,1621.9,7,20.5,62.9,6.1,0.043,4.3,LOW,0
6.28,1.69,23.09,41.0,919.6,6,25.2,67.6,0.5,0.019,1.9,LOW,0
4.61,1.21,25.05,43.86,2444.5,7,14.9,60.4,3.08,0.0579,5.79,LOW,0
137.01,19.47,68.88,32.73,2961.7,8,9.8,77.7,18.84,0.5424,54.24,HIGH,1
17.51,4.48,27.66,28.03,1500.1,6,18.7,60.8,3.44,0.0341,3.41,LOW,0
9.03,2.45,28.38,51.8,1259.3,10,24.0,59.7,2.5,0.0499,4.99,LOW,0
6.58,1.17,23.81,63.02,3086.6,10,12.0,56.0,3.56,0.1301,13.01,LOW,0
38.55,7.82,35.99,40.54,1562.3,9,16.1,64.4,4.92,0.067,6.7,LOW,0
32.91,8.05,34.63,29.47,1692.7,12,23.0,58.1,2.63,0.0283,2.83,LOW,0
36.1,7.58,33.36,33.22,1287.4,8,23.8,63.4,2.7,0.0519,5.19,LOW,0
3.22,0.9,31.23,19.73,2933.2,11,16.0,57.4,1.97,0.0184,1.84,LOW,0
145.23,28.02,61.34,56.33,1928.4,9,20.2,83.2,18.64,0.8734,87.34,CRITICAL,1
17.26,4.04,30.41,26.98,2498.4,8,11.9,71.7,4.25,0.0392,3.92,LOW,0
13.16,3.25,37.6,42.05,2644.8,12,14.3,63.5,2.22,0.0526,5.26,LOW,0
21.72,4.32,32.64,33.28,1258.5,8,22.6,63.9,1.06,0.0271,2.71,LOW,0
17.3,4.45,25.86,41.38,1529.4,7,16.2,64.0,3.24,0.0294,2.94,LOW,0
154.4,32.02,69.97,44.46,2753.0,3,9.9,78.0,21.49,0.7713,77.13,CRITICAL,1
92.71,17.23,63.12,51.55,1321.6,6,22.6,78.1,12.68,0.5964,59.64,HIGH,1
12.66,1.74,28.74,30.86,2592.1,9,15.8,64.3,1.55,0.0318,3.18,LOW,0
69.81,12.77,48.52,18.66,3025.9,9,17.3,70.2,9.29,0.1574,15.74,LOW,0
53.24,12.64,39.93,27.92,2088.5,10,15.9,70.1,5.01,0.0478,4.78,LOW,0
93.48,25.0,52.55,55.39,2437.8,13,10.4,76.0,11.15,0.3251,32.51,MODERATE,0
9.87,1.58,27.37,53.84,2625.0,7,13.2,63.5,2.76,0.0424,4.24,LOW,0
147.34,26.06,61.16,42.7,2742.9,4,15.0,88.1,18.77,0.7693,76.93,CRITICAL,1
11.23,1.62,30.02,42.8,1415.4,12,19.3,57.1,1.86,0.051,5.1,LOW,0
60.82,14.02,35.92,44.92,401.2,6,26.0,77.0,5.01,0.1653,16.53,LOW,0
0.19,0.05,23.49,29.62,1435.5,7,18.5,50.4,2.86,0.0381,3.81,LOW,0
29.12,6.48,42.71,56.33,2237.6,5,18.7,68.3,4.79,0.0732,7.32,LOW,0
14.5,3.17,28.7,37.59,1578.5,6,21.2,63.2,3.08,0.0512,5.12,LOW,0
13.64,2.84,24.2,36.61,2459.4,9,12.4,56.3,3.72,0.0668,6.68,LOW,0
36.24,4.86,36.35,40.34,1303.1,5,19.5,71.6,4.71,0.0945,9.45,LOW,0
66.75,15.8,40.92,22.57,2122.5,7,14.6,59.1,6.55,0.0435,4.35,LOW,0
32.88,7.11,34.75,29.24,799.9,10,19.0,74.7,4.57,0.0279,2.79,LOW,0
67.15,15.16,37.92,47.59,2460.6,6,12.6,83.6,7.03,0.1415,14.15,LOW,0
122.54,32.33,63.21,25.05,1859.8,6,13.3,77.4,16.42,0.4108,41.08,MODERATE,0
162.56,39.9,71.14,42.88,852.0,6,25.6,78.2,21.93,0.899,89.9,CRITICAL,1
20.96,5.13,25.86,32.29,1111.1,7,24.4,59.7,2.0,0.0228,2.28,LOW,0
0.41,0.11,26.91,36.78,2458.4,13,13.7,65.9,2.9,0.0545,5.45,LOW,0
201.85,56.19,91.19,33.76,1673.7,6,19.3,88.3,34.98,0.97,97.0,CRITICAL,1
37.92,8.08,31.64,35.82,887.3,8,25.8,48.1,2.22,0.0598,5.98,LOW,0
31.37,4.31,37.57,46.86,3103.5,8,12.9,67.0,2.75,0.0691,6.91,LOW,0
46.65,9.03,40.15,34.03,2359.6,8,20.0,72.4,4.05,0.0894,8.94,LOW,0
29.65,7.29,35.32,41.74,3073.5,7,11.7,67.5,4.95,0.0578,5.78,LOW,0
2.42,0.3,30.18,39.14,1510.0,12,23.3,64.4,2.08,0.0207,2.07,LOW,0
4.33,0.56,24.83,44.88,1651.5,5,19.2,70.3,2.23,0.0464,4.64,LOW,0
31.76,4.15,34.66,57.98,2899.0,3,11.8,63.5,3.63,0.1264,12.64,LOW,0
11.25,2.67,28.64,47.38,1798.9,9,19.8,72.0,1.52,0.0421,4.21,LOW,0
2.9,0.58,21.53,31.19,2336.5,12,16.5,59.5,2.87,0.0465,4.65,LOW,0
19.65,3.52,32.8,21.17,993.9,10,21.0,69.7,3.81,0.0273,2.73,LOW,0
28.29,3.87,31.11,32.88,1567.8,8,17.3,63.4,2.88,0.0266,2.66,LOW,0
87.44,20.74,58.63,42.63,614.2,6,24.8,85.3,12.63,0.286,28.6,MODERATE,0
158.83,27.22,66.93,22.92,857.6,7,18.6,87.7,21.88,0.7317,73.17,HIGH,1
36.13,5.87,28.51,39.7,252.8,6,25.8,64.8,3.0,0.0329,3.29,LOW,0
14.16,3.18,34.57,42.68,365.8,12,23.5,54.9,2.59,0.1043,10.43,LOW,0
49.21,10.31,35.06,35.19,3133.0,3,9.3,68.6,4.74,0.0328,3.28,LOW,0
36.61,6.52,29.19,48.91,964.9,10,20.7,60.6,4.24,0.077,7.7,LOW,0
118.6,26.4,60.15,26.4,2206.8,7,17.8,80.4,13.41,0.3235,32.35,MODERATE,0
28.22,4.61,39.56,24.57,2725.3,8,14.1,68.2,3.3,0.07,7.0,LOW,0
0.4,0.1,28.8,47.21,1874.4,9,17.8,66.3,2.82,0.0297,2.97,LOW,0
41.73,6.54,33.83,39.68,701.8,9,23.2,69.5,2.95,0.1051,10.51,LOW,0
16.51,2.4,30.27,45.74,2397.9,8,17.4,63.0,2.7,0.0604,6.04,LOW,0
267.32,65.54,98.0,38.02,2020.7,8,19.1,99.0,35.0,0.9975,99.75,CRITICAL,1
59.63,13.91,50.0,32.33,2407.2,7,14.5,77.6,8.28,0.1101,11.01,LOW,0
206.76,30.85,80.71,51.04,2520.8,6,17.5,84.7,32.38,0.982,98.2,CRITICAL,1
10.17,1.41,28.34,50.14,3127.5,9,10.3,72.1,1.05,0.076,7.6,LOW,0
7.97,2.03,28.08,45.97,1942.0,6,17.8,68.6,1.36,0.0341,3.41,LOW,0
132.01,32.24,56.16,33.21,1257.8,10,19.6,74.7,15.36,0.628,62.8,HIGH,1
95.14,16.4,50.67,42.47,2163.0,8,15.1,63.0,8.37,0.3038,30.38,MODERATE,0
12.29,2.77,27.56,35.98,451.9,13,23.9,69.1,1.51,0.0588,5.88,LOW,0
25.32,3.54,38.97,25.57,2897.3,8,13.8,65.0,2.95,0.0283,2.83,LOW,0
6.33,1.27,27.75,56.53,602.2,7,25.6,58.2,3.6,0.0581,5.81,LOW,0
133.13,16.37,60.39,27.91,1217.1,10,18.7,81.9,15.89,0.5873,58.73,HIGH,1
4.0,0.73,25.39,59.1,2656.4,8,14.8,67.7,2.84,0.0723,7.23,LOW,0
248.3,32.77,94.19,38.32,2012.1,17,21.4,85.1,35.0,0.998,99.8,CRITICAL,1
85.7,16.8,48.8,30.02,1411.2,7,18.6,73.6,10.27,0.3482,34.82,MODERATE,0
169.74,31.82,77.16,41.01,1646.6,7,17.2,85.8,24.02,0.9306,93.06,CRITICAL,1
45.17,8.63,42.54,53.79,2770.9,8,12.8,75.8,4.74,0.1889,18.89,LOW,0
20.05,2.55,25.66,47.37,1253.0,8,24.6,68.0,2.82,0.0656,6.56,LOW,0
137.36,24.43,68.8,50.46,2815.5,9,11.4,85.5,19.19,0.8464,84.64,CRITICAL,1
14.57,3.51,32.84,44.71,510.0,8,29.8,59.5,3.19,0.0593,5.93,LOW,0
12.54,2.25,28.25,45.88,2541.6,9,11.4,65.9,2.83,0.1098,10.98,LOW,0
30.22,7.08,26.09,52.52,2750.3,7,13.3,61.6,3.92,0.0753,7.53,LOW,0
24.13,4.32,32.82,32.45,786.4,7,19.4,63.0,3.41,0.0561,5.61,LOW,0
30.32,5.69,31.72,39.51,1519.5,11,17.3,68.0,3.91,0.1509,15.09,LOW,0
11.82,2.49,31.08,31.42,738.2,11,23.4,62.3,1.65,0.05,5.0,LOW,0
16.0,4.35,32.71,63.57,2334.5,9,15.8,64.3,1.32,0.0879,8.79,LOW,0
3.07,0.42,32.45,58.57,1829.3,7,21.0,68.3,1.06,0.0515,5.15,LOW,0
1.88,0.24,20.22,21.93,2124.2,10,14.6,58.1,0.5,0.0173,1.73,LOW,0
10.23,2.22,38.56,46.36,829.6,6,24.5,55.3,2.93,0.0611,6.11,LOW,0
2.7,0.73,30.23,57.1,874.7,10,19.8,55.0,3.09,0.1409,14.09,LOW,0
3.83,1.07,29.64,29.84,372.4,9,28.5,53.8,1.26,0.0358,3.58,LOW,0
58.67,11.59,51.01,41.79,1200.1,9,24.7,78.4,8.4,0.1605,16.05,LOW,0
1.39,0.27,26.98,56.41,1901.2,5,20.1,64.1,2.52,0.0478,4.78,LOW,0
37.65,8.4,40.71,21.43,2780.9,11,15.3,72.1,4.21,0.0538,5.38,LOW,0
11.14,2.33,28.97,46.07,2217.4,12,15.6,67.0,2.23,0.0395,3.95,LOW,0
71.83,15.91,49.32,34.04,1534.4,6,20.3,69.6,9.49,0.1292,12.92,LOW,0
23.23,6.03,37.31,57.04,3061.7,8,10.9,73.3,1.24,0.0799,7.99,LOW,0
12.76,3.06,33.87,61.22,2371.8,8,14.8,57.8,3.89,0.2298,22.98,LOW,0
25.52,5.09,24.58,58.59,2994.0,13,9.7,75.9,4.03,0.1699,16.99,LOW,0
183.33,35.55,74.26,39.09,1806.4,11,18.8,88.2,25.92,0.9203,92.03,CRITICAL,1
206.18,45.84,88.59,53.19,1013.8,7,23.5,99.0,34.78,0.9827,98.27,CRITICAL,1
4.26,0.82,28.68,52.28,405.8,9,28.2,54.3,3.85,0.0376,3.76,LOW,0
203.21,39.27,81.65,34.72,2392.0,7,15.8,87.9,30.56,0.9828,98.28,CRITICAL,1
19.4,2.38,32.97,51.51,607.8,11,26.9,53.3,2.97,0.0498,4.98,LOW,0
14.98,2.22,23.68,21.72,1143.2,11,19.9,68.5,3.29,0.056,5.6,LOW,0
43.35,8.59,41.07,42.66,1820.8,9,21.5,68.0,5.41,0.1152,11.52,LOW,0
15.83,3.98,31.29,31.74,1915.0,6,16.9,74.5,2.94,0.0312,3.12,LOW,0
189.64,31.21,78.53,27.12,2021.7,9,11.8,85.5,30.62,0.9158,91.58,CRITICAL,1
149.08,30.36,65.85,24.69,740.5,10,23.0,90.4,18.56,0.8064,80.64,CRITICAL,1
44.5,7.8,38.61,46.02,1370.2,10,21.9,67.2,4.03,0.1395,13.95,LOW,0
3.98,0.54,24.74,35.35,2070.7,6,16.8,60.0,0.5,0.0378,3.78,LOW,0
65.51,17.9,41.72,47.08,3111.0,6,6.0,68.1,5.84,0.1391,13.91,LOW,0
46.58,11.96,46.99,23.93,2396.5,8,15.4,61.9,5.27,0.0852,8.52,LOW,0
8.33,1.1,19.4,34.6,2971.7,4,12.0,63.5,2.61,0.0439,4.39,LOW,0
5.49,1.29,18.71,40.94,2498.5,11,11.8,62.1,3.14,0.0558,5.58,LOW,0
13.31,2.34,32.63,49.76,1995.6,9,18.4,52.6,1.82,0.0416,4.16,LOW,0
130.64,36.47,55.48,34.71,816.5,4,23.2,64.5,14.9,0.5124,51.24,HIGH,1
10.39,1.75,17.89,43.61,2216.7,11,10.9,59.7,3.73,0.0677,6.77,LOW,0
21.32,3.37,36.04,54.54,2089.0,7,18.2,70.2,3.2,0.1529,15.29,LOW,0
1.07,0.22,31.6,43.29,2027.3,8,17.3,61.5,2.58,0.0558,5.58,LOW,0
17.72,4.49,23.42,31.85,1694.9,6,22.5,54.8,3.87,0.0454,4.54,LOW,0
29.65,4.47,24.32,20.45,1809.5,12,15.9,53.8,2.37,0.0442,4.42,LOW,0
107.11,25.01,48.9,53.63,1236.6,7,20.6,83.0,10.29,0.3341,33.41,MODERATE,0
25.45,3.3,28.63,20.09,1782.0,13,20.9,53.9,4.93,0.0539,5.39,LOW,0
59.84,15.98,51.33,53.89,832.8,11,21.1,73.5,8.11,0.2818,28.18,MODERATE,0
27.73,3.69,30.61,40.63,2625.3,10,16.1,67.6,2.2,0.1301,13.01,LOW,0
1.46,0.39,29.57,58.16,798.0,10,26.3,70.0,1.02,0.0441,4.41,LOW,0
13.24,2.63,32.32,50.11,500.7,10,26.0,58.2,2.57,0.0453,4.53,LOW,0
125.7,24.1,66.81,66.19,1536.9,8,19.1,84.5,18.51,0.8568,85.68,CRITICAL,1
105.27,29.03,51.35,35.68,2192.0,10,14.3,84.2,12.71,0.5355,53.55,HIGH,1
68.6,19.1,44.16,48.76,1541.3,7,17.7,62.3,8.52,0.1863,18.63,LOW,0
139.21,31.19,62.88,37.13,1066.4,5,22.9,81.7,17.32,0.6305,63.05,HIGH,1
8.7,1.22,30.13,39.24,1896.6,16,10.4,61.1,2.46,0.0695,6.95,LOW,0
7.86,1.58,33.28,43.66,1273.7,10,19.6,54.8,1.67,0.0432,4.32,LOW,0
89.51,18.32,60.96,53.83,3002.0,5,9.8,75.0,11.41,0.5144,51.44,HIGH,1
67.03,13.56,41.81,62.97,2971.8,10,9.2,63.0,5.92,0.2361,23.61,LOW,0
52.19,11.02,40.32,48.81,1732.0,7,18.9,70.1,4.92,0.1643,16.43,LOW,0
17.46,2.15,34.22,37.57,1217.3,13,17.6,75.7,2.35,0.0392,3.92,LOW,0
24.57,5.74,34.94,37.66,2424.5,9,17.7,62.5,3.4,0.1056,10.56,LOW,0
21.85,5.11,39.69,47.57,358.3,8,28.3,62.7,3.98,0.0345,3.45,LOW,0
10.23,1.42,27.32,32.06,1650.6,10,22.3,70.0,4.17,0.026,2.6,LOW,0
24.61,5.2,29.9,26.6,1242.2,8,19.9,71.2,2.96,0.0842,8.42,LOW,0
1.08,0.23,32.18,35.79,2965.6,7,12.2,56.5,2.65,0.034,3.4,LOW,0
4.95,1.13,27.9,33.71,285.4,8,28.5,64.9,2.07,0.0248,2.48,LOW,0
76.19,10.18,49.03,34.01,1880.8,5,17.3,53.7,9.69,0.0924,9.24,LOW,0
48.76,10.74,38.29,31.88,2435.0,5,13.2,61.3,4.1,0.0502,5.02,LOW,0
19.24,3.17,35.02,22.16,1680.8,7,19.1,69.3,2.68,0.0332,3.32,LOW,0
25.48,5.12,27.81,19.67,501.9,5,24.7,60.8,3.94,0.0293,2.93,LOW,0
16.17,3.94,27.24,63.58,3118.8,10,8.2,61.2,3.37,0.1125,11.25,LOW,0
47.25,11.01,24.99,37.84,1778.1,5,12.3,61.5,4.73,0.0293,2.93,LOW,0
53.67,7.46,36.89,36.64,2061.8,3,14.4,61.5,6.97,0.0748,7.48,LOW,0
50.43,10.82,43.78,45.43,948.0,8,16.9,52.6,4.24,0.1309,13.09,LOW,0
44.88,12.35,37.8,31.31,1676.3,7,16.6,64.6,3.8,0.0692,6.92,LOW,0
8.01,1.16,22.62,59.08,1516.0,3,23.2,64.0,2.89,0.053,5.3,LOW,0
14.44,3.7,36.19,49.57,470.9,10,20.8,63.6,3.75,0.0493,4.93,LOW,0
22.21,5.16,31.91,25.44,563.2,4,26.0,58.3,3.93,0.0185,1.85,LOW,0
14.06,3.43,37.41,37.56,2720.5,9,16.1,53.5,5.66,0.0818,8.18,LOW,0
49.22,8.13,43.06,54.14,957.5,10,18.8,65.1,4.9,0.1313,13.13,LOW,0
13.98,2.32,29.86,58.63,825.1,15,27.9,54.1,3.12,0.0868,8.68,LOW,0
117.96,31.26,67.2,38.9,1739.5,9,18.2,73.1,16.2,0.5733,57.33,HIGH,1
17.82,3.16,28.12,43.21,2517.8,7,17.5,63.4,3.52,0.0311,3.11,LOW,0
136.77,17.79,57.82,29.27,432.7,4,26.3,75.3,16.61,0.5621,56.21,HIGH,1
8.96,1.94,35.51,64.25,1951.6,5,16.1,69.1,2.06,0.0499,4.99,LOW,0
33.15,4.64,37.3,31.8,601.7,8,17.4,58.7,4.61,0.0799,7.99,LOW,0
19.86,4.91,37.53,58.46,357.6,6,23.2,59.3,3.42,0.052,5.2,LOW,0
2.58,0.57,30.13,44.4,405.6,4,27.5,65.5,2.27,0.033,3.3,LOW,0
23.42,6.09,39.78,43.03,2710.8,9,16.9,67.7,4.81,0.0862,8.62,LOW,0
138.66,34.05,61.27,40.16,598.0,5,21.2,83.9,19.77,0.7357,73.57,HIGH,1
25.2,3.48,31.11,31.77,383.2,10,25.7,60.0,1.5,0.0401,4.01,LOW,0
71.98,13.03,44.16,29.67,1541.8,12,18.4,74.3,9.01,0.1307,13.07,LOW,0
11.93,2.91,27.41,31.39,2739.8,9,14.0,66.5,3.23,0.0607,6.07,LOW,0
71.22,13.3,37.11,30.08,1024.1,6,22.6,73.3,6.02,0.1045,10.45,LOW,0
96.52,26.6,52.84,49.28,1494.1,10,18.9,74.3,10.82,0.4141,41.41,MODERATE,0
16.63,3.95,33.61,35.66,367.8,12,27.6,66.0,3.89,0.0281,2.81,LOW,0
30.06,3.68,30.02,23.4,1574.8,7,17.6,64.1,3.67,0.0359,3.59,LOW,0
54.96,14.33,35.82,60.99,1954.0,5,17.3,70.7,5.49,0.1587,15.87,LOW,0
13.72,1.87,28.16,54.41,1934.2,15,19.3,62.5,2.01,0.0598,5.98,LOW,0
44.08,6.28,41.26,57.28,1230.7,13,19.4,57.5,4.51,0.142,14.2,LOW,0
5.09,1.21,21.05,65.15,1180.8,8,20.6,57.3,1.23,0.0738,7.38,LOW,0
12.05,3.11,40.05,29.56,564.5,10,23.5,74.3,2.36,0.0526,5.26,LOW,0
5.47,1.13,20.04,36.98,1332.1,6,21.8,49.2,2.07,0.0181,1.81,LOW,0
58.35,9.7,38.49,48.39,543.5,8,25.9,78.1,6.4,0.1097,10.97,LOW,0
8.82,1.55,33.14,46.02,2511.5,10,12.9,65.1,1.7,0.0619,6.19,LOW,0
44.23,7.73,42.22,28.7,3100.5,6,11.8,66.8,6.12,0.0451,4.51,LOW,0
100.45,17.3,57.53,50.89,3111.7,3,3.9,65.0,11.49,0.37,37.0,MODERATE,0
26.26,4.17,28.93,31.54,2802.0,10,14.7,63.9,4.14,0.0916,9.16,LOW,0
117.51,25.55,55.42,31.52,2022.3,4,19.1,73.1,12.86,0.3485,34.85,MODERATE,0
21.63,5.71,26.78,40.87,2317.6,10,14.0,70.4,5.06,0.0892,8.92,LOW,0
13.8,2.33,27.26,42.56,1091.4,9,20.2,58.1,3.33,0.0307,3.07,LOW,0
22.6,3.39,33.24,42.16,2110.8,10,16.2,61.7,4.19,0.0494,4.94,LOW,0
32.32,8.21,29.74,25.56,1594.2,9,17.0,66.3,3.56,0.0305,3.05,LOW,0
149.38,35.66,58.09,54.04,1672.0,8,16.9,78.5,18.23,0.7328,73.28,HIGH,1
97.19,26.14,58.06,32.99,2485.4,12,15.1,80.3,10.9,0.2283,22.83,LOW,0
69.36,10.16,43.52,27.56,1081.7,11,24.1,68.6,6.46,0.1371,13.71,LOW,0
76.98,11.01,50.29,54.7,1188.2,7,22.3,60.3,8.66,0.3172,31.72,MODERATE,0
105.82,21.87,53.08,59.6,2977.7,9,18.8,76.8,13.63,0.4812,48.12,MODERATE,1
162.54,35.48,73.23,53.19,415.9,13,28.8,89.2,24.43,0.9256,92.56,CRITICAL,1
78.91,15.53,58.72,50.6,1682.6,6,20.6,80.5,8.1,0.326,32.6,MODERATE,0
149.67,32.3,61.19,44.59,2942.8,6,13.6,85.8,17.5,0.7581,75.81,CRITICAL,1
247.27,36.81,90.34,41.28,2050.6,5,16.9,99.0,35.0,0.9972,99.72,CRITICAL,1
18.81,3.7,25.76,25.3,1861.9,5,19.0,65.8,4.13,0.0397,3.97,LOW,0
32.17,7.25,44.53,37.31,986.7,8,23.1,59.1,4.82,0.056,5.6,LOW,0
43.3,8.19,37.03,36.31,1262.7,7,23.7,61.8,2.35,0.0627,6.27,LOW,0
105.27,24.08,58.91,32.79,2763.5,7,12.1,62.0,11.99,0.2568,25.68,MODERATE,0
9.82,1.89,14.53,47.03,1899.7,7,16.7,60.2,2.98,0.0756,7.56,LOW,0
47.98,8.32,40.31,39.69,1768.5,7,21.2,71.1,5.69,0.1038,10.38,LOW,0
25.75,4.34,30.41,24.94,543.8,7,23.9,54.4,3.54,0.0457,4.57,LOW,0
10.95,2.03,35.01,31.38,297.3,7,24.0,69.4,3.8,0.0313,3.13,LOW,0
52.46,6.49,42.98,45.56,3092.9,9,9.1,67.3,5.71,0.1955,19.55,LOW,0
28.12,6.38,30.78,24.63,1362.1,6,22.4,58.8,4.26,0.0423,4.23,LOW,0
37.86,9.66,43.5,52.62,2029.5,11,23.5,56.2,6.61,0.2245,22.45,LOW,0
120.23,21.25,67.02,39.67,485.2,8,23.1,88.0,16.73,0.4956,49.56,MODERATE,1
22.97,2.93,38.96,39.26,2265.2,14,17.2,70.5,2.72,0.0854,8.54,LOW,0
144.17,40.06,69.18,42.54,3001.1,6,11.9,79.2,19.53,0.8395,83.95,CRITICAL,1
18.17,2.95,28.7,51.3,1948.2,5,20.1,68.3,2.04,0.0396,3.96,LOW,0
7.74,1.09,28.33,35.59,622.0,7,26.2,59.9,0.5,0.0378,3.78,LOW,0
114.13,20.45,54.87,45.37,1966.1,6,20.2,73.5,12.48,0.5238,52.38,HIGH,1
185.18,44.1,77.96,41.72,2510.7,10,14.9,83.9,28.62,0.969,96.9,CRITICAL,1
163.49,27.31,67.8,33.04,1448.9,5,17.9,83.1,21.96,0.8217,82.17,CRITICAL,1
18.53,3.93,29.34,54.11,2845.5,7,10.6,60.4,4.34,0.0903,9.03,LOW,0
15.35,2.86,40.02,50.05,2163.6,12,16.6,62.7,3.25,0.1096,10.96,LOW,0
18.3,2.54,31.68,44.7,2902.8,6,13.2,72.4,3.93,0.0854,8.54,LOW,0
18.42,3.18,28.01,52.59,2089.3,2,15.5,76.4,1.17,0.0379,3.79,LOW,0
27.5,6.49,27.2,53.47,637.3,6,29.5,56.9,2.91,0.0786,7.86,LOW,0
27.44,5.98,32.19,46.47,1163.6,4,24.0,66.9,3.32,0.0893,8.93,LOW,0
202.59,28.19,85.45,51.9,845.3,7,18.1,91.6,32.34,0.9813,98.13,CRITICAL,1
117.82,17.22,58.67,46.07,2931.0,11,11.6,80.9,15.97,0.5644,56.44,HIGH,1
23.99,5.34,31.45,45.45,2493.2,5,11.7,60.9,1.43,0.0613,6.13,LOW,0
6.48,1.62,28.94,43.37,2245.4,7,20.4,64.2,2.22,0.0719,7.19,LOW,0
142.67,25.1,66.92,48.17,1137.9,6,16.2,73.1,20.32,0.7738,77.38,CRITICAL,1
94.42,20.32,54.96,28.9,792.9,4,24.7,94.5,12.11,0.2455,24.55,LOW,0
98.55,14.52,56.25,54.24,2481.5,9,14.7,76.5,11.6,0.5352,53.52,HIGH,1
37.71,6.4,35.11,53.73,1648.8,8,21.0,70.0,3.48,0.092,9.2,LOW,0
156.38,19.27,68.09,20.97,916.1,11,23.8,76.7,22.26,0.8884,88.84,CRITICAL,1
83.88,20.38,48.49,51.36,2069.0,6,21.8,68.4,8.8,0.213,21.3,LOW,0
35.56,6.55,37.76,27.53,369.0,13,28.3,56.5,3.59,0.0648,6.48,LOW,0
51.31,12.86,44.97,35.21,1212.2,10,16.7,76.4,7.15,0.1241,12.41,LOW,0
178.26,41.6,73.23,47.81,1632.2,7,22.5,80.1,25.8,0.862,86.2,CRITICAL,1
112.67,28.46,55.73,29.0,686.5,7,24.7,75.8,12.95,0.2817,28.17,MODERATE,0
233.2,38.64,86.23,50.99,3154.7,5,14.2,94.1,35.0,0.9901,99.01,CRITICAL,1
67.33,10.07,36.38,51.66,866.8,6,22.4,72.9,6.85,0.2165,21.65,LOW,0
6.61,1.82,20.66,40.02,634.5,6,21.9,53.2,2.19,0.016,1.6,LOW,0
11.06,2.6,23.08,17.79,850.4,12,20.2,66.8,2.61,0.0386,3.86,LOW,0
11.77,2.98,24.97,33.71,2518.7,11,16.8,69.2,0.5,0.0243,2.43,LOW,0
11.06,1.35,30.4,43.32,1505.2,8,21.7,57.7,2.5,0.0679,6.79,LOW,0
67.68,11.96,38.59,62.53,1918.0,10,16.0,69.9,6.06,0.1731,17.31,LOW,0
1.13,0.27,25.41,43.8,312.0,10,19.6,63.9,1.25,0.0535,5.35,LOW,0
2.77,0.37,29.96,32.8,351.6,5,28.8,61.9,1.46,0.0368,3.68,LOW,0
11.2,2.36,23.99,43.88,1565.2,10,14.3,55.7,1.99,0.0602,6.02,LOW,0
7.8,1.47,24.73,40.96,2659.1,5,18.8,65.4,2.05,0.021,2.1,LOW,0
9.23,1.13,20.98,49.29,2861.5,9,8.6,70.5,2.51,0.0854,8.54,LOW,0
55.97,8.83,35.91,26.42,505.8,7,25.3,77.5,4.88,0.0834,8.34,LOW,0
28.98,4.8,39.97,48.51,1838.2,8,18.5,67.8,4.6,0.0379,3.79,LOW,0
0.2,0.03,27.58,40.99,2944.0,8,12.7,64.6,2.75,0.0416,4.16,LOW,0
199.31,44.06,91.55,60.33,1394.5,7,21.1,87.6,35.0,0.9973,99.73,CRITICAL,1
112.2,17.82,52.73,35.41,2697.2,15,13.5,71.3,13.59,0.608,60.8,HIGH,1
133.28,21.91,69.86,43.83,644.4,12,23.4,79.6,18.19,0.755,75.5,CRITICAL,1
39.46,10.41,32.4,57.6,3009.4,11,10.9,79.5,4.03,0.178,17.8,LOW,0
42.38,8.25,34.36,26.18,2466.7,9,12.8,63.2,4.87,0.0469,4.69,LOW,0
44.67,8.16,51.12,58.01,3026.9,5,11.6,69.3,5.68,0.2307,23.07,LOW,0
45.63,10.76,33.6,45.72,2246.0,10,11.3,69.1,3.6,0.0796,7.96,LOW,0
0.0,0.0,32.93,24.09,1322.0,7,21.5,57.8,1.5,0.0359,3.59,LOW,0
107.71,13.36,55.0,34.15,3017.6,2,11.2,85.1,14.3,0.3977,39.77,MODERATE,0
58.91,11.29,36.11,46.46,1062.9,11,24.3,78.4,5.09,0.1992,19.92,LOW,0
82.01,17.86,40.81,24.06,1229.9,8,20.5,88.3,7.23,0.2619,26.19,MODERATE,0
0.55,0.09,25.68,42.23,2317.4,4,16.8,55.3,1.48,0.0436,4.36,LOW,0
209.14,50.94,77.94,35.53,2507.7,11,15.6,93.8,31.9,0.986,98.6,CRITICAL,1
58.09,16.0,39.79,43.45,2991.7,10,11.2,69.2,6.51,0.2132,21.32,LOW,0
63.54,17.22,33.27,22.47,854.2,7,24.2,65.4,6.51,0.0874,8.74,LOW,0
3.43,0.56,27.73,53.71,2604.1,11,10.3,56.5,4.7,0.087,8.7,LOW,0
46.98,7.34,30.44,61.51,2428.7,4,18.0,68.0,5.4,0.0964,9.64,LOW,0
112.59,30.76,56.22,60.97,438.2,7,24.2,74.1,14.29,0.5521,55.21,HIGH,1
39.72,7.68,29.2,48.05,1392.3,12,19.9,60.1,6.95,0.1342,13.42,LOW,0
29.58,4.54,39.41,27.59,1084.2,5,19.4,65.2,4.59,0.0506,5.06,LOW,0
229.58,53.52,78.73,48.39,1148.2,8,19.8,87.8,34.14,0.9916,99.16,CRITICAL,1
20.48,3.39,29.32,20.47,3149.7,10,14.8,60.3,2.78,0.0251,2.51,LOW,0
32.01,5.21,36.76,20.19,2146.2,8,16.5,67.0,5.17,0.0377,3.77,LOW,0
22.64,5.9,33.13,34.86,2367.1,4,14.2,62.6,2.1,0.0343,3.43,LOW,0
94.53,13.8,45.23,39.49,3131.0,3,10.0,72.6,7.75,0.2217,22.17,LOW,0
2.77,0.36,17.08,48.89,1362.7,8,20.5,71.3,1.26,0.0423,4.23,LOW,0
24.34,3.97,35.72,45.56,2615.4,13,15.4,72.1,4.38,0.1466,14.66,LOW,0
40.65,8.83,35.76,38.32,1531.9,10,20.1,66.6,5.21,0.081,8.1,LOW,0
133.84,18.7,57.12,33.26,2815.1,12,13.1,74.0,15.6,0.5529,55.29,HIGH,1
30.61,5.98,37.66,65.86,782.9,2,21.4,69.5,5.14,0.1025,10.25,LOW,0
83.86,18.48,45.67,37.79,3045.7,8,10.5,87.7,9.5,0.1598,15.98,LOW,0
99.65,25.49,49.62,38.47,895.4,6,23.5,83.1,11.24,0.4925,49.25,MODERATE,1
2.33,0.36,21.32,29.12,1212.4,6,21.3,52.5,2.07,0.0273,2.73,LOW,0
18.02,4.52,26.25,49.94,2480.8,6,13.3,61.5,3.75,0.0563,5.63,LOW,0
163.57,25.78,66.82,45.93,1411.6,9,19.0,80.1,22.43,0.931,93.1,CRITICAL,1
13.99,3.19,30.56,31.4,2044.2,6,17.8,56.5,2.5,0.0274,2.74,LOW,0
26.94,5.09,40.3,25.02,1561.5,5,20.6,70.9,4.77,0.0372,3.72,LOW,0
84.59,11.7,41.7,45.46,2440.0,7,17.1,79.4,7.7,0.1867,18.67,LOW,0
65.6,15.37,41.66,44.56,923.6,8,23.4,80.5,7.15,0.1246,12.46,LOW,0
4.77,0.74,25.52,33.25,422.5,10,20.5,64.8,2.62,0.0379,3.79,LOW,0
3.42,0.51,28.28,59.16,1134.8,5,27.7,60.2,1.84,0.0853,8.53,LOW,0
31.14,5.52,38.66,28.57,1649.2,6,18.9,65.8,4.3,0.0313,3.13,LOW,0
26.58,5.97,31.65,37.96,745.7,9,22.9,58.6,4.12,0.0507,5.07,LOW,0
10.84,1.71,24.85,58.53,1296.7,9,20.7,69.8,1.4,0.0696,6.96,LOW,0
80.4,12.01,50.4,37.62,1429.9,5,19.1,67.6,9.48,0.2389,23.89,LOW,0
91.78,11.16,42.5,44.03,419.3,8,23.6,71.3,11.24,0.2494,24.94,LOW,0
18.03,3.52,19.33,37.02,1970.8,12,18.7,60.9,1.8,0.0612,6.12,LOW,0
77.35,14.59,59.61,33.28,2858.8,5,11.9,53.2,11.33,0.2405,24.05,LOW,0
186.1,29.3,73.07,62.95,697.6,8,23.9,93.1,26.38,0.9628,96.28,CRITICAL,1
46.72,6.01,36.01,37.34,2013.5,11,10.7,61.3,6.21,0.0866,8.66,LOW,0
136.57,25.77,65.96,55.02,2211.0,7,15.3,84.6,17.49,0.7983,79.83,CRITICAL,1
4.58,1.13,28.02,31.74,1487.0,7,17.1,58.0,2.24,0.0233,2.33,LOW,0
92.06,21.58,55.2,31.12,2318.2,6,13.9,71.1,13.36,0.1895,18.95,LOW,0
114.84,29.6,61.84,21.16,1461.7,11,20.6,70.6,14.61,0.5668,56.68,HIGH,1
46.41,5.64,30.78,44.47,1738.7,9,16.9,75.3,5.21,0.0528,5.28,LOW,0
16.01,4.4,35.83,36.2,271.7,6,25.3,72.1,3.63,0.0469,4.69,LOW,0
0.67,0.12,27.74,53.31,2290.6,10,15.6,66.1,0.5,0.1026,10.26,LOW,0
3.71,1.03,27.93,39.06,2201.0,7,14.6,62.1,2.63,0.0262,2.62,LOW,0
24.0,3.85,33.83,60.89,363.3,8,23.4,64.4,2.22,0.1011,10.11,LOW,0
40.99,8.01,25.32,30.04,1336.3,9,16.3,72.7,4.5,0.0758,7.58,LOW,0
14.26,2.52,27.94,53.55,3138.1,10,11.6,61.4,2.84,0.0234,2.34,LOW,0
118.52,20.97,53.35,49.15,1491.2,8,18.5,85.7,12.27,0.5526,55.26,HIGH,1
184.03,46.88,70.98,48.92,1730.7,10,14.3,81.8,24.32,0.9116,91.16,CRITICAL,1
42.6,10.2,34.49,52.29,2934.3,11,15.0,72.3,4.57,0.1894,18.94,LOW,0
23.74,6.62,35.77,48.51,2365.9,8,15.8,71.3,6.01,0.0626,6.26,LOW,0
86.23,18.81,50.58,43.62,1967.1,7,14.2,66.3,11.47,0.4399,43.99,MODERATE,0
23.51,4.56,33.77,27.65,2603.5,9,11.9,58.5,3.79,0.0274,2.74,LOW,0
20.94,2.81,28.63,21.3,2799.9,7,15.2,62.9,3.59,0.032,3.2,LOW,0
7.78,2.17,29.06,56.78,1597.8,8,18.8,63.7,3.01,0.0507,5.07,LOW,0
12.87,2.68,27.61,43.31,1651.6,7,17.9,58.2,2.11,0.0396,3.96,LOW,0
1.51,0.35,30.17,50.01,1388.9,10,22.2,60.8,1.39,0.0584,5.84,LOW,0
35.13,6.5,38.32,39.29,3101.8,7,10.5,52.9,5.27,0.0668,6.68,LOW,0
10.0,2.08,28.6,26.96,2306.6,9,18.4,66.1,1.91,0.0556,5.56,LOW,0
12.69,3.44,24.55,27.35,495.5,7,24.2,66.8,4.0,0.0482,4.82,LOW,0
51.56,7.56,40.8,45.64,2795.7,6,11.2,76.9,4.43,0.0866,8.66,LOW,0
13.87,2.31,30.1,37.9,1667.7,3,18.9,65.5,1.85,0.0316,3.16,LOW,0
107.17,15.47,55.61,30.63,452.8,8,27.9,73.9,14.14,0.2576,25.76,MODERATE,0
6.48,1.6,24.44,39.57,1871.7,7,18.3,54.9,2.0,0.0196,1.96,LOW,0
221.33,28.76,83.7,23.85,1480.6,12,20.1,88.3,35.0,0.9808,98.08,CRITICAL,1
4.86,0.65,27.97,42.22,2839.4,9,10.4,60.2,2.89,0.0843,8.43,LOW,0
21.16,3.55,26.64,33.11,851.8,7,20.9,58.1,4.17,0.019,1.9,LOW,0
24.75,5.01,30.67,50.06,2688.1,13,15.6,59.1,3.98,0.1188,11.88,LOW,0
40.7,7.53,39.33,34.45,1895.2,6,20.3,65.9,5.17,0.0754,7.54,LOW,0
35.11,4.47,37.04,38.57,411.1,7,28.3,55.6,5.14,0.0482,4.82,LOW,0
58.26,15.92,35.53,18.76,3116.9,6,12.8,62.8,6.13,0.0679,6.79,LOW,0
1.6,0.44,26.94,24.4,1762.2,3,19.4,61.6,3.16,0.0228,2.28,LOW,0
152.83,25.17,77.95,36.87,1108.1,9,23.0,84.5,26.3,0.8786,87.86,CRITICAL,1
11.5,2.73,31.6,39.24,1634.8,7,19.3,66.9,3.16,0.0403,4.03,LOW,0
5.52,1.17,25.17,42.78,2780.7,7,14.1,61.8,1.39,0.0346,3.46,LOW,0
11.95,1.89,34.88,33.86,1149.5,7,21.6,62.0,3.79,0.0273,2.73,LOW,0
12.98,2.1,39.63,45.98,818.4,9,24.9,65.8,2.78,0.0721,7.21,LOW,0
25.83,5.13,36.55,53.09,630.8,4,26.8,65.0,4.04,0.0611,6.11,LOW,0
38.14,7.14,27.02,49.29,1128.7,12,18.6,59.9,4.22,0.1113,11.13,LOW,0
16.79,2.8,32.79,21.95,2551.1,11,16.7,57.7,2.41,0.0257,2.57,LOW,0
44.49,11.09,44.2,39.26,1641.3,9,18.8,76.7,5.17,0.084,8.4,LOW,0
14.34,2.83,18.7,26.31,921.1,6,26.6,81.5,0.5,0.019,1.9,LOW,0
12.0,2.7,33.05,32.18,740.2,3,27.1,66.2,2.61,0.0444,4.44,LOW,0
27.27,4.1,31.62,63.39,1231.6,10,18.6,58.0,4.11,0.0747,7.47,LOW,0
0.84,0.17,31.81,28.18,3022.8,9,11.4,71.5,2.06,0.0599,5.99,LOW,0
2.91,0.5,25.46,39.77,1261.9,3,16.4,57.9,1.67,0.0357,3.57,LOW,0
18.94,3.87,32.02,43.36,3165.0,4,9.6,65.4,3.47,0.0248,2.48,LOW,0
237.69,58.22,93.35,46.25,1681.4,4,19.6,95.5,35.0,0.9943,99.43,CRITICAL,1
44.74,10.87,41.1,41.54,778.5,11,25.8,67.8,4.25,0.0621,6.21,LOW,0
3.23,0.57,28.14,18.45,2878.9,9,12.3,57.8,2.69,0.0278,2.78,LOW,0
65.55,15.15,38.86,34.95,1608.0,4,20.3,77.6,7.17,0.1547,15.47,LOW,0
46.13,12.48,36.6,40.31,2343.5,14,13.4,65.8,5.55,0.134,13.4,LOW,0
33.04,7.27,34.22,25.35,3151.9,7,10.6,68.6,3.73,0.064,6.4,LOW,0
60.07,8.64,47.97,35.67,398.0,11,24.3,72.6,8.28,0.169,16.9,LOW,0
18.12,4.14,32.5,21.36,535.2,7,25.8,62.1,1.94,0.0377,3.77,LOW,0
8.76,1.2,24.17,24.79,2375.3,7,18.4,52.3,2.08,0.0242,2.42,LOW,0
25.11,6.52,27.43,37.0,1081.4,15,21.9,58.8,3.99,0.0698,6.98,LOW,0
154.99,31.41,71.67,27.72,793.7,7,20.2,87.5,22.85,0.8344,83.44,CRITICAL,1
27.05,4.91,30.2,41.78,366.1,7,26.5,65.9,2.7,0.0516,5.16,LOW,0
94.63,12.22,55.26,45.78,314.4,10,28.0,69.3,13.56,0.5678,56.78,HIGH,1
103.96,18.81,53.83,50.19,2534.7,8,11.8,75.9,11.94,0.4369,43.69,MODERATE,0
81.39,21.53,55.09,30.62,646.6,6,27.5,73.5,10.16,0.2291,22.91,LOW,0
72.98,9.0,41.75,29.29,1629.8,5,17.5,74.4,8.46,0.085,8.5,LOW,0
56.58,11.09,48.04,26.29,2037.4,10,14.9,79.4,8.44,0.0642,6.42,LOW,0
100.53,27.04,58.07,43.96,1513.6,9,15.2,61.4,12.57,0.4638,46.38,MODERATE,0
175.46,32.14,71.93,46.4,330.0,8,26.9,93.6,25.89,0.8749,87.49,CRITICAL,1
10.78,2.03,23.63,21.21,2561.3,12,18.5,62.9,2.0,0.064,6.4,LOW,0
23.92,5.08,41.33,57.93,281.0,10,27.4,57.4,5.45,0.1098,10.98,LOW,0
65.6,12.73,38.85,22.96,2497.6,7,12.4,70.8,6.63,0.0775,7.75,LOW,0
24.62,3.62,33.43,40.99,2885.2,8,13.4,72.4,3.8,0.0542,5.42,LOW,0
48.25,5.93,40.24,46.49,1526.9,6,21.6,77.7,5.15,0.1174,11.74,LOW,0
5.24,1.14,26.52,53.68,1829.9,7,20.8,54.7,2.47,0.0617,6.17,LOW,0
10.18,2.72,31.76,46.68,1657.1,7,15.8,56.4,1.85,0.0355,3.55,LOW,0
46.06,6.31,33.24,50.24,1398.2,6,24.2,59.2,4.69,0.0374,3.74,LOW,0
6.3,0.97,36.43,35.34,2867.9,4,12.8,62.3,2.43,0.0202,2.02,LOW,0
15.15,2.72,25.12,50.84,2887.1,3,16.5,64.0,1.63,0.0367,3.67,LOW,0
10.77,2.69,27.3,24.88,1240.7,5,21.6,67.5,1.96,0.0245,2.45,LOW,0
15.07,2.46,22.03,55.07,2064.5,7,18.1,64.9,0.5,0.0633,6.33,LOW,0
43.12,11.26,42.31,41.18,2984.4,15,9.2,71.8,4.04,0.1785,17.85,LOW,0
16.05,2.07,38.94,50.96,3088.1,9,13.5,54.1,3.11,0.0417,4.17,LOW,0
28.36,7.67,42.98,38.49,1751.4,8,15.7,74.8,5.15,0.0531,5.31,LOW,0
139.04,29.16,69.6,44.19,1585.8,6,19.9,88.6,19.06,0.7332,73.32,HIGH,1
57.22,12.9,39.17,40.56,1072.1,10,21.0,65.4,6.0,0.2126,21.26,LOW,0
16.17,2.89,29.53,47.34,3078.7,10,10.8,57.7,4.02,0.1736,17.36,LOW,0
36.6,8.97,33.63,24.98,671.3,8,27.0,70.0,5.05,0.0276,2.76,LOW,0
45.23,6.63,31.6,23.58,1960.5,6,16.3,57.4,5.39,0.0643,6.43,LOW,0
8.24,1.05,25.83,32.36,1083.5,5,24.8,56.8,2.5,0.0262,2.62,LOW,0
75.6,13.86,50.71,28.95,1073.1,12,21.1,65.2,8.41,0.2232,22.32,LOW,0
33.52,8.6,30.05,53.72,1444.7,6,20.4,64.4,4.21,0.052,5.2,LOW,0
19.6,4.72,19.08,31.35,3196.4,9,15.8,60.3,3.96,0.059,5.9,LOW,0
7.05,1.43,20.71,61.81,412.2,4,26.0,56.3,4.07,0.0246,2.46,LOW,0
279.13,59.05,98.0,35.27,1956.7,10,17.0,96.6,35.0,0.9983,99.83,CRITICAL,1
49.24,6.93,30.2,29.9,493.6,6,25.6,63.6,6.21,0.0508,5.08,LOW,0
8.16,2.08,24.93,49.71,705.8,7,23.3,54.1,2.41,0.0385,3.85,LOW,0
14.42,3.55,27.12,44.71,1546.7,9,17.0,65.4,1.5,0.0529,5.29,LOW,0
58.07,13.07,42.55,39.75,1755.9,1,23.5,75.5,7.05,0.0698,6.98,LOW,0
41.64,8.1,37.83,41.41,1013.4,4,21.4,68.7,5.93,0.0633,6.33,LOW,0
50.8,13.94,41.23,46.87,1183.5,10,17.7,75.9,3.22,0.1304,13.04,LOW,0
20.37,5.31,29.96,31.69,506.6,9,24.8,58.0,1.62,0.0345,3.45,LOW,0
44.12,9.84,32.63,65.59,1144.5,14,22.6,62.1,4.13,0.2158,21.58,LOW,0
17.1,3.07,34.29,61.67,3101.3,7,10.4,65.2,2.29,0.1234,12.34,LOW,0
8.31,1.82,18.51,44.42,3036.9,15,11.2,64.7,0.67,0.0453,4.53,LOW,0
35.05,7.43,38.72,30.6,1237.9,4,20.8,65.3,4.82,0.0746,7.46,LOW,0
130.56,23.9,67.28,45.45,1934.0,10,18.4,79.4,19.05,0.7595,75.95,CRITICAL,1
13.02,2.2,40.33,24.38,2933.3,11,13.9,55.6,2.76,0.0612,6.12,LOW,0
21.63,4.0,27.29,21.11,268.2,12,26.0,47.3,1.4,0.0269,2.69,LOW,0
39.23,8.31,33.18,32.72,2641.5,16,19.9,69.2,4.55,0.067,6.7,LOW,0
151.78,28.61,67.76,38.77,3047.7,6,13.8,88.7,19.4,0.7878,78.78,CRITICAL,1
64.9,10.52,43.07,53.53,519.4,9,25.1,67.1,6.02,0.4299,42.99,MODERATE,0
50.2,12.14,43.23,47.17,726.3,8,20.7,64.2,6.87,0.0839,8.39,LOW,0
2.1,0.43,28.2,47.77,3084.2,15,11.3,56.4,3.31,0.0939,9.39,LOW,0
225.79,29.54,86.46,37.77,1835.7,6,19.9,91.6,35.0,0.9902,99.02,CRITICAL,1
48.86,8.74,38.19,35.54,291.9,10,28.4,73.4,6.09,0.1129,11.29,LOW,0
69.8,18.26,49.21,36.27,1010.0,5,17.8,64.9,7.11,0.088,8.8,LOW,0
36.86,8.88,28.99,63.57,1577.3,8,19.6,69.4,4.45,0.1526,15.26,LOW,0
67.9,11.66,42.84,21.99,2294.1,8,14.2,67.2,6.85,0.1019,10.19,LOW,0
4.17,1.13,28.94,53.46,2412.8,12,18.5,48.7,0.89,0.0386,3.86,LOW,0
14.96,1.98,23.85,42.12,3186.5,15,10.8,60.2,1.74,0.0676,6.76,LOW,0
73.18,20.04,27.79,38.12,1098.2,5,16.2,80.8,6.07,0.101,10.1,LOW,0
7.88,1.26,34.44,47.1,1837.7,6,18.8,57.1,1.01,0.0407,4.07,LOW,0
148.06,17.98,66.36,39.43,1823.3,8,13.1,80.8,19.4,0.7722,77.22,CRITICAL,1
54.31,10.29,33.92,53.81,1446.7,6,21.2,68.2,6.38,0.196,19.6,LOW,0
129.91,23.05,65.98,55.43,749.0,6,30.3,80.7,16.94,0.7816,78.16,CRITICAL,1
6.21,1.28,25.7,37.67,3133.5,6,14.2,70.2,0.75,0.0209,2.09,LOW,0
67.43,16.69,38.71,33.37,2767.3,15,13.4,65.4,6.42,0.1898,18.98,LOW,0
40.63,10.35,38.22,42.54,1720.1,5,16.9,66.2,5.47,0.0753,7.53,LOW,0
25.69,4.73,32.45,56.2,2029.6,1,20.0,68.4,2.2,0.0486,4.86,LOW,0
62.07,11.72,39.31,31.02,920.4,10,24.5,65.0,7.58,0.0703,7.03,LOW,0
19.02,2.73,26.48,43.52,1854.2,7,17.1,63.3,3.67,0.0678,6.78,LOW,0
7.55,0.96,21.98,43.8,2300.2,7,14.0,67.0,2.65,0.0331,3.31,LOW,0
11.73,2.61,31.96,47.4,1769.7,8,16.0,58.6,3.25,0.08,8.0,LOW,0
24.62,3.21,25.65,27.66,3171.3,9,11.5,62.7,3.26,0.0237,2.37,LOW,0
26.53,6.3,28.44,46.74,2053.5,7,15.7,57.1,3.69,0.1267,12.67,LOW,0
57.32,11.82,41.56,55.97,1344.4,12,21.0,74.3,6.36,0.4664,46.64,MODERATE,0
54.85,8.32,47.65,29.8,2527.8,11,16.4,69.2,7.59,0.1434,14.34,LOW,0
30.48,6.29,34.2,32.02,752.9,8,22.8,62.0,5.17,0.0819,8.19,LOW,0
53.12,7.93,42.81,61.26,1384.3,7,22.0,66.1,5.27,0.1615,16.15,LOW,0
7.45,1.42,27.6,29.85,1273.5,7,24.1,61.1,1.67,0.0214,2.14,LOW,0
137.61,34.12,68.06,52.78,1523.8,8,20.6,82.6,18.47,0.8732,87.32,CRITICAL,1
72.4,14.04,54.96,39.59,2556.3,9,15.7,66.9,8.55,0.2345,23.45,LOW,0
2.75,0.4,23.58,32.36,1678.3,12,19.8,57.0,3.25,0.0211,2.11,LOW,0
9.91,2.34,27.85,53.66,2592.3,5,13.8,59.9,1.0,0.0521,5.21,LOW,0
41.6,6.23,37.51,38.3,1950.6,7,19.4,67.1,5.35,0.0475,4.75,LOW,0
18.43,4.39,32.81,40.23,1259.1,6,25.1,72.4,4.48,0.046,4.6,LOW,0
73.15,14.39,46.14,35.93,2639.4,6,15.6,66.2,7.5,0.2023,20.23,LOW,0
12.38,2.38,25.75,42.56,953.0,2,22.3,51.9,4.05,0.0555,5.55,LOW,0
152.18,38.99,67.57,29.12,911.9,6,22.6,91.2,21.67,0.7623,76.23,CRITICAL,1
12.52,2.92,40.66,36.83,1738.3,7,18.1,56.6,2.57,0.0723,7.23,LOW,0
30.2,3.78,35.03,61.03,1019.5,4,24.8,73.3,4.72,0.0852,8.52,LOW,0
16.5,2.76,20.07,32.74,276.8,2,25.2,69.9,1.77,0.0447,4.47,LOW,0
26.79,6.95,30.53,44.64,2162.5,4,13.5,67.3,2.37,0.0382,3.82,LOW,0
73.23,9.0,45.57,34.91,1757.7,5,19.5,78.3,7.54,0.1036,10.36,LOW,0
85.26,17.67,48.17,49.02,1564.3,2,19.5,61.8,10.74,0.2,20.0,LOW,0
10.82,2.56,27.69,27.63,3102.6,9,14.6,53.5,2.08,0.0212,2.12,LOW,0
21.71,4.76,32.51,61.07,1935.0,10,11.7,65.0,3.31,0.1322,13.22,LOW,0
27.88,6.74,35.35,38.53,2797.1,6,13.1,61.9,2.77,0.0802,8.02,LOW,0
257.66,60.84,98.0,31.96,661.4,9,23.4,93.9,35.0,0.9976,99.76,CRITICAL,1
230.43,53.17,94.27,24.47,1929.2,10,19.4,99.0,35.0,0.9934,99.34,CRITICAL,1
9.39,2.36,20.15,29.39,2810.5,7,11.8,63.0,1.64,0.0144,1.44,LOW,0
45.44,10.15,36.46,40.37,1970.2,7,15.7,73.1,2.66,0.0826,8.26,LOW,0
169.03,31.17,74.5,35.27,2368.1,8,17.3,83.1,24.31,0.9436,94.36,CRITICAL,1
0.28,0.06,26.36,51.51,1347.5,5,23.8,59.9,2.46,0.0762,7.62,LOW,0
0.33,0.08,21.83,37.92,522.7,6,24.9,69.3,2.0,0.0196,1.96,LOW,0
21.6,5.62,28.39,32.41,1600.8,5,19.0,55.5,3.18,0.0266,2.66,LOW,0
110.61,18.09,51.76,43.33,1413.7,7,23.4,76.1,12.65,0.745,74.5,HIGH,1
177.85,31.08,79.68,46.41,2807.8,10,15.5,81.4,27.0,0.964,96.4,CRITICAL,1
40.65,10.93,27.12,29.27,969.8,6,25.2,76.3,2.73,0.0773,7.73,LOW,0
12.19,2.59,22.0,29.29,3101.9,7,9.9,76.3,3.22,0.0537,5.37,LOW,0
28.73,4.27,35.14,21.69,3076.5,8,9.4,65.6,2.93,0.0229,2.29,LOW,0
12.53,2.83,31.22,47.53,980.5,7,26.7,64.8,1.5,0.0692,6.92,LOW,0
6.4,1.78,18.87,44.88,1276.8,5,22.5,60.3,2.72,0.0381,3.81,LOW,0
18.3,4.61,33.26,39.1,2891.9,8,10.2,61.9,1.99,0.0906,9.06,LOW,0
9.25,2.21,28.49,52.26,3101.5,8,10.7,61.9,1.66,0.1215,12.15,LOW,0
26.79,4.11,35.08,50.42,1558.1,9,19.6,55.9,5.27,0.065,6.5,LOW,0
7.76,2.02,27.53,42.32,1196.9,6,21.2,65.1,3.97,0.1448,14.48,LOW,0
24.85,5.07,34.09,53.53,1802.0,2,17.4,57.8,4.72,0.0665,6.65,LOW,0
185.42,48.63,79.22,30.84,2278.9,8,18.5,85.7,29.2,0.9533,95.33,CRITICAL,1
38.91,6.72,38.25,26.68,1056.7,3,23.5,66.0,5.84,0.0147,1.47,LOW,0
118.15,15.35,59.3,33.13,2422.6,8,20.3,73.1,16.57,0.5824,58.24,HIGH,1
176.47,34.62,73.98,23.34,402.4,7,29.0,90.1,26.59,0.7524,75.24,CRITICAL,1
22.08,3.6,30.78,40.7,395.4,7,26.2,60.5,3.47,0.0469,4.69,LOW,0
2.57,0.6,26.87,57.96,1389.5,12,23.9,66.8,3.0,0.0698,6.98,LOW,0
126.65,34.59,64.59,21.93,1292.7,5,21.8,73.8,16.26,0.4914,49.14,MODERATE,1
10.75,2.48,37.83,27.2,1181.1,5,27.5,60.6,2.88,0.0296,2.96,LOW,0
26.25,6.87,34.99,38.49,1698.5,6,17.9,57.5,3.84,0.0615,6.15,LOW,0
25.5,4.91,34.03,57.75,1196.2,17,22.6,69.7,3.42,0.2396,23.96,LOW,0
90.36,22.0,56.38,34.63,817.2,9,22.0,71.7,10.85,0.2166,21.66,LOW,0
27.88,7.11,34.79,40.01,1162.9,6,20.7,60.8,5.03,0.0514,5.14,LOW,0
30.61,7.16,28.27,22.12,3126.0,8,10.0,63.5,2.6,0.0234,2.34,LOW,0
17.98,3.62,26.37,28.45,1462.8,11,23.0,62.0,3.0,0.0263,2.63,LOW,0
104.21,22.94,63.32,63.39,1561.9,4,19.9,78.1,12.59,0.7525,75.25,CRITICAL,1
52.55,12.2,36.15,60.55,1950.8,7,11.1,71.1,3.41,0.1025,10.25,LOW,0
11.76,1.89,31.14,17.45,3150.9,10,10.9,60.9,3.85,0.0195,1.95,LOW,0
65.07,16.24,38.28,59.25,962.7,12,20.3,69.5,7.77,0.474,47.4,MODERATE,0
19.82,5.39,36.97,44.05,2259.8,7,14.5,44.3,2.83,0.0511,5.11,LOW,0
61.75,12.01,39.99,53.51,2362.2,6,17.9,66.5,6.49,0.164,16.4,LOW,0
203.3,47.2,82.34,38.56,2041.6,10,13.4,99.0,31.84,0.9833,98.33,CRITICAL,1
7.33,1.74,25.91,40.25,511.3,4,22.1,63.8,2.05,0.0195,1.95,LOW,0
42.27,9.55,39.36,39.49,2246.8,7,11.5,59.9,4.51,0.0545,5.45,LOW,0
12.02,2.49,29.22,44.99,439.1,10,24.6,59.5,3.09,0.0451,4.51,LOW,0
12.36,3.23,33.01,28.05,2008.6,5,12.7,58.3,2.35,0.0387,3.87,LOW,0
12.3,2.36,31.72,21.04,2431.8,10,10.6,68.3,3.12,0.0389,3.89,LOW,0
45.26,5.87,39.08,34.37,872.4,4,22.6,72.6,6.85,0.0521,5.21,LOW,0
9.14,2.33,30.82,46.33,2732.8,7,13.8,56.7,2.9,0.0463,4.63,LOW,0
0.03,0.01,28.51,30.69,339.5,10,23.9,60.1,2.13,0.0423,4.23,LOW,0
43.96,11.25,35.32,45.21,2739.2,12,13.8,59.8,4.22,0.0474,4.74,LOW,0
6.57,0.93,24.47,61.08,1608.0,13,19.4,57.2,2.28,0.1029,10.29,LOW,0
3.86,0.48,33.84,25.7,891.9,6,24.4,57.0,0.56,0.03,3.0,LOW,0
9.49,2.56,31.19,45.18,644.6,8,21.9,57.2,4.07,0.0367,3.67,LOW,0
16.73,2.4,31.71,38.26,3062.3,8,16.1,64.7,2.0,0.0571,5.71,LOW,0
22.61,5.64,27.32,53.52,464.4,11,22.6,71.5,1.19,0.0875,8.75,LOW,0
1.6,0.4,16.51,29.7,837.3,9,21.8,59.9,1.94,0.0505,5.05,LOW,0
123.4,28.8,58.09,45.89,1276.1,13,22.3,72.2,15.26,0.6208,62.08,HIGH,1
44.07,6.21,35.07,51.96,2079.7,9,16.9,67.9,6.11,0.1584,15.84,LOW,0
13.66,3.1,27.27,58.62,1857.2,6,19.9,63.3,2.92,0.0394,3.94,LOW,0
13.43,3.52,33.03,45.56,620.6,11,23.8,60.9,3.72,0.0696,6.96,LOW,0
20.83,3.92,38.47,39.72,1104.7,10,18.9,74.3,4.37,0.0937,9.37,LOW,0
34.45,6.41,40.19,43.35,954.3,3,18.9,66.6,5.32,0.054,5.4,LOW,0
5.54,1.06,23.52,53.56,880.0,12,27.6,64.3,1.1,0.1049,10.49,LOW,0
7.33,0.98,29.74,41.87,1462.9,9,19.2,47.6,2.9,0.0621,6.21,LOW,0
68.67,18.04,41.79,21.09,2326.9,9,14.8,64.5,5.78,0.095,9.5,LOW,0
10.36,2.68,18.7,57.52,891.5,4,27.6,64.6,4.34,0.0496,4.96,LOW,0
117.32,32.81,57.47,45.78,1331.7,11,19.4,79.3,14.83,0.3102,31.02,MODERATE,0
247.88,52.95,98.0,45.32,1403.2,9,20.3,94.9,35.0,0.9973,99.73,CRITICAL,1
38.08,9.15,33.99,31.21,3130.5,10,8.2,68.4,4.71,0.0944,9.44,LOW,0
14.63,2.23,33.26,44.71,3066.3,8,7.9,67.8,1.87,0.0499,4.99,LOW,0
40.29,9.14,32.95,36.91,2610.4,11,18.4,63.2,2.83,0.0879,8.79,LOW,0
0.7,0.16,28.64,44.45,962.9,6,27.5,56.4,2.91,0.0326,3.26,LOW,0
46.57,12.3,36.82,26.4,450.7,8,28.1,65.4,4.11,0.0332,3.32,LOW,0
23.36,5.91,39.16,44.68,1184.9,6,24.0,66.5,3.47,0.0843,8.43,LOW,0
58.72,15.86,39.87,67.03,1037.0,9,24.2,65.4,6.42,0.1664,16.64,LOW,0
108.26,28.04,52.6,22.67,1742.5,7,16.6,81.4,12.07,0.254,25.4,MODERATE,0
91.03,23.58,57.85,61.98,2544.3,6,14.7,70.8,10.45,0.4989,49.89,MODERATE,1
83.99,10.94,45.63,37.27,2782.1,5,11.4,69.2,8.96,0.1424,14.24,LOW,0
25.12,6.42,33.1,53.66,2742.3,6,6.4,77.8,3.64,0.1439,14.39,LOW,0
15.63,3.39,26.53,49.4,1311.0,4,23.6,54.9,3.62,0.0973,9.73,LOW,0
21.89,3.96,35.75,41.76,2277.3,7,16.9,68.0,5.85,0.0453,4.53,LOW,0
40.98,5.29,42.96,47.61,1172.9,11,18.3,55.3,3.19,0.0916,9.16,LOW,0
75.4,17.22,42.74,54.1,429.7,6,24.7,75.3,7.0,0.2038,20.38,LOW,0
8.12,1.4,30.0,37.2,2319.6,6,17.9,77.4,2.66,0.057,5.7,LOW,0
87.62,17.07,52.73,34.97,279.0,12,26.8,79.5,11.33,0.3532,35.32,MODERATE,0
131.27,30.07,62.39,45.01,1457.1,3,15.7,87.7,17.09,0.6971,69.71,HIGH,1
254.7,67.72,98.0,50.52,1221.7,8,18.2,97.6,35.0,0.9991,99.91,CRITICAL,1
74.28,18.72,53.39,48.56,2295.5,8,20.0,76.8,7.66,0.2064,20.64,LOW,0
11.49,2.21,23.96,50.07,2510.4,7,14.4,63.2,2.18,0.0628,6.28,LOW,0
3.92,0.71,32.14,38.04,1147.1,7,24.3,72.7,3.69,0.0408,4.08,LOW,0
4.17,0.66,28.7,50.98,2644.3,7,18.1,54.0,1.36,0.0578,5.78,LOW,0
123.41,22.16,60.78,27.11,1117.1,13,20.7,85.6,12.6,0.6476,64.76,HIGH,1
33.33,4.59,33.17,41.09,1566.7,11,20.3,67.6,3.17,0.0743,7.43,LOW,0
156.22,43.02,61.33,17.65,2394.7,11,9.9,78.0,19.68,0.6312,63.12,HIGH,1
80.33,17.02,48.91,34.89,2294.1,4,13.9,70.4,9.0,0.1112,11.12,LOW,0
34.21,4.81,36.12,36.14,3162.7,7,12.0,55.5,2.94,0.1026,10.26,LOW,0
0.2,0.03,35.03,36.98,914.2,9,22.5,40.4,1.29,0.0347,3.47,LOW,0
7.22,1.5,23.65,46.0,2203.8,10,17.0,53.9,0.98,0.0281,2.81,LOW,0
3.68,0.75,17.99,36.76,2048.6,5,19.1,58.2,0.91,0.042,4.2,LOW,0
15.8,1.99,23.53,38.39,2949.5,10,13.2,62.9,1.79,0.0227,2.27,LOW,0
24.35,6.63,39.78,32.02,711.3,10,24.9,55.8,3.85,0.0293,2.93,LOW,0
1.55,0.25,23.2,36.33,2467.8,11,14.9,58.3,0.5,0.0312,3.12,LOW,0
15.0,1.84,36.02,31.64,1926.4,10,16.0,63.7,4.34,0.0369,3.69,LOW,0
6.91,0.91,26.97,24.45,1060.3,3,19.9,57.6,2.23,0.02,2.0,LOW,0
36.45,7.76,30.33,42.89,1649.6,4,22.3,59.0,2.88,0.0257,2.57,LOW,0
21.84,3.1,41.12,45.03,1234.6,1,23.2,58.9,2.64,0.0527,5.27,LOW,0
23.93,3.03,38.29,43.4,1959.0,8,15.3,71.6,3.01,0.1097,10.97,LOW,0
157.0,28.38,68.06,38.79,2872.6,17,12.4,73.2,21.24,0.8424,84.24,CRITICAL,1
109.34,24.02,60.6,36.52,1929.4,5,13.9,83.3,14.08,0.3795,37.95,MODERATE,0
8.46,1.17,27.98,53.26,2113.6,7,15.2,69.5,2.23,0.0443,4.43,LOW,0
25.45,4.33,34.31,40.35,1780.3,6,19.5,61.7,2.82,0.057,5.7,LOW,0
46.62,8.71,46.86,39.22,400.9,8,26.4,69.8,5.92,0.0738,7.38,LOW,0
28.48,4.14,25.38,20.59,936.9,9,23.1,59.6,1.23,0.0181,1.81,LOW,0
168.31,33.83,70.33,35.4,1701.4,7,16.4,86.9,22.09,0.8545,85.45,CRITICAL,1
162.62,21.73,70.68,36.53,1165.2,8,18.9,97.8,22.01,0.8781,87.81,CRITICAL,1
21.81,2.78,32.78,37.05,786.2,10,26.1,70.9,1.94,0.057,5.7,LOW,0
3.24,0.66,19.66,42.16,1737.2,7,22.7,57.5,1.9,0.0289,2.89,LOW,0
32.87,5.25,38.79,40.77,1202.3,12,22.8,57.0,2.96,0.108,10.8,LOW,0
11.9,1.61,22.56,43.03,1011.4,9,22.0,60.0,4.2,0.0527,5.27,LOW,0
6.12,1.15,20.46,48.67,1618.8,8,22.2,62.6,0.77,0.0292,2.92,LOW,0
27.52,7.33,31.45,50.76,643.2,9,22.4,68.5,5.07,0.0328,3.28,LOW,0
26.6,6.27,41.93,46.83,2986.8,4,14.2,63.3,2.0,0.0772,7.72,LOW,0
2.76,0.69,38.48,59.59,2809.7,9,11.1,71.1,4.2,0.0868,8.68,LOW,0
41.93,10.88,39.18,19.71,2337.5,6,13.8,66.5,5.54,0.0283,2.83,LOW,0
211.89,58.4,83.14,30.45,563.3,9,24.1,88.9,34.5,0.9896,98.96,CRITICAL,1
7.33,1.78,27.83,18.04,2538.8,10,13.8,64.2,1.0,0.0429,4.29,LOW,0
22.18,4.82,32.89,44.32,2633.5,11,15.8,67.5,2.99,0.1163,11.63,LOW,0
44.59,7.96,44.82,55.27,2514.9,7,10.9,62.1,5.34,0.1569,15.69,LOW,0
26.38,3.93,26.3,32.23,586.2,9,23.3,58.3,3.15,0.0121,1.21,LOW,0
17.62,4.05,35.91,57.23,2149.5,4,16.7,52.8,4.41,0.1078,10.78,LOW,0
13.62,3.8,21.68,23.57,2711.3,3,14.5,60.3,3.22,0.0128,1.28,LOW,0
32.99,6.43,31.83,57.79,1953.2,8,13.0,72.2,3.72,0.0903,9.03,LOW,0
254.5,60.01,96.25,35.7,2156.9,9,14.2,99.0,35.0,0.9983,99.83,CRITICAL,1
38.99,7.77,37.97,26.12,1602.2,8,14.8,72.6,5.85,0.1172,11.72,LOW,0
2.72,0.51,25.74,39.41,1809.7,10,16.3,56.5,1.56,0.07,7.0,LOW,0
21.61,4.01,31.93,32.69,351.4,7,25.0,62.3,2.64,0.0408,4.08,LOW,0
77.52,15.56,46.91,33.63,2134.9,4,17.5,60.2,10.71,0.1812,18.12,LOW,0
3.47,0.62,18.37,34.35,490.3,7,19.6,66.6,1.87,0.0178,1.78,LOW,0
157.45,37.76,71.96,50.3,1533.3,10,21.2,91.7,21.75,0.8379,83.79,CRITICAL,1
267.41,69.49,98.0,40.93,1113.3,10,20.6,93.7,35.0,0.9992,99.92,CRITICAL,1
2.85,0.75,32.51,34.48,1859.0,8,16.9,70.2,3.24,0.0416,4.16,LOW,0
94.82,14.83,60.79,43.11,643.6,8,26.9,72.8,13.09,0.2825,28.25,MODERATE,0
15.79,4.16,31.48,46.76,2290.3,7,18.8,55.9,2.77,0.0525,5.25,LOW,0
65.19,11.38,50.31,33.23,2595.3,6,12.1,67.9,8.51,0.1603,16.03,LOW,0
18.97,3.21,30.4,37.45,731.9,9,22.3,66.6,3.29,0.0687,6.87,LOW,0
20.35,4.81,23.45,27.19,557.7,15,24.0,62.7,2.72,0.0574,5.74,LOW,0
35.2,5.94,39.66,29.86,679.3,10,22.6,61.8,4.21,0.053,5.3,LOW,0
52.13,6.7,43.29,45.48,2837.5,11,8.8,71.4,6.21,0.1184,11.84,LOW,0
1.2,0.22,25.34,29.87,1808.2,8,18.0,64.3,1.64,0.0276,2.76,LOW,0
31.48,7.41,33.5,40.52,1628.4,5,17.4,63.7,3.97,0.0732,7.32,LOW,0
7.23,1.25,29.42,46.49,564.8,7,25.1,58.9,2.33,0.0659,6.59,LOW,0
14.86,3.28,27.47,26.41,2166.2,8,20.4,59.0,1.28,0.0498,4.98,LOW,0
118.12,26.65,60.29,41.77,2810.6,8,12.3,80.6,14.29,0.5559,55.59,HIGH,1
22.16,5.26,26.59,32.68,2693.1,11,11.3,53.7,2.8,0.0282,2.82,LOW,0
14.23,3.75,24.94,60.32,2096.9,4,15.8,57.6,4.5,0.0958,9.58,LOW,0
3.98,0.75,19.51,39.34,472.1,8,25.7,59.6,1.98,0.0348,3.48,LOW,0
5.51,0.81,37.76,50.44,581.6,9,24.4,56.1,2.65,0.0408,4.08,LOW,0
1.19,0.2,25.7,41.26,395.5,5,24.4,61.7,4.21,0.0435,4.35,LOW,0
22.24,4.21,37.27,22.27,1009.6,8,18.3,64.3,1.91,0.056,5.6,LOW,0
207.1,48.51,77.5,43.85,650.2,8,26.0,99.0,29.36,0.9814,98.14,CRITICAL,1
4.3,0.53,25.3,59.21,1017.1,7,20.2,56.1,1.42,0.1022,10.22,LOW,0
102.33,17.45,56.41,42.83,1385.9,9,24.0,75.3,12.06,0.384,38.4,MODERATE,0
46.27,11.32,45.31,51.04,3031.8,8,10.4,61.2,5.54,0.1098,10.98,LOW,0
35.52,8.07,31.93,54.43,2050.6,11,15.4,77.0,3.53,0.1672,16.72,LOW,0
36.27,8.6,33.14,31.67,2713.2,4,11.9,75.6,2.93,0.0372,3.72,LOW,0
61.35,15.33,38.22,31.08,2345.5,9,15.5,59.8,7.19,0.1497,14.97,LOW,0
3.96,0.97,25.51,43.13,581.9,8,22.6,59.6,1.73,0.0431,4.31,LOW,0
24.59,5.64,26.79,37.38,2421.0,4,13.0,63.9,4.37,0.061,6.1,LOW,0
163.85,31.19,63.69,52.04,1061.5,10,23.7,82.5,19.77,0.9154,91.54,CRITICAL,1
30.94,8.58,34.96,55.39,2135.4,5,13.7,61.7,5.91,0.0652,6.52,LOW,0
128.08,27.03,64.22,35.76,1255.8,7,22.5,83.8,15.14,0.3921,39.21,MODERATE,0
2.63,0.4,20.04,31.99,3193.1,10,12.5,71.1,2.08,0.0426,4.26,LOW,0
41.07,6.85,33.13,49.32,1027.5,6,24.0,71.0,3.45,0.1089,10.89,LOW,0
26.73,6.17,31.98,33.3,1073.4,4,22.7,69.2,3.57,0.0253,2.53,LOW,0
16.68,4.47,38.21,51.21,2995.5,6,7.0,60.4,2.17,0.0883,8.83,LOW,0
14.56,2.16,14.91,37.73,322.7,11,23.2,68.3,0.5,0.0691,6.91,LOW,0
33.94,4.52,36.73,45.01,2305.2,11,11.9,71.2,3.46,0.075,7.5,LOW,0
77.57,20.25,50.12,25.79,2389.7,11,13.9,68.8,10.59,0.0926,9.26,LOW,0
23.99,6.39,28.16,43.54,2717.3,9,13.1,62.2,2.22,0.0838,8.38,LOW,0
60.95,10.01,40.32,38.48,3124.6,8,7.8,59.7,6.93,0.182,18.2,LOW,0
191.45,34.53,80.27,42.36,3128.0,10,10.4,80.6,29.67,0.9598,95.98,CRITICAL,1
81.04,18.28,47.54,29.31,442.6,6,27.3,69.6,8.48,0.1906,19.06,LOW,0
2.22,0.38,34.12,47.55,2674.4,5,10.8,53.9,4.18,0.052,5.2,LOW,0
1.84,0.48,26.03,53.23,2156.6,11,14.1,65.1,1.77,0.0641,6.41,LOW,0
16.74,2.3,33.99,31.25,2159.7,8,19.1,61.6,3.19,0.0474,4.74,LOW,0
14.4,1.82,31.28,25.8,628.6,8,22.2,65.4,2.9,0.0249,2.49,LOW,0
44.3,6.79,40.87,20.37,2168.1,8,16.9,59.3,6.83,0.0351,3.51,LOW,0
47.53,7.88,34.42,44.14,3148.3,9,13.8,74.9,3.45,0.1192,11.92,LOW,0
1.83,0.25,26.52,43.01,2939.9,7,8.9,63.2,4.33,0.0462,4.62,LOW,0
8.75,1.14,27.12,41.15,1545.4,4,16.7,63.7,3.95,0.013,1.3,LOW,0
11.22,2.7,24.56,31.81,367.8,7,25.4,67.4,2.89,0.0191,1.91,LOW,0
196.12,28.69,84.54,36.83,1318.8,9,20.9,91.3,32.46,0.9677,96.77,CRITICAL,1
5.46,1.45,16.45,42.61,2687.9,5,11.6,54.7,1.93,0.0371,3.71,LOW,0
5.03,0.9,33.14,39.71,2319.4,9,20.2,64.5,2.45,0.025,2.5,LOW,0
100.75,22.9,42.12,63.59,1605.1,6,20.5,70.4,10.06,0.396,39.6,MODERATE,0
127.1,19.84,59.82,27.9,412.5,12,23.7,80.3,14.78,0.7296,72.96,HIGH,1
6.97,1.11,31.66,45.98,1509.3,5,16.3,56.4,3.92,0.045,4.5,LOW,0
18.26,3.87,24.17,37.2,1633.6,9,18.9,72.7,3.02,0.0475,4.75,LOW,0
174.1,36.51,75.87,37.85,2989.2,2,12.7,90.1,25.92,0.8895,88.95,CRITICAL,1
54.79,13.31,41.92,46.81,2141.2,11,20.8,74.3,5.27,0.227,22.7,LOW,0
24.98,6.03,33.63,45.89,1169.4,8,21.8,59.2,4.68,0.0703,7.03,LOW,0
4.79,1.09,24.6,64.27,1799.7,10,17.5,62.5,2.17,0.0785,7.85,LOW,0
47.01,9.02,35.84,27.51,444.9,11,23.1,68.2,4.51,0.0751,7.51,LOW,0
17.7,4.65,22.1,26.27,3119.1,8,11.8,63.3,1.62,0.0451,4.51,LOW,0
10.68,2.34,27.47,47.06,1312.2,11,23.3,50.0,2.37,0.0674,6.74,LOW,0
16.48,4.59,34.2,42.11,1659.7,9,14.4,74.3,1.84,0.059,5.9,LOW,0
24.1,6.05,29.47,33.28,1298.1,8,21.0,63.4,3.62,0.0665,6.65,LOW,0
14.71,1.87,27.09,24.84,2263.4,11,13.0,65.2,3.49,0.0276,2.76,LOW,0
87.93,15.06,57.57,25.22,2203.6,7,12.5,65.3,10.72,0.067,6.7,LOW,0
17.79,3.76,29.16,55.03,2360.2,8,19.3,71.5,3.17,0.0924,9.24,LOW,0
0.68,0.16,26.95,30.29,1041.0,8,24.5,68.4,3.25,0.0345,3.45,LOW,0
51.82,10.78,42.19,34.85,1181.2,14,20.0,72.9,5.76,0.1061,10.61,LOW,0
6.56,1.61,26.02,31.62,619.5,7,24.2,62.6,2.2,0.0251,2.51,LOW,0
1.57,0.26,28.85,35.8,2183.8,8,15.2,74.2,2.09,0.0573,5.73,LOW,0
101.69,15.2,58.42,24.2,367.4,7,23.2,81.2,12.25,0.3239,32.39,MODERATE,0
198.38,25.52,85.06,40.35,2013.2,10,15.6,81.6,32.02,0.9886,98.86,CRITICAL,1
58.84,12.46,46.55,24.08,2815.6,8,14.5,70.2,6.16,0.0966,9.66,LOW,0
23.81,5.48,21.25,50.18,2878.0,5,10.8,67.1,3.34,0.0527,5.27,LOW,0
8.05,1.39,21.39,31.88,1574.7,4,20.5,61.8,2.24,0.0299,2.99,LOW,0
46.78,10.21,35.52,40.96,1604.9,4,17.8,70.5,5.59,0.0854,8.54,LOW,0
42.11,5.4,32.81,54.19,477.1,11,22.4,75.0,5.51,0.1683,16.83,LOW,0
9.9,1.34,24.17,44.44,2228.8,8,18.7,60.4,1.38,0.0399,3.99,LOW,0
81.8,19.0,52.35,40.75,2672.7,7,8.0,70.0,8.87,0.1982,19.82,LOW,0
97.49,17.44,52.83,34.88,971.7,6,27.1,68.1,11.96,0.2337,23.37,LOW,0
141.97,32.29,64.07,35.15,1492.8,4,22.3,70.1,18.12,0.6765,67.65,HIGH,1
68.88,17.43,43.16,45.08,2724.6,4,13.5,68.5,7.43,0.184,18.4,LOW,0
186.49,47.82,75.22,64.95,2837.5,9,11.3,83.9,27.33,0.9342,93.42,CRITICAL,1
97.75,14.42,51.16,44.81,967.4,10,21.8,73.4,10.05,0.3175,31.75,MODERATE,0
171.45,33.91,79.95,41.48,1874.2,7,18.2,82.2,27.18,0.8792,87.92,CRITICAL,1
80.45,19.1,38.71,47.31,817.9,9,24.0,65.6,7.85,0.1944,19.44,LOW,0
20.43,4.98,37.09,38.84,550.5,12,22.6,59.8,2.36,0.0514,5.14,LOW,0
2.6,0.64,37.2,23.56,2937.8,8,12.0,63.5,2.01,0.0284,2.84,LOW,0
17.28,2.7,36.17,41.62,2670.5,12,14.0,59.4,3.02,0.0726,7.26,LOW,0
47.36,7.14,33.31,59.79,2492.1,14,13.5,66.0,5.59,0.3744,37.44,MODERATE,0
17.1,3.67,27.35,29.62,393.9,9,31.4,75.1,4.01,0.044,4.4,LOW,0
14.03,3.35,34.1,45.8,2739.0,8,12.6,68.6,2.85,0.0756,7.56,LOW,0
31.67,5.42,32.62,30.65,1542.2,5,15.1,66.1,2.18,0.0217,2.17,LOW,0
243.86,33.35,90.75,40.83,1260.1,6,18.5,98.1,35.0,0.9949,99.49,CRITICAL,1
1.71,0.4,24.97,25.86,1862.1,7,19.5,56.0,4.27,0.015,1.5,LOW,0
17.04,2.86,24.16,38.44,519.5,10,23.3,60.0,3.46,0.0586,5.86,LOW,0
6.03,0.88,26.04,48.31,2482.1,5,11.9,59.2,2.01,0.0423,4.23,LOW,0
155.88,22.39,62.62,35.58,1968.2,6,20.7,84.0,19.97,0.7253,72.53,HIGH,1
152.04,25.91,71.18,44.92,800.4,10,24.0,82.5,22.28,0.9087,90.87,CRITICAL,1
38.26,8.22,31.49,49.97,805.3,6,22.1,59.0,4.28,0.0742,7.42,LOW,0
11.8,2.09,28.56,57.24,793.5,6,16.7,65.3,3.92,0.1115,11.15,LOW,0
7.76,0.96,24.95,31.91,418.2,2,27.3,57.7,1.22,0.0333,3.33,LOW,0
96.4,13.06,53.9,37.06,1984.0,8,17.1,86.0,10.95,0.2739,27.39,MODERATE,0
0.65,0.11,29.29,28.63,2729.0,8,16.2,67.6,2.49,0.0428,4.28,LOW,0
20.16,4.55,32.08,64.54,301.6,8,23.6,53.1,3.86,0.1049,10.49,LOW,0
0.77,0.1,21.71,57.23,394.6,11,24.9,58.6,1.48,0.0588,5.88,LOW,0
23.13,4.85,28.66,40.95,1939.7,8,18.1,73.1,2.74,0.0627,6.27,LOW,0
24.33,3.39,43.61,52.15,2667.5,7,16.5,67.6,3.24,0.0518,5.18,LOW,0
13.58,2.09,33.55,40.4,1213.9,6,22.0,62.6,2.08,0.034,3.4,LOW,0
4.96,0.73,25.4,43.54,1281.4,7,19.2,46.8,2.75,0.0443,4.43,LOW,0
16.53,2.16,26.76,25.42,2009.2,11,20.2,61.2,2.76,0.03,3.0,LOW,0
39.04,8.88,28.74,48.27,1058.9,9,21.4,67.1,5.32,0.1402,14.02,LOW,0
53.38,10.36,45.59,27.48,328.5,7,26.6,55.7,5.29,0.0634,6.34,LOW,0
26.48,6.7,28.86,51.37,2418.9,4,16.6,67.7,3.22,0.0651,6.51,LOW,0
31.19,4.24,39.0,49.38,2095.7,6,20.4,60.5,4.93,0.0801,8.01,LOW,0
7.84,1.12,31.33,46.48,1963.2,15,18.1,63.0,2.79,0.0441,4.41,LOW,0
11.86,2.0,35.08,21.64,2438.0,15,21.1,62.6,1.65,0.0462,4.62,LOW,0
6.18,1.5,30.52,34.22,2241.9,5,15.4,59.4,3.49,0.0331,3.31,LOW,0
130.16,21.99,60.4,32.91,857.4,12,24.0,84.3,16.25,0.4407,44.07,MODERATE,0
8.92,1.65,27.58,35.95,1289.8,11,19.4,63.0,4.36,0.0173,1.73,LOW,0
25.65,4.32,32.3,25.34,622.0,7,25.4,80.1,3.36,0.0306,3.06,LOW,0
28.95,3.85,31.76,57.99,633.1,8,25.3,75.0,4.81,0.167,16.7,LOW,0
101.48,27.43,45.3,41.36,2244.8,6,18.3,69.1,9.92,0.5442,54.42,HIGH,1
7.62,1.58,16.36,34.3,2782.9,11,13.8,68.3,1.99,0.0176,1.76,LOW,0
35.92,8.84,38.85,37.0,3090.1,6,9.7,61.0,5.01,0.1113,11.13,LOW,0
192.01,43.27,77.86,38.35,2103.6,10,17.1,81.8,27.21,0.9745,97.45,CRITICAL,1
28.75,5.82,37.85,42.8,793.1,8,22.0,55.5,1.94,0.0518,5.18,LOW,0
10.3,1.38,25.99,40.25,561.7,8,26.3,59.4,1.8,0.0802,8.02,LOW,0
10.66,2.38,27.98,56.68,2647.9,10,12.0,67.6,1.24,0.0915,9.15,LOW,0
1.4,0.2,30.04,39.72,1957.3,11,13.7,61.2,0.5,0.0398,3.98,LOW,0
12.76,2.38,36.35,64.47,2073.9,9,13.8,65.0,3.58,0.0563,5.63,LOW,0
47.77,10.54,36.8,52.63,2555.3,8,11.0,47.8,4.37,0.1233,12.33,LOW,0
1.7,0.42,20.48,30.94,2324.7,8,13.9,58.9,1.72,0.0257,2.57,LOW,0
8.66,1.99,33.49,57.5,2711.7,8,11.0,55.0,2.66,0.1627,16.27,LOW,0
42.87,9.75,35.57,26.91,415.8,11,25.7,57.0,5.25,0.0439,4.39,LOW,0
53.42,7.68,37.53,50.96,2455.2,6,13.5,60.8,5.89,0.0914,9.14,LOW,0
21.26,3.73,28.96,36.54,2760.0,11,14.1,63.6,3.31,0.0436,4.36,LOW,0
138.25,17.54,60.12,54.07,1094.1,3,22.9,84.7,17.43,0.8801,88.01,CRITICAL,1
101.23,23.8,57.21,53.52,2139.3,17,15.4,69.7,11.92,0.5145,51.45,HIGH,1
6.1,1.66,20.02,50.43,1176.8,9,24.6,64.4,1.51,0.0857,8.57,LOW,0
17.77,2.88,30.49,49.73,3076.0,13,8.8,67.6,0.66,0.0459,4.59,LOW,0
30.36,4.07,34.75,34.27,348.6,8,28.6,66.5,4.54,0.0642,6.42,LOW,0
103.51,20.3,50.99,24.93,1960.4,7,17.6,70.4,10.82,0.2464,24.64,LOW,0
2.49,0.64,33.63,37.16,741.2,4,22.9,57.4,4.13,0.0238,2.38,LOW,0
24.78,5.16,36.43,29.54,2351.0,4,17.9,65.7,4.36,0.0463,4.63,LOW,0
13.96,1.78,26.64,45.98,768.9,11,25.2,57.8,3.62,0.0458,4.58,LOW,0
24.85,6.85,31.43,35.54,944.4,11,20.1,67.6,4.11,0.0315,3.15,LOW,0
0.85,0.21,29.71,61.77,1708.4,6,19.5,53.5,2.58,0.0574,5.74,LOW,0
13.14,1.85,29.08,44.11,2948.8,7,12.7,64.3,3.16,0.0341,3.41,LOW,0
59.99,16.05,48.81,51.2,874.6,9,25.7,74.4,7.84,0.2406,24.06,LOW,0
28.26,5.43,35.74,27.71,675.5,5,25.7,65.4,3.99,0.0325,3.25,LOW,0
20.96,3.76,32.13,53.19,2489.0,10,16.0,57.2,2.6,0.145,14.5,LOW,0
11.77,2.28,29.52,56.92,1726.8,6,17.4,52.0,1.45,0.0532,5.32,LOW,0
12.39,3.14,44.21,39.44,2939.8,5,11.3,55.2,3.41,0.0514,5.14,LOW,0
16.91,3.81,24.64,42.98,682.5,8,23.6,65.5,4.04,0.0324,3.24,LOW,0
63.18,8.18,37.22,48.66,2155.5,8,12.1,68.2,6.11,0.1372,13.72,LOW,0
119.62,32.68,57.29,29.6,937.0,11,26.1,74.3,14.49,0.3889,38.89,MODERATE,0
145.32,20.87,72.71,39.88,712.4,11,21.3,84.2,19.7,0.8894,88.94,CRITICAL,1
17.49,4.19,17.58,37.04,2266.1,10,16.2,50.7,2.1,0.0288,2.88,LOW,0
65.6,14.55,33.85,28.36,2001.4,10,16.2,68.3,4.77,0.0736,7.36,LOW,0
19.48,2.92,28.46,36.17,2476.7,4,13.8,56.3,1.84,0.0351,3.51,LOW,0
140.93,20.76,75.06,24.12,1162.9,6,23.3,73.0,21.14,0.6202,62.02,HIGH,1
9.19,2.38,27.7,20.61,1571.5,9,17.4,58.3,2.4,0.041,4.1,LOW,0
47.62,8.91,32.52,27.84,1446.1,9,21.2,82.0,5.58,0.1369,13.69,LOW,0
26.57,5.97,36.55,60.34,3153.1,10,11.8,67.8,4.51,0.0935,9.35,LOW,0
164.76,33.06,79.44,41.24,1112.1,7,19.9,77.9,24.69,0.934,93.4,CRITICAL,1
53.11,12.55,36.68,60.63,1119.7,7,24.1,75.2,3.57,0.1243,12.43,LOW,0
8.47,1.67,29.64,37.96,1295.9,11,24.3,53.4,1.5,0.0376,3.76,LOW,0
44.01,7.31,38.11,34.5,1915.6,12,22.5,75.7,4.31,0.1196,11.96,LOW,0
56.34,10.04,43.64,39.98,994.4,7,21.9,63.2,6.98,0.1227,12.27,LOW,0
14.87,3.83,26.87,38.15,2950.1,5,12.3,62.9,3.33,0.0376,3.76,LOW,0
147.34,28.71,69.4,26.35,1033.8,6,22.9,94.6,20.36,0.7896,78.96,CRITICAL,1
0.09,0.01,29.22,44.1,2892.7,12,13.8,57.9,2.74,0.0823,8.23,LOW,0
20.98,5.66,34.45,31.23,555.3,8,29.3,74.2,5.86,0.0475,4.75,LOW,0
15.21,3.76,21.15,43.41,2186.9,9,17.2,61.8,2.46,0.0376,3.76,LOW,0
28.33,3.65,25.76,44.42,2925.6,13,13.2,63.7,3.08,0.0801,8.01,LOW,0
7.29,2.04,23.6,28.61,747.8,11,21.2,55.8,1.47,0.0201,2.01,LOW,0
68.73,15.89,45.58,23.65,3106.6,5,16.0,78.8,7.96,0.1253,12.53,LOW,0
10.43,1.52,30.72,49.33,1586.0,6,18.1,58.6,3.71,0.0494,4.94,LOW,0
151.85,23.98,62.25,38.69,3039.9,10,4.6,94.2,18.51,0.7103,71.03,HIGH,1
22.94,5.29,33.04,23.42,2246.6,10,10.0,59.7,2.97,0.0597,5.97,LOW,0
24.18,5.92,36.5,65.14,1139.7,10,22.5,60.9,3.07,0.1288,12.88,LOW,0
8.48,1.34,30.71,23.39,805.5,13,20.4,67.3,1.32,0.0252,2.52,LOW,0
11.1,1.79,25.81,45.98,1146.0,7,21.8,61.0,2.65,0.0718,7.18,LOW,0
6.51,1.1,24.98,62.91,524.4,10,21.4,62.7,2.46,0.1329,13.29,LOW,0
109.87,23.7,49.28,32.08,674.4,11,25.1,68.6,11.7,0.2094,20.94,LOW,0
51.45,7.59,48.11,28.17,558.7,5,26.3,68.4,8.29,0.1185,11.85,LOW,0
21.72,2.97,33.45,27.16,1497.7,8,20.2,65.5,3.71,0.0392,3.92,LOW,0
43.82,10.02,29.21,34.23,2597.0,9,12.0,76.9,3.19,0.0949,9.49,LOW,0
46.6,11.4,44.18,26.1,667.1,5,26.5,64.1,6.34,0.0572,5.72,LOW,0
5.21,1.04,29.75,45.88,634.4,9,23.5,62.8,1.94,0.0589,5.89,LOW,0
118.53,21.12,64.16,23.71,2148.1,4,15.7,85.0,15.36,0.3685,36.85,MODERATE,0
60.22,11.39,39.07,40.07,831.7,11,22.2,69.3,6.06,0.1978,19.78,LOW,0
8.01,1.46,25.15,65.71,537.9,5,24.4,67.7,2.08,0.0549,5.49,LOW,0
7.21,1.97,22.96,50.8,742.2,6,28.6,76.1,2.57,0.0749,7.49,LOW,0
4.7,1.14,36.9,43.27,2975.0,16,11.6,60.9,4.43,0.0882,8.82,LOW,0
5.21,0.8,23.95,34.32,2673.3,7,10.1,68.7,1.86,0.0399,3.99,LOW,0
48.26,8.76,33.74,43.55,1294.5,10,18.5,70.3,5.02,0.0761,7.61,LOW,0
22.2,4.6,27.98,40.58,2184.7,6,15.3,68.5,3.35,0.0545,5.45,LOW,0
53.46,11.66,38.34,37.79,1835.0,5,15.9,72.2,5.18,0.1016,10.16,LOW,0
48.0,9.36,46.22,27.62,2247.5,4,18.0,73.6,5.59,0.1241,12.41,LOW,0
32.48,8.11,35.48,54.57,2263.9,8,12.0,70.9,5.07,0.1399,13.99,LOW,0
40.58,9.85,42.53,38.42,2104.8,6,16.1,65.7,4.6,0.0601,6.01,LOW,0
0.65,0.13,26.61,30.4,1035.0,7,24.8,56.8,1.14,0.019,1.9,LOW,0
13.08,3.36,27.76,36.17,365.1,8,24.4,64.5,4.44,0.0543,5.43,LOW,0
35.55,8.54,29.74,37.47,1593.9,10,20.3,56.6,2.7,0.0499,4.99,LOW,0
0.33,0.08,33.06,51.44,2878.4,8,12.1,63.8,2.9,0.0494,4.94,LOW,0
101.82,27.8,58.47,47.42,1930.0,8,17.3,79.7,12.51,0.3908,39.08,MODERATE,0
66.84,10.87,49.13,48.85,2705.6,10,14.4,69.0,6.7,0.2432,24.32,LOW,0
40.32,6.57,40.92,18.67,3175.3,14,5.9,66.3,4.59,0.0708,7.08,LOW,0
120.21,31.52,55.11,37.52,732.7,9,27.0,83.5,13.7,0.4734,47.34,MODERATE,0
40.76,9.93,37.74,39.28,2290.7,11,10.7,70.6,3.14,0.1649,16.49,LOW,0
55.03,14.76,45.84,19.84,2239.2,6,18.5,73.8,6.97,0.0837,8.37,LOW,0
12.82,1.67,33.31,32.8,3140.9,6,11.8,66.6,3.1,0.0665,6.65,LOW,0
1.28,0.28,26.14,48.48,3157.5,14,11.8,60.8,1.71,0.0702,7.02,LOW,0
94.49,13.53,61.33,27.93,2275.7,10,19.5,74.1,12.91,0.2663,26.63,MODERATE,0
86.45,17.34,51.87,40.82,968.7,7,25.6,75.5,10.28,0.1973,19.73,LOW,0
3.94,0.57,32.71,31.2,2605.7,14,15.7,69.3,3.53,0.0455,4.55,LOW,0
23.69,3.33,32.64,18.84,565.7,10,24.2,65.1,2.31,0.0432,4.32,LOW,0
51.21,6.24,37.48,32.15,2553.1,8,13.1,75.5,5.16,0.0717,7.17,LOW,0
8.77,1.94,32.3,61.81,2935.1,9,14.0,49.1,3.51,0.1161,11.61,LOW,0
10.99,1.95,31.74,50.24,1379.4,9,21.5,63.6,3.17,0.1109,11.09,LOW,0
9.73,1.33,29.46,59.98,2110.4,4,17.1,62.0,0.5,0.0427,4.27,LOW,0
167.59,28.77,67.69,39.46,1518.9,4,19.5,75.1,20.75,0.7568,75.68,CRITICAL,1
7.7,1.13,32.21,26.57,1541.4,8,18.5,52.1,2.45,0.0388,3.88,LOW,0
29.99,8.12,29.43,41.19,1165.6,10,18.1,67.3,5.23,0.0788,7.88,LOW,0
179.09,30.66,79.03,38.55,2498.3,11,15.9,87.5,27.05,0.9563,95.63,CRITICAL,1
5.56,0.96,21.07,52.27,3011.7,10,11.0,65.6,2.86,0.0803,8.03,LOW,0
189.94,48.32,73.95,25.93,3025.2,10,10.7,72.9,27.36,0.8728,87.28,CRITICAL,1
103.13,23.06,55.34,39.47,765.6,7,19.3,81.9,12.85,0.4282,42.82,MODERATE,0
75.57,17.65,49.05,28.52,2830.5,6,12.7,77.8,9.74,0.1536,15.36,LOW,0
8.45,1.87,28.45,34.89,2425.4,5,11.3,53.0,3.38,0.0343,3.43,LOW,0
214.73,58.28,82.49,47.56,995.9,8,21.4,99.0,34.79,0.9844,98.44,CRITICAL,1
50.08,7.67,44.59,39.14,448.5,6,27.5,78.3,5.4,0.1041,10.41,LOW,0
149.47,41.59,67.55,36.41,1040.6,4,22.4,74.4,20.02,0.6832,68.32,HIGH,1
6.96,1.76,27.92,36.93,2941.0,11,11.6,61.7,2.87,0.0646,6.46,LOW,0
50.84,10.89,38.45,38.68,2117.9,8,14.5,68.8,6.0,0.0948,9.48,LOW,0
14.48,3.27,25.44,49.51,2377.1,7,13.6,51.4,3.26,0.0418,4.18,LOW,0
6.76,1.51,32.53,54.9,1008.6,10,26.4,59.0,0.63,0.0488,4.88,LOW,0
19.15,2.48,27.15,59.57,2372.2,12,16.9,71.3,4.13,0.1519,15.19,LOW,0
55.27,8.56,48.96,49.59,333.0,12,25.0,63.1,5.17,0.2762,27.62,MODERATE,0
21.88,5.99,27.0,34.61,1357.2,9,20.3,74.3,2.31,0.0915,9.15,LOW,0
26.99,5.55,34.17,45.73,2098.9,6,17.1,66.3,3.86,0.0572,5.72,LOW,0
186.58,33.68,77.59,38.1,681.0,6,25.3,83.2,28.03,0.9165,91.65,CRITICAL,1
17.83,4.31,29.43,32.62,2677.9,3,13.2,62.9,4.36,0.0278,2.78,LOW,0
33.44,6.82,37.77,52.09,943.3,4,18.4,56.2,3.1,0.059,5.9,LOW,0
15.91,1.94,33.4,21.84,2174.2,10,16.0,65.0,2.59,0.025,2.5,LOW,0
165.85,39.44,74.12,55.5,1445.3,16,19.8,83.7,22.16,0.9638,96.38,CRITICAL,1
41.63,9.87,31.34,38.74,2008.3,5,22.1,63.7,4.48,0.0888,8.88,LOW,0
97.26,14.24,46.38,43.98,567.0,6,31.6,65.9,9.91,0.322,32.2,MODERATE,0
27.36,7.47,26.5,44.73,299.9,9,28.0,63.6,2.07,0.0651,6.51,LOW,0
51.2,7.98,38.11,55.09,2933.2,6,10.2,68.9,6.82,0.1908,19.08,LOW,0
3.27,0.63,36.49,43.96,1045.4,4,23.9,52.3,3.29,0.0358,3.58,LOW,0
78.8,10.9,46.82,43.22,2668.0,7,9.1,78.3,8.71,0.3383,33.83,MODERATE,0
24.41,5.29,42.34,24.01,3198.1,8,9.1,65.3,5.0,0.1294,12.94,LOW,0
0.71,0.13,25.03,40.33,873.7,13,19.1,55.0,1.94,0.0369,3.69,LOW,0
10.2,1.8,28.66,28.53,1032.3,7,23.7,61.0,3.24,0.0447,4.47,LOW,0
25.5,6.43,35.12,47.57,2205.4,8,12.8,68.8,4.48,0.1211,12.11,LOW,0
0.53,0.06,23.69,40.15,3098.1,7,10.2,68.3,0.95,0.0412,4.12,LOW,0
10.75,2.66,29.15,45.45,2951.7,5,11.7,71.1,3.0,0.0733,7.33,LOW,0
25.26,5.34,23.56,22.13,1733.5,6,18.4,74.6,3.24,0.031,3.1,LOW,0
29.8,8.28,28.9,25.17,2595.6,8,12.5,56.5,2.53,0.0434,4.34,LOW,0
91.01,19.5,42.07,46.76,650.5,6,25.3,69.4,7.62,0.2542,25.42,MODERATE,0
36.28,4.68,38.78,24.37,3133.4,9,7.6,57.0,5.03,0.0521,5.21,LOW,0
18.75,2.4,23.43,24.32,3094.8,7,15.3,69.4,2.51,0.0337,3.37,LOW,0
93.25,24.37,58.17,18.84,733.0,9,21.4,73.0,10.3,0.2549,25.49,MODERATE,0
53.78,13.69,41.84,59.68,1133.3,16,21.9,75.6,6.63,0.2133,21.33,LOW,0
70.24,12.32,49.46,47.57,545.5,10,26.6,62.0,9.19,0.2883,28.83,MODERATE,0
4.91,1.07,23.14,35.75,1051.6,11,23.9,56.6,1.03,0.0325,3.25,LOW,0
39.43,7.82,30.42,34.01,2657.1,2,15.3,61.1,4.16,0.0323,3.23,LOW,0
28.73,7.89,31.3,35.65,1366.0,6,16.5,71.7,5.14,0.0706,7.06,LOW,0
200.88,54.64,86.57,49.07,510.8,8,22.9,94.3,32.39,0.9798,97.98,CRITICAL,1
46.99,13.03,48.73,44.8,1259.6,6,21.4,54.9,7.83,0.1089,10.89,LOW,0
34.35,8.88,37.16,30.03,3145.1,10,11.9,62.4,3.97,0.0382,3.82,LOW,0
150.37,39.93,60.53,29.57,2107.6,8,19.6,88.3,18.31,0.6532,65.32,HIGH,1
139.4,21.57,59.17,25.95,1477.7,7,18.6,87.6,15.45,0.7621,76.21,CRITICAL,1
4.2,1.06,18.73,44.76,741.3,3,21.7,63.1,0.78,0.0218,2.18,LOW,0
216.08,50.44,84.86,48.64,3159.2,5,9.3,93.5,34.35,0.9881,98.81,CRITICAL,1
10.16,2.78,26.46,32.97,2671.5,13,19.0,55.9,3.37,0.073,7.3,LOW,0
52.57,11.11,39.04,20.05,1080.4,4,25.8,74.3,8.03,0.062,6.2,LOW,0
110.22,14.73,50.49,25.01,456.7,11,25.1,69.4,14.62,0.3298,32.98,MODERATE,0
41.77,9.0,30.83,60.85,417.0,12,28.9,56.6,4.19,0.1228,12.28,LOW,0
31.72,7.29,34.35,33.98,605.1,14,23.2,66.0,3.61,0.0953,9.53,LOW,0
21.59,3.35,33.47,48.84,1963.3,13,19.6,60.6,2.32,0.0794,7.94,LOW,0
15.86,2.9,23.52,43.57,2989.9,11,8.1,66.7,3.79,0.131,13.1,LOW,0
186.06,40.14,79.46,36.58,1715.4,4,19.5,90.8,27.89,0.9315,93.15,CRITICAL,1
35.41,6.37,39.65,30.83,2736.7,6,15.5,75.6,4.29,0.1001,10.01,LOW,0
48.7,8.77,26.98,27.16,1565.4,10,18.6,69.7,4.86,0.0847,8.47,LOW,0
39.72,5.61,44.0,43.26,2340.3,11,16.7,72.3,5.6,0.165,16.5,LOW,0
7.74,2.09,30.68,49.07,2409.0,4,13.3,56.1,1.82,0.04,4.0,LOW,0
23.84,5.72,36.46,44.21,763.2,4,24.6,67.8,3.47,0.0456,4.56,LOW,0
54.9,6.6,35.27,40.67,1315.6,5,19.6,66.6,4.9,0.0783,7.83,LOW,0
22.6,5.48,35.26,22.15,2130.0,7,18.3,60.4,2.6,0.0446,4.46,LOW,0
158.84,37.86,73.99,60.92,458.6,7,22.3,78.4,22.13,0.937,93.7,CRITICAL,1
134.06,16.3,59.28,50.11,1316.5,8,18.2,89.4,14.83,0.5418,54.18,HIGH,1
37.89,6.79,39.51,33.89,1827.7,6,21.2,65.6,5.06,0.0365,3.65,LOW,0
18.43,4.0,29.47,62.36,3188.9,9,4.3,58.0,2.74,0.0899,8.99,LOW,0
232.88,44.82,87.12,42.84,1649.9,10,17.3,99.0,35.0,0.9957,99.57,CRITICAL,1
6.21,1.52,25.76,42.23,2657.4,6,13.0,58.3,1.06,0.0318,3.18,LOW,0
189.26,35.59,78.83,47.99,1524.6,14,20.5,83.6,27.61,0.9714,97.14,CRITICAL,1
4.43,0.64,24.73,50.7,2599.4,8,12.5,78.1,1.58,0.0381,3.81,LOW,0
0.53,0.15,21.19,44.63,2006.5,6,14.1,52.8,3.15,0.0504,5.04,LOW,0
77.26,12.26,48.6,27.5,2865.5,6,15.3,82.8,8.08,0.1451,14.51,LOW,0
9.83,2.31,30.55,35.31,1462.3,9,22.6,56.6,3.1,0.0731,7.31,LOW,0
45.79,6.54,38.55,57.31,2032.7,12,15.9,70.6,6.74,0.1243,12.43,LOW,0
58.31,10.07,33.24,31.55,2108.6,12,11.9,68.1,5.66,0.1297,12.97,LOW,0
243.26,46.4,90.19,36.3,1481.3,7,20.6,99.0,35.0,0.9959,99.59,CRITICAL,1
167.26,25.22,67.61,37.95,675.7,4,24.7,76.8,22.27,0.8708,87.08,CRITICAL,1
12.19,2.34,37.07,38.14,526.0,8,23.4,52.8,2.77,0.0608,6.08,LOW,0
43.35,6.29,37.73,43.19,299.2,9,21.5,71.1,6.67,0.0887,8.87,LOW,0
4.29,0.9,24.8,58.49,2826.9,8,11.8,50.0,0.5,0.0551,5.51,LOW,0
147.91,33.46,63.62,32.13,947.6,11,24.7,75.2,20.05,0.7583,75.83,CRITICAL,1
65.93,8.57,42.84,27.17,873.9,7,25.5,69.4,5.34,0.0638,6.38,LOW,0
16.04,4.16,33.25,30.52,2421.3,16,14.6,54.6,3.77,0.083,8.3,LOW,0
31.3,4.68,24.61,54.59,1194.0,8,19.9,57.7,2.98,0.0323,3.23,LOW,0
166.36,25.96,72.73,44.27,1742.8,5,20.3,82.5,25.61,0.8414,84.14,CRITICAL,1
136.84,30.9,60.79,33.67,729.4,9,21.1,67.4,17.65,0.4622,46.22,MODERATE,0
126.28,24.62,62.51,50.89,3081.2,11,7.7,70.5,16.78,0.8072,80.72,CRITICAL,1
2.01,0.4,29.56,53.15,2762.2,10,12.6,68.3,1.16,0.0713,7.13,LOW,0
135.65,19.06,59.5,52.38,2798.2,9,16.5,86.1,18.33,0.7263,72.63,HIGH,1
69.58,17.32,37.64,56.65,1450.0,6,24.0,84.0,9.53,0.2368,23.68,LOW,0
22.98,5.03,29.91,32.54,2499.0,8,11.0,67.0,5.25,0.0488,4.88,LOW,0
151.02,21.39,73.72,48.26,674.4,11,23.2,90.5,21.04,0.8397,83.97,CRITICAL,1
28.78,5.18,37.24,38.71,275.4,6,32.6,61.8,3.74,0.0575,5.75,LOW,0
14.13,3.53,27.07,52.15,308.9,9,24.6,61.0,1.5,0.107,10.7,LOW,0
5.89,1.24,23.48,47.22,1980.5,6,21.2,63.4,1.64,0.0747,7.47,LOW,0
66.17,9.09,40.73,49.15,1593.4,6,21.7,58.6,7.14,0.2112,21.12,LOW,0
25.81,4.64,25.74,44.62,1778.1,10,21.2,67.1,3.93,0.0754,7.54,LOW,0
94.75,15.05,55.45,29.71,272.0,8,25.4,70.5,11.99,0.3477,34.77,MODERATE,0
57.4,11.64,45.91,41.1,1496.9,6,18.7,65.9,5.02,0.1493,14.93,LOW,0
41.33,10.54,34.64,63.06,2368.3,6,12.7,72.2,4.54,0.0915,9.15,LOW,0
0.18,0.03,22.55,58.02,1555.9,8,21.4,50.7,2.52,0.0416,4.16,LOW,0
19.54,3.7,26.98,22.25,2410.0,5,10.7,63.3,3.9,0.0304,3.04,LOW,0
7.7,2.04,24.9,29.17,937.4,11,22.4,63.8,2.77,0.0258,2.58,LOW,0
84.59,17.95,45.01,27.67,2648.8,11,17.5,69.5,9.34,0.1336,13.36,LOW,0
6.72,1.41,26.1,47.13,1985.9,3,18.6,61.2,2.08,0.0592,5.92,LOW,0
11.79,1.91,32.23,50.98,871.8,6,25.7,62.3,2.96,0.059,5.9,LOW,0
25.46,5.53,35.55,31.13,948.3,8,18.7,69.2,6.21,0.0485,4.85,LOW,0
10.7,2.27,23.8,39.97,2102.7,6,13.9,60.5,3.67,0.0227,2.27,LOW,0
8.24,1.51,28.07,52.09,2698.3,13,16.1,53.7,2.78,0.0647,6.47,LOW,0
31.99,8.91,37.19,47.39,1476.1,7,20.2,61.3,4.87,0.0721,7.21,LOW,0
174.59,45.59,69.19,41.02,1012.0,5,19.8,84.1,23.82,0.8467,84.67,CRITICAL,1
2.1,0.5,26.29,42.48,2807.7,10,14.1,55.5,2.17,0.0274,2.74,LOW,0
16.3,3.36,35.63,40.04,2224.3,14,14.4,63.6,4.0,0.1387,13.87,LOW,0
44.64,8.66,36.27,34.04,1571.9,5,25.7,67.5,4.32,0.0991,9.91,LOW,0
28.32,4.24,22.84,41.7,1689.3,2,20.2,64.8,3.04,0.0367,3.67,LOW,0
19.24,3.25,17.8,45.76,852.6,6,21.0,57.5,1.25,0.0251,2.51,LOW,0
29.19,7.12,34.73,53.81,2099.1,6,18.7,65.2,4.6,0.0457,4.57,LOW,0
15.92,3.07,29.99,43.95,1308.3,9,24.8,70.1,3.93,0.0502,5.02,LOW,0
231.77,60.53,90.83,48.51,3187.2,12,10.5,96.5,35.0,0.9915,99.15,CRITICAL,1
1.98,0.28,28.0,28.97,1666.5,11,16.9,66.7,1.87,0.0272,2.72,LOW,0
39.16,7.89,28.57,38.74,1683.4,10,18.9,66.5,3.97,0.0335,3.35,LOW,0
77.67,17.36,42.71,18.37,1919.3,6,15.9,67.8,8.12,0.0913,9.13,LOW,0
211.8,42.93,86.42,32.34,2954.4,12,11.1,96.9,35.0,0.9881,98.81,CRITICAL,1
7.12,1.87,30.67,47.15,2612.4,8,10.2,52.6,3.43,0.0481,4.81,LOW,0
12.28,3.42,27.15,64.39,1580.8,8,21.5,58.5,1.17,0.1735,17.35,LOW,0
44.19,6.12,30.21,26.0,2370.2,10,12.1,65.8,3.52,0.0499,4.99,LOW,0
3.08,0.43,27.56,37.12,1979.4,8,18.6,64.4,2.59,0.0686,6.86,LOW,0
58.47,8.24,41.63,50.17,1702.5,6,17.9,76.4,5.04,0.1652,16.52,LOW,0
44.42,10.17,32.15,30.77,817.3,6,24.1,71.7,5.49,0.1164,11.64,LOW,0
45.78,8.22,27.9,41.4,1618.6,7,17.9,71.3,4.02,0.0388,3.88,LOW,0
3.7,0.88,28.89,47.4,975.2,4,23.1,65.7,2.9,0.027,2.7,LOW,0
44.27,8.19,34.31,43.29,2948.8,4,12.9,72.7,4.77,0.0668,6.68,LOW,0
120.46,26.55,59.66,30.14,1239.5,12,20.3,71.2,14.84,0.6718,67.18,HIGH,1
62.21,15.13,43.17,35.81,3059.2,9,6.9,82.6,5.75,0.1218,12.18,LOW,0
86.92,18.05,43.6,49.46,1822.5,11,18.8,79.7,8.27,0.2734,27.34,MODERATE,0
0.82,0.17,27.32,41.38,2113.1,9,17.4,59.0,1.92,0.0511,5.11,LOW,0
16.34,2.19,25.28,17.52,1851.7,7,14.2,64.7,2.59,0.0307,3.07,LOW,0
5.64,1.05,19.1,48.51,631.7,6,22.1,53.0,2.92,0.0303,3.03,LOW,0
28.61,5.93,24.89,21.56,1358.7,9,19.7,62.7,2.64,0.024,2.4,LOW,0
87.26,16.92,49.42,47.89,542.5,7,19.3,71.0,9.73,0.4569,45.69,MODERATE,0
17.39,4.59,37.84,30.71,2087.7,5,18.3,60.1,4.69,0.0566,5.66,LOW,0
65.24,17.29,43.47,59.84,1568.3,7,18.2,74.7,7.93,0.3732,37.32,MODERATE,0
123.85,31.15,68.59,36.18,2545.1,9,14.7,79.2,17.4,0.7228,72.28,HIGH,1
6.46,1.16,34.05,34.96,900.4,7,20.4,53.8,0.94,0.023,2.3,LOW,0
1.08,0.25,27.88,28.47,735.5,4,29.0,53.1,0.68,0.0187,1.87,LOW,0
13.92,2.55,36.77,34.3,1448.7,5,16.5,50.3,3.56,0.0225,2.25,LOW,0
164.77,25.9,78.44,54.0,2983.4,11,10.3,90.0,26.0,0.9685,96.85,CRITICAL,1
3.57,0.62,31.89,65.59,2345.7,4,18.1,59.2,0.5,0.0522,5.22,LOW,0
32.64,4.29,24.72,36.19,1485.8,6,17.0,69.4,4.15,0.024,2.4,LOW,0
21.02,3.64,29.7,38.39,1776.0,6,18.5,82.0,2.56,0.0474,4.74,LOW,0
97.59,18.9,48.86,46.98,498.4,5,26.8,69.2,10.18,0.4188,41.88,MODERATE,0
4.57,1.25,32.14,54.55,3154.5,9,6.9,62.6,3.15,0.0421,4.21,LOW,0
8.34,1.42,25.8,42.56,2215.9,8,14.1,69.9,3.12,0.0433,4.33,LOW,0
1.05,0.28,34.06,36.85,1091.9,8,22.5,57.2,1.97,0.0293,2.93,LOW,0
19.92,3.12,31.08,37.43,1978.1,4,18.3,61.0,3.8,0.0541,5.41,LOW,0
11.39,1.72,28.05,46.0,573.0,4,22.8,64.9,2.21,0.0184,1.84,LOW,0
207.58,42.15,81.23,16.98,3099.2,10,15.6,99.0,31.56,0.9782,97.82,CRITICAL,1
32.51,7.4,33.18,43.41,765.6,4,25.0,68.7,5.2,0.0462,4.62,LOW,0
128.32,16.31,62.27,35.82,2161.7,6,18.1,74.2,17.71,0.5535,55.35,HIGH,1
26.57,4.13,32.11,49.91,974.1,8,24.4,59.7,2.89,0.1018,10.18,LOW,0
3.37,0.65,23.62,25.65,2366.8,10,11.1,57.6,1.61,0.0446,4.46,LOW,0
175.59,30.37,72.14,42.41,2541.6,12,13.7,75.4,25.69,0.9374,93.74,CRITICAL,1
350.0,81.91,98.0,39.27,2236.6,6,15.7,99.0,35.0,0.9998,99.98,CRITICAL,1
63.11,12.74,52.66,44.15,2062.8,6,16.0,69.5,8.78,0.1526,15.26,LOW,0
78.37,11.42,44.59,23.89,2882.8,7,12.7,72.0,7.27,0.1764,17.64,LOW,0
60.65,15.96,46.23,42.16,481.9,10,20.1,60.4,6.76,0.1191,11.91,LOW,0
3.81,0.64,21.93,41.59,1226.2,9,21.6,62.6,3.13,0.0468,4.68,LOW,0
124.69,29.55,58.28,41.57,982.4,6,21.8,72.8,14.11,0.5356,53.56,HIGH,1
0.11,0.03,19.59,42.89,3164.6,14,5.3,58.6,1.42,0.0678,6.78,LOW,0
12.66,3.47,33.64,45.32,1398.7,11,21.4,57.4,3.14,0.0658,6.58,LOW,0
4.02,0.8,28.55,50.39,2411.2,9,11.8,67.5,0.5,0.0475,4.75,LOW,0
22.41,4.9,34.65,33.14,2269.9,7,14.6,59.2,3.47,0.034,3.4,LOW,0
39.57,6.87,40.52,51.32,875.6,7,22.5,74.0,6.05,0.0994,9.94,LOW,0
72.64,16.6,40.99,39.76,955.0,6,18.1,71.7,8.22,0.0922,9.22,LOW,0
48.41,9.4,36.93,24.69,1079.8,16,17.7,69.8,5.17,0.1113,11.13,LOW,0
97.65,18.56,54.57,23.45,1462.8,7,21.3,75.1,11.61,0.2486,24.86,LOW,0
1.94,0.5,23.82,35.19,941.3,12,21.3,55.2,3.57,0.0223,2.23,LOW,0
82.13,10.51,48.34,49.51,308.0,7,25.3,74.8,10.52,0.2583,25.83,MODERATE,0
37.9,9.9,31.61,46.44,2844.2,10,12.5,63.1,4.06,0.0837,8.37,LOW,0
11.96,3.06,35.0,49.67,3098.5,4,6.6,63.7,2.12,0.0406,4.06,LOW,0
10.23,2.06,32.56,40.3,1257.6,10,20.1,65.2,3.46,0.0501,5.01,LOW,0
151.68,30.1,73.65,38.17,1248.6,7,20.9,94.2,23.24,0.8365,83.65,CRITICAL,1
11.01,1.96,31.38,28.41,270.9,4,30.9,64.5,4.0,0.0363,3.63,LOW,0
25.07,7.0,26.55,35.0,2256.7,7,13.3,69.5,3.78,0.0428,4.28,LOW,0
20.3,2.8,28.29,38.0,2685.0,9,15.2,67.0,2.68,0.0605,6.05,LOW,0
25.14,5.39,28.53,25.39,682.5,7,24.2,62.4,1.62,0.0173,1.73,LOW,0
39.09,8.95,34.66,31.4,721.0,11,21.2,69.9,6.38,0.0488,4.88,LOW,0
17.14,4.62,35.09,42.73,2580.7,7,12.2,61.8,4.69,0.0326,3.26,LOW,0
10.13,2.48,20.47,47.5,2068.1,6,18.8,59.0,1.61,0.0355,3.55,LOW,0
6.36,1.42,23.86,66.38,382.3,12,27.8,54.4,2.46,0.0992,9.92,LOW,0
15.05,2.09,27.24,57.69,2086.5,7,15.2,66.2,2.52,0.1315,13.15,LOW,0
226.53,40.73,81.86,44.16,1161.3,8,22.5,90.6,35.0,0.9875,98.75,CRITICAL,1
49.47,7.04,39.88,37.66,1337.7,7,18.0,71.2,5.15,0.1204,12.04,LOW,0
38.48,10.04,34.06,43.95,2520.7,8,13.7,65.8,5.05,0.0616,6.16,LOW,0
9.33,2.24,33.17,49.54,2642.3,10,12.4,59.7,1.42,0.0649,6.49,LOW,0
31.04,7.49,32.32,27.01,1431.1,6,22.5,59.5,3.41,0.0335,3.35,LOW,0
29.6,6.64,35.58,37.35,3044.1,9,12.4,72.2,4.77,0.0464,4.64,LOW,0
23.18,4.66,32.06,52.04,1449.1,2,18.3,61.1,1.36,0.0376,3.76,LOW,0
162.66,23.42,58.14,36.63,2526.9,8,12.7,93.9,19.33,0.8781,87.81,CRITICAL,1
23.69,4.09,24.46,41.91,1677.4,5,18.7,58.6,2.5,0.0339,3.39,LOW,0
29.17,4.14,35.09,42.4,2897.7,12,11.7,73.4,5.46,0.1312,13.12,LOW,0
44.0,10.38,39.01,30.0,2927.9,7,11.2,67.1,5.42,0.0805,8.05,LOW,0
4.06,0.59,25.79,36.01,507.9,8,24.3,65.8,1.4,0.0259,2.59,LOW,0
48.47,11.26,45.22,35.19,3012.7,9,14.9,59.5,7.4,0.1012,10.12,LOW,0
5.11,1.18,28.98,20.65,2685.3,10,12.1,52.9,2.29,0.0251,2.51,LOW,0
2.41,0.47,33.53,20.43,2584.4,7,14.5,61.9,2.28,0.0264,2.64,LOW,0
130.66,18.51,49.29,51.64,842.7,7,29.4,73.5,14.48,0.573,57.3,HIGH,1
110.12,18.76,64.51,33.24,2625.1,11,11.4,84.5,14.18,0.368,36.8,MODERATE,0
2.18,0.37,22.58,40.32,2757.9,12,13.3,62.5,3.54,0.0362,3.62,LOW,0
20.5,4.76,30.86,34.08,1103.0,10,22.5,59.2,3.72,0.0724,7.24,LOW,0
7.21,1.0,32.95,58.29,3059.2,8,11.1,55.6,1.79,0.0709,7.09,LOW,0
23.25,5.87,20.94,32.78,397.1,13,25.9,61.8,2.44,0.0406,4.06,LOW,0
62.05,15.0,41.11,37.89,692.2,3,22.0,65.9,5.34,0.052,5.2,LOW,0
169.57,25.4,77.52,53.77,1835.9,10,18.8,88.4,25.97,0.972,97.2,CRITICAL,1
35.2,8.28,31.77,52.15,1948.6,6,12.7,64.8,3.84,0.0787,7.87,LOW,0
77.36,17.56,51.23,30.06,2153.2,9,20.7,78.6,9.45,0.2633,26.33,MODERATE,0
32.36,7.76,37.44,50.29,300.1,3,30.6,68.6,2.48,0.0896,8.96,LOW,0
13.09,1.97,29.51,38.65,3083.1,8,10.2,56.8,2.17,0.0548,5.48,LOW,0
84.21,12.23,51.57,39.33,381.5,8,28.5,70.1,8.84,0.3866,38.66,MODERATE,0
71.52,11.29,51.5,27.76,672.0,10,23.6,65.5,9.12,0.1654,16.54,LOW,0
28.59,5.11,36.02,24.91,291.3,4,26.4,59.1,3.25,0.0288,2.88,LOW,0
112.19,27.71,61.06,47.2,1922.2,3,15.7,66.1,14.8,0.6327,63.27,HIGH,1
12.15,2.89,24.0,39.7,3000.2,4,13.5,67.5,1.99,0.0442,4.42,LOW,0
84.68,22.7,51.62,38.08,2214.5,10,14.4,80.5,11.49,0.2349,23.49,LOW,0
216.78,28.05,88.15,47.26,2676.8,4,15.2,86.6,35.0,0.9929,99.29,CRITICAL,1
182.33,22.22,81.67,48.69,289.2,6,26.3,80.8,29.72,0.9792,97.92,CRITICAL,1
13.76,3.19,23.06,28.92,1848.9,6,17.8,65.4,2.46,0.0105,1.05,LOW,0
22.29,3.67,36.61,43.11,1605.7,6,15.4,58.4,4.39,0.0352,3.52,LOW,0
59.77,10.37,37.34,27.85,1722.0,12,18.7,76.6,5.24,0.0766,7.66,LOW,0
4.66,0.97,38.01,48.12,463.0,7,22.6,56.4,2.28,0.0714,7.14,LOW,0
68.23,9.31,39.66,44.65,2269.1,9,15.7,57.4,6.41,0.2105,21.05,LOW,0
79.73,17.77,41.49,59.69,1734.5,7,23.3,71.2,9.82,0.3504,35.04,MODERATE,0
102.62,17.65,52.28,24.17,2507.2,3,10.7,71.8,10.47,0.2574,25.74,MODERATE,0
17.73,3.92,35.21,23.34,1681.6,9,18.4,63.5,5.19,0.0231,2.31,LOW,0
8.57,2.17,29.17,33.55,690.7,4,22.6,59.2,1.08,0.0157,1.57,LOW,0
107.41,15.83,63.47,32.86,2162.4,6,13.5,79.6,15.01,0.5387,53.87,HIGH,1
113.25,30.46,55.21,32.35,758.5,6,21.8,79.5,12.63,0.3766,37.66,MODERATE,0
6.78,1.39,24.45,55.79,2823.6,11,16.1,63.0,2.55,0.1155,11.55,LOW,0
32.71,8.76,30.49,32.44,2058.7,3,21.0,66.1,3.62,0.0278,2.78,LOW,0
22.66,3.47,28.71,33.21,713.8,10,21.5,63.4,2.34,0.0296,2.96,LOW,0
70.27,15.23,37.69,48.44,3088.9,12,12.0,62.2,6.85,0.1422,14.22,LOW,0
1.14,0.21,22.08,38.42,1779.2,7,15.9,62.5,1.63,0.0424,4.24,LOW,0
36.14,8.81,29.07,49.16,465.1,11,23.7,69.8,4.46,0.1542,15.42,LOW,0
50.38,10.93,42.7,23.93,2099.2,8,11.3,69.7,4.87,0.0814,8.14,LOW,0
49.87,9.93,46.37,39.46,996.9,11,27.8,66.3,6.63,0.114,11.4,LOW,0
76.03,20.23,47.4,21.4,2620.9,6,16.3,74.9,9.35,0.1438,14.38,LOW,0
45.7,8.24,34.43,23.74,2662.6,8,11.7,68.3,4.72,0.0655,6.55,LOW,0
92.0,14.28,54.48,55.8,3137.9,10,11.5,78.1,9.7,0.2774,27.74,MODERATE,0
14.16,3.08,28.77,28.03,1730.5,8,17.5,61.6,4.47,0.0279,2.79,LOW,0
24.49,5.38,36.93,40.73,1592.1,8,21.6,55.1,4.09,0.0661,6.61,LOW,0
0.5,0.09,20.41,37.39,2472.8,4,13.5,59.0,1.3,0.037,3.7,LOW,0
0.24,0.05,20.69,35.58,640.8,5,24.0,54.3,2.5,0.0237,2.37,LOW,0
97.96,26.8,56.06,55.38,1863.4,6,16.1,71.9,10.21,0.4561,45.61,MODERATE,0
3.72,0.88,25.94,20.16,1861.4,15,19.3,61.1,3.35,0.0314,3.14,LOW,0
179.55,24.72,79.91,44.88,513.9,8,30.7,92.9,29.95,0.9631,96.31,CRITICAL,1
6.82,1.05,22.62,60.37,1483.1,7,19.1,65.0,3.1,0.0404,4.04,LOW,0
1.01,0.28,27.45,41.56,2767.2,5,12.0,61.4,1.05,0.0252,2.52,LOW,0
84.01,19.85,51.25,57.98,2775.7,10,12.7,80.1,7.76,0.216,21.6,LOW,0
0.29,0.08,17.4,22.98,542.8,9,25.7,60.3,3.37,0.0183,1.83,LOW,0
46.62,7.86,38.04,37.59,517.6,11,24.4,68.2,5.04,0.1193,11.93,LOW,0
5.78,1.38,16.54,32.81,1025.0,6,21.4,58.6,1.78,0.0174,1.74,LOW,0
85.16,19.95,56.19,47.31,2830.6,7,12.6,66.4,11.78,0.3108,31.08,MODERATE,0
198.47,33.17,73.98,62.55,630.3,7,20.2,93.1,27.84,0.9826,98.26,CRITICAL,1
175.87,36.6,73.3,32.68,2374.0,9,13.6,77.0,25.97,0.9657,96.57,CRITICAL,1
148.9,32.82,66.67,44.55,548.4,4,20.0,76.7,19.89,0.7626,76.26,CRITICAL,1
0.19,0.04,20.24,30.54,2088.3,8,15.3,61.1,2.25,0.0336,3.36,LOW,0
146.69,37.02,75.32,41.71,1300.4,13,18.5,76.9,23.52,0.8739,87.39,CRITICAL,1
73.58,18.64,42.14,38.81,2577.3,10,15.4,71.1,7.09,0.201,20.1,LOW,0
78.92,20.21,45.75,61.33,939.4,1,21.0,72.7,7.92,0.2444,24.44,LOW,0
37.68,9.37,32.1,43.05,2135.6,6,15.3,62.3,3.98,0.0569,5.69,LOW,0
14.8,2.93,25.65,35.64,945.3,10,17.4,62.6,1.48,0.0373,3.73,LOW,0
78.44,14.2,46.42,26.79,2355.3,4,17.6,72.0,9.49,0.1838,18.38,LOW,0
12.06,3.05,31.89,28.58,2827.4,11,9.7,55.0,3.5,0.0415,4.15,LOW,0
28.95,5.74,33.91,31.57,624.1,11,23.4,67.6,3.76,0.0357,3.57,LOW,0
139.4,22.22,60.24,32.49,2806.5,11,14.5,68.7,16.19,0.6083,60.83,HIGH,1
195.57,39.34,79.73,52.59,2001.0,9,18.9,99.0,27.32,0.9706,97.06,CRITICAL,1
5.31,0.76,19.65,41.59,625.0,10,21.8,64.0,1.35,0.0588,5.88,LOW,0
8.92,2.06,33.41,40.47,1511.2,9,21.0,67.5,2.31,0.0363,3.63,LOW,0
129.35,22.47,58.69,26.83,724.5,17,21.1,83.4,13.76,0.6975,69.75,HIGH,1
50.55,8.17,36.89,53.09,2316.0,9,15.8,67.3,7.85,0.2185,21.85,LOW,0
33.81,9.23,24.73,47.01,2488.7,13,12.4,60.4,3.92,0.0988,9.88,LOW,0
145.38,35.52,63.17,24.08,562.1,7,22.4,81.7,19.08,0.6755,67.55,HIGH,1
0.03,0.01,33.42,46.45,1743.1,10,18.5,65.0,1.85,0.0467,4.67,LOW,0
49.54,10.89,41.93,41.06,2653.1,10,11.6,62.5,6.48,0.1608,16.08,LOW,0
278.4,70.79,98.0,24.98,3011.7,10,16.5,99.0,35.0,0.9976,99.76,CRITICAL,1
58.11,14.03,41.85,38.65,1764.9,4,16.7,57.9,6.22,0.0768,7.68,LOW,0
21.58,4.66,17.94,39.38,3053.3,4,8.2,58.4,4.1,0.0306,3.06,LOW,0
81.93,22.43,48.29,29.22,1830.3,5,15.7,67.1,10.22,0.207,20.7,LOW,0
18.46,2.78,31.17,58.71,1412.9,5,20.2,72.9,3.02,0.1407,14.07,LOW,0
26.05,7.06,36.77,52.56,2752.2,5,13.1,55.9,5.75,0.0659,6.59,LOW,0
22.69,4.18,31.17,45.06,1704.3,6,19.4,65.8,3.19,0.0535,5.35,LOW,0
20.77,4.25,26.96,38.76,1642.1,6,21.2,72.7,2.5,0.0267,2.67,LOW,0
52.24,7.29,39.13,37.4,1696.4,13,14.5,73.9,5.81,0.1258,12.58,LOW,0
26.19,5.41,30.62,44.44,2748.0,7,15.3,73.1,3.74,0.0948,9.48,LOW,0
13.33,2.9,31.35,41.12,2704.2,11,10.8,72.0,1.56,0.0284,2.84,LOW,0
10.45,2.92,27.44,23.71,1440.4,9,21.1,61.9,3.0,0.0272,2.72,LOW,0
1.35,0.37,20.43,40.16,1233.2,9,25.5,63.1,4.16,0.0519,5.19,LOW,0
30.63,8.41,36.41,50.46,1701.2,3,16.6,65.8,4.96,0.0727,7.27,LOW,0
9.15,1.61,23.87,38.68,1939.7,12,15.2,64.3,3.06,0.0449,4.49,LOW,0
5.61,1.56,24.99,22.96,953.1,4,20.2,63.4,2.73,0.0256,2.56,LOW,0
37.13,7.16,33.08,49.57,2592.2,10,12.9,75.9,3.21,0.079,7.9,LOW,0
40.01,10.26,37.39,30.67,1685.1,3,21.9,67.8,3.7,0.0326,3.26,LOW,0
48.82,7.55,31.81,32.76,1235.4,6,18.4,61.6,4.96,0.0293,2.93,LOW,0
24.51,4.93,32.02,29.17,565.1,6,23.7,67.3,2.98,0.0396,3.96,LOW,0
78.57,21.57,52.4,35.06,954.6,6,25.2,76.2,7.96,0.1982,19.82,LOW,0
96.4,26.17,52.47,48.33,3050.4,5,12.8,69.5,10.75,0.2937,29.37,MODERATE,0
57.64,13.22,37.8,40.36,1150.0,3,20.4,63.5,6.37,0.0619,6.19,LOW,0
35.33,8.75,33.06,30.8,748.1,11,23.4,71.0,4.68,0.0616,6.16,LOW,0
12.67,1.88,30.03,54.06,1609.0,8,21.4,58.7,1.85,0.0682,6.82,LOW,0
237.72,55.97,94.36,54.16,1155.9,10,25.6,93.2,35.0,0.9962,99.62,CRITICAL,1
11.21,2.45,35.66,53.65,353.7,5,30.3,58.9,3.13,0.0291,2.91,LOW,0
7.93,1.07,19.09,32.06,1203.3,9,24.8,62.7,1.0,0.0147,1.47,LOW,0
98.35,13.58,53.86,38.46,1855.1,14,16.1,81.4,10.76,0.2929,29.29,MODERATE,0
2.05,0.28,26.5,63.11,1877.6,8,22.2,64.3,2.08,0.0475,4.75,LOW,0
134.38,31.7,62.29,48.96,1301.8,10,19.0,77.4,16.16,0.7398,73.98,HIGH,1
31.07,4.43,35.48,20.75,1569.5,6,15.2,72.7,3.66,0.0351,3.51,LOW,0
28.49,5.55,31.83,23.92,3098.3,16,11.2,69.5,6.13,0.0589,5.89,LOW,0
37.33,6.61,30.46,38.8,1363.2,10,24.2,71.6,2.54,0.0808,8.08,LOW,0
24.05,5.0,32.8,55.99,1011.8,10,24.1,69.4,4.84,0.123,12.3,LOW,0
1.14,0.27,28.57,40.92,968.2,9,22.5,57.1,2.4,0.0464,4.64,LOW,0
33.16,7.61,34.05,39.74,1600.4,8,19.9,59.5,2.81,0.0635,6.35,LOW,0
44.08,8.93,42.64,26.34,2490.6,9,15.6,64.6,6.06,0.0458,4.58,LOW,0
18.87,3.67,29.1,44.64,857.7,10,23.7,68.8,3.03,0.0384,3.84,LOW,0
153.79,28.24,70.36,51.18,2342.4,7,14.4,76.0,22.68,0.8473,84.73,CRITICAL,1
9.01,2.32,19.61,36.53,312.4,6,24.4,53.5,2.98,0.0446,4.46,LOW,0
8.75,1.51,38.66,49.11,1485.9,4,20.1,50.4,2.81,0.1168,11.68,LOW,0
6.16,1.0,25.59,60.48,2538.8,10,13.7,53.4,1.98,0.0929,9.29,LOW,0
16.28,3.89,27.12,30.76,1249.3,6,21.1,57.7,3.96,0.0345,3.45,LOW,0
65.71,11.67,42.07,40.47,1913.0,4,20.1,70.6,6.58,0.1704,17.04,LOW,0
61.59,15.74,37.5,33.71,854.7,13,22.7,62.3,4.76,0.2037,20.37,LOW,0
16.89,2.91,23.89,49.85,2438.9,5,14.1,66.5,0.83,0.0336,3.36,LOW,0
31.13,7.23,33.92,42.08,404.2,5,26.3,64.9,2.66,0.1572,15.72,LOW,0
44.66,5.68,38.07,43.9,2765.0,7,19.4,54.4,5.86,0.1588,15.88,LOW,0
9.66,1.76,28.82,50.07,834.7,8,20.7,61.3,2.14,0.0336,3.36,LOW,0
6.44,1.13,26.63,36.97,2829.5,5,15.2,61.8,1.54,0.0196,1.96,LOW,0
125.26,31.4,59.66,56.38,1290.0,9,20.2,90.3,15.02,0.891,89.1,CRITICAL,1
33.64,9.24,28.4,40.75,2381.9,12,14.7,66.5,4.55,0.1163,11.63,LOW,0
139.49,27.03,61.62,28.88,1191.7,9,18.2,70.3,18.11,0.5623,56.23,HIGH,1
14.42,3.63,29.85,46.01,2922.4,6,16.6,63.5,2.94,0.0509,5.09,LOW,0
42.49,9.86,34.2,49.87,623.6,6,25.1,67.4,4.02,0.123,12.3,LOW,0
8.81,2.42,28.93,34.65,776.6,9,25.4,65.0,2.07,0.0519,5.19,LOW,0
10.6,2.65,27.29,52.93,1704.4,8,14.9,77.4,2.39,0.1096,10.96,LOW,0
25.1,3.32,31.31,55.78,491.7,9,23.7,60.5,2.52,0.0979,9.79,LOW,0
13.48,3.16,29.81,33.37,828.1,11,24.5,58.1,2.61,0.0466,4.66,LOW,0
116.25,23.91,59.97,62.88,3034.1,8,10.9,80.3,13.6,0.656,65.6,HIGH,1
10.68,1.31,31.53,28.1,3130.6,6,11.9,72.6,2.97,0.02,2.0,LOW,0
1.27,0.2,35.27,30.69,1360.0,5,25.8,64.2,2.56,0.0185,1.85,LOW,0
42.66,11.41,41.26,29.99,2973.7,8,12.9,64.3,6.29,0.0648,6.48,LOW,0
23.71,6.36,24.24,55.02,1857.2,10,16.7,69.5,3.29,0.1004,10.04,LOW,0
3.46,0.86,20.55,44.55,1045.7,8,20.6,71.3,2.36,0.0245,2.45,LOW,0
6.59,1.83,25.47,28.62,2322.1,4,13.3,56.4,1.47,0.0445,4.45,LOW,0
3.79,0.94,22.25,38.17,2193.8,6,14.9,54.6,2.1,0.0221,2.21,LOW,0
168.63,20.51,74.17,43.27,3167.9,11,9.6,85.6,23.49,0.8983,89.83,CRITICAL,1
3.46,0.58,28.45,25.09,1031.9,9,22.6,62.3,0.5,0.0243,2.43,LOW,0
218.87,27.34,83.87,54.33,2232.6,9,17.0,99.0,34.77,0.9827,98.27,CRITICAL,1
0.73,0.1,31.15,50.33,403.5,7,26.9,57.3,1.54,0.057,5.7,LOW,0
10.04,1.56,35.08,39.95,585.3,6,25.1,63.9,3.25,0.0289,2.89,LOW,0
77.47,15.54,37.63,60.77,261.6,9,27.1,81.0,6.29,0.1634,16.34,LOW,0
44.37,11.34,30.28,37.57,3198.4,10,16.7,68.0,7.23,0.0907,9.07,LOW,0
2.65,0.68,31.23,62.97,2616.7,7,11.8,58.0,1.67,0.0762,7.62,LOW,0
60.24,13.17,46.22,45.02,2570.8,5,13.8,72.5,6.94,0.2661,26.61,MODERATE,0
23.78,6.38,34.17,43.9,1753.7,6,13.9,61.6,2.9,0.0591,5.91,LOW,0
130.0,26.0,61.45,29.22,1135.2,8,20.8,81.5,17.16,0.5722,57.22,HIGH,1
32.13,8.43,33.48,54.3,696.2,8,21.9,63.7,3.72,0.0992,9.92,LOW,0
40.08,7.72,38.91,37.83,1089.8,8,20.2,65.1,3.83,0.0278,2.78,LOW,0
265.51,43.64,98.0,29.06,1359.1,4,17.6,97.4,35.0,0.9973,99.73,CRITICAL,1
9.25,2.47,34.13,18.92,2481.1,8,11.0,57.9,3.14,0.0238,2.38,LOW,0
34.23,6.23,31.18,41.54,1842.0,9,18.2,71.1,4.57,0.0705,7.05,LOW,0
21.59,4.33,31.13,40.59,478.6,11,27.1,64.4,3.55,0.046,4.6,LOW,0
1.41,0.24,29.85,46.88,303.2,4,24.4,67.9,1.86,0.0488,4.88,LOW,0
0.51,0.12,25.96,54.79,551.9,6,19.9,46.6,1.7,0.0328,3.28,LOW,0
4.44,1.24,29.61,24.84,1461.0,9,20.2,57.5,3.01,0.0348,3.48,LOW,0
119.9,14.88,61.86,47.34,3002.9,9,12.7,73.5,15.25,0.6682,66.82,HIGH,1
29.31,7.74,31.08,30.11,2130.3,13,18.0,62.9,4.76,0.0985,9.85,LOW,0
28.22,3.4,27.8,52.98,2615.4,7,11.1,58.0,3.31,0.0629,6.29,LOW,0
1.13,0.2,21.58,51.04,1625.8,11,17.5,50.5,1.91,0.0913,9.13,LOW,0
22.17,3.26,25.79,40.98,1316.9,9,18.0,67.4,3.4,0.0586,5.86,LOW,0
90.48,21.82,41.06,46.54,569.8,5,23.0,70.0,10.08,0.2391,23.91,LOW,0
17.74,2.27,35.43,34.58,2834.0,6,10.4,66.0,4.31,0.0296,2.96,LOW,0
34.32,7.16,25.18,39.0,2560.3,9,12.6,58.1,3.51,0.0672,6.72,LOW,0
52.97,8.86,49.14,51.16,745.9,6,23.3,58.1,6.31,0.132,13.2,LOW,0
53.62,7.58,37.38,38.68,1761.2,17,18.6,69.5,4.4,0.1534,15.34,LOW,0
25.64,6.24,30.79,35.88,1687.8,6,16.6,67.6,4.11,0.0598,5.98,LOW,0
188.58,29.19,70.23,39.64,2094.0,10,16.1,84.6,24.05,0.9396,93.96,CRITICAL,1
17.38,2.71,31.79,51.47,3041.3,9,9.0,56.5,4.7,0.0847,8.47,LOW,0
76.84,12.6,45.21,35.21,1960.3,7,12.8,79.0,9.1,0.2734,27.34,MODERATE,0
9.62,2.06,28.0,29.55,1843.6,6,19.2,61.1,1.74,0.0319,3.19,LOW,0
11.51,2.6,24.29,46.6,398.5,12,24.2,55.7,3.73,0.0486,4.86,LOW,0
1.91,0.23,27.94,51.37,435.6,7,21.3,51.3,2.64,0.0426,4.26,LOW,0
55.57,8.82,36.44,26.08,802.7,4,25.0,64.2,6.11,0.0587,5.87,LOW,0
18.89,3.57,30.68,32.1,345.8,16,25.5,60.5,2.78,0.1277,12.77,LOW,0
9.11,1.58,29.86,28.16,2442.9,8,15.7,65.9,3.04,0.0178,1.78,LOW,0
9.23,2.41,34.84,35.59,2383.8,7,15.9,61.3,1.16,0.0384,3.84,LOW,0
81.08,19.95,51.73,38.44,651.4,5,21.7,71.3,9.61,0.3053,30.53,MODERATE,0
174.4,38.39,74.28,48.02,2716.4,7,15.4,80.7,24.64,0.9458,94.58,CRITICAL,1
175.71,30.59,74.16,44.45,706.6,13,19.5,94.6,25.17,0.9488,94.88,CRITICAL,1
122.6,28.46,60.89,43.45,1138.5,11,20.7,84.2,14.75,0.48,48.0,MODERATE,0
22.51,5.74,35.14,35.73,984.5,11,21.4,68.8,2.79,0.1016,10.16,LOW,0
148.74,32.0,62.92,52.12,1348.3,10,18.6,81.9,20.13,0.8217,82.17,CRITICAL,1
86.48,21.23,53.73,39.01,1001.3,7,25.6,75.4,8.93,0.1913,19.13,LOW,0
4.7,1.13,21.63,62.24,1692.4,5,19.4,45.3,2.59,0.0609,6.09,LOW,0
18.97,4.01,32.59,43.88,1451.9,8,16.5,64.1,1.98,0.0943,9.43,LOW,0
14.79,2.51,31.85,27.41,3160.4,10,7.5,73.8,4.17,0.0457,4.57,LOW,0
24.13,5.78,28.4,45.31,415.0,7,31.1,60.1,3.66,0.05,5.0,LOW,0
21.41,3.28,23.28,34.91,669.4,8,23.1,57.3,1.49,0.0399,3.99,LOW,0
25.61,6.27,30.85,45.67,405.8,9,23.8,63.0,3.76,0.0728,7.28,LOW,0
171.34,42.62,59.83,24.21,2096.2,3,19.4,80.5,19.75,0.6661,66.61,HIGH,1
25.19,6.34,31.16,29.6,410.8,14,21.3,58.2,3.64,0.0559,5.59,LOW,0
9.72,1.9,21.48,52.85,2717.5,9,16.5,63.0,1.05,0.0427,4.27,LOW,0
7.13,1.08,42.56,31.64,1760.2,8,16.3,66.0,3.78,0.0285,2.85,LOW,0
2.35,0.32,30.95,51.9,1804.7,4,19.4,62.0,0.5,0.0541,5.41,LOW,0
50.34,12.03,39.46,33.45,1906.7,11,16.3,60.7,4.77,0.08,8.0,LOW,0
19.52,5.11,37.13,44.17,753.9,6,19.9,58.9,2.22,0.0529,5.29,LOW,0
203.76,45.67,85.58,45.95,833.2,9,23.9,92.5,33.77,0.9816,98.16,CRITICAL,1
45.52,6.51,31.93,40.16,1190.5,12,23.8,70.8,4.12,0.0816,8.16,LOW,0
214.86,57.92,82.03,34.29,2000.8,6,11.1,91.0,33.54,0.9753,97.53,CRITICAL,1
22.25,6.19,36.38,31.1,869.8,7,20.3,58.0,2.82,0.0309,3.09,LOW,0
17.18,3.25,25.01,21.36,593.2,9,27.8,67.2,1.4,0.0223,2.23,LOW,0
16.5,3.55,31.6,34.25,3111.8,9,11.9,73.4,2.71,0.0476,4.76,LOW,0
35.76,8.74,38.39,44.52,314.8,12,27.4,72.1,3.17,0.1718,17.18,LOW,0
23.9,5.68,30.39,58.1,2618.0,12,15.9,75.5,1.48,0.1474,14.74,LOW,0
66.2,18.19,44.3,53.69,2574.7,8,15.0,66.2,7.9,0.1998,19.98,LOW,0
72.7,10.06,49.51,48.71,1126.8,8,22.2,77.1,7.24,0.2014,20.14,LOW,0
6.55,1.39,30.75,49.66,650.1,4,27.2,68.7,3.82,0.0243,2.43,LOW,0
5.13,1.18,28.68,44.92,679.6,13,23.3,57.8,3.68,0.0488,4.88,LOW,0
34.84,9.14,34.69,32.81,2307.4,13,15.3,60.3,5.06,0.0483,4.83,LOW,0
165.34,42.96,74.23,55.85,2146.3,7,18.3,79.0,22.96,0.9293,92.93,CRITICAL,1
0.66,0.18,15.08,45.12,2559.1,11,12.0,59.6,4.14,0.0905,9.05,LOW,0
76.83,15.51,53.89,41.56,3015.6,8,15.0,62.5,7.1,0.1979,19.79,LOW,0
177.73,44.95,74.1,26.63,2291.2,8,16.1,96.8,24.82,0.8266,82.66,CRITICAL,1
180.86,34.07,71.97,38.35,709.8,7,21.2,79.4,26.26,0.9127,91.27,CRITICAL,1
44.23,8.3,40.38,38.71,968.2,5,22.2,69.2,5.97,0.0654,6.54,LOW,0
50.34,8.08,41.95,53.33,2734.5,8,9.5,54.0,5.08,0.2187,21.87,LOW,0
7.87,1.98,22.32,41.15,867.5,7,23.4,73.5,1.53,0.0182,1.82,LOW,0
9.34,2.59,27.95,36.53,463.9,6,24.5,68.9,2.25,0.0228,2.28,LOW,0
25.78,4.15,32.41,61.93,2324.7,10,13.1,54.3,3.42,0.1478,14.78,LOW,0
6.61,0.85,26.71,26.62,1437.5,5,15.6,62.8,1.85,0.0115,1.15,LOW,0
12.76,3.2,36.69,37.7,2964.1,6,9.7,60.5,4.5,0.0531,5.31,LOW,0
13.57,2.98,28.7,22.16,2168.3,6,15.6,63.0,2.02,0.0172,1.72,LOW,0
6.09,1.67,26.05,47.66,516.7,12,24.2,64.7,3.75,0.0955,9.55,LOW,0
8.04,1.29,23.85,56.59,3046.2,12,7.7,56.4,2.75,0.0776,7.76,LOW,0
54.38,7.14,36.1,33.48,1012.7,11,22.5,67.8,6.55,0.0961,9.61,LOW,0
6.4,1.27,28.75,52.99,1244.8,5,18.7,50.1,0.84,0.0577,5.77,LOW,0
1.01,0.14,22.93,33.87,1436.7,4,22.4,60.7,3.07,0.0237,2.37,LOW,0
118.45,19.18,57.23,56.09,401.1,12,28.5,65.4,15.19,0.573,57.3,HIGH,1
191.29,26.81,79.55,48.22,1714.7,9,17.9,96.5,28.73,0.968,96.8,CRITICAL,1
14.08,2.19,29.26,50.39,613.8,3,28.6,53.3,3.59,0.0245,2.45,LOW,0
4.42,0.61,26.91,19.69,1432.9,8,19.8,62.4,0.73,0.0143,1.43,LOW,0
29.57,8.06,33.94,60.31,1284.6,6,17.7,69.4,3.33,0.0457,4.57,LOW,0
82.89,13.64,51.33,47.15,2529.9,8,17.0,83.6,10.83,0.5424,54.24,HIGH,1
198.47,37.91,93.78,34.27,2619.4,8,17.6,99.0,35.0,0.9839,98.39,CRITICAL,1
206.59,54.49,88.99,51.53,702.6,7,26.6,99.0,34.83,0.9923,99.23,CRITICAL,1
13.24,3.02,26.9,33.52,1331.3,7,18.8,61.9,4.05,0.0246,2.46,LOW,0
27.32,5.98,38.73,53.78,1351.4,5,17.5,70.8,1.95,0.0987,9.87,LOW,0
3.35,0.78,20.67,26.71,696.7,12,23.3,62.2,1.95,0.0394,3.94,LOW,0
39.77,10.05,33.3,46.29,2605.4,4,19.9,68.1,4.32,0.1015,10.15,LOW,0
45.2,11.77,41.19,40.98,2336.3,9,12.2,63.1,4.55,0.0961,9.61,LOW,0
117.37,26.15,61.24,25.85,811.6,6,25.6,88.1,16.31,0.5239,52.39,HIGH,1
10.56,2.77,30.96,32.17,1331.8,11,20.4,56.8,1.68,0.0303,3.03,LOW,0
0.65,0.13,22.23,18.89,562.1,5,27.3,53.7,1.13,0.017,1.7,LOW,0
27.61,4.54,29.81,38.94,2103.2,11,13.3,66.6,1.01,0.061,6.1,LOW,0
42.94,11.2,37.68,34.16,608.0,7,24.0,55.7,6.02,0.042,4.2,LOW,0
137.12,28.33,62.13,42.73,3158.5,8,8.4,81.3,17.01,0.5321,53.21,HIGH,1
143.97,38.15,69.75,34.04,2553.0,2,11.9,91.4,19.75,0.6578,65.78,HIGH,1
160.2,20.25,68.47,34.12,1401.2,6,22.1,86.5,21.53,0.7875,78.75,CRITICAL,1
196.47,36.07,78.48,47.79,1956.8,8,14.4,89.7,30.95,0.9728,97.28,CRITICAL,1
14.05,3.82,20.8,22.66,2938.5,8,12.6,57.1,4.14,0.0364,3.64,LOW,0
68.94,11.03,48.68,55.57,1884.6,9,17.8,61.3,6.31,0.377,37.7,MODERATE,0
22.47,6.08,32.9,52.67,764.8,7,21.4,68.6,2.87,0.0968,9.68,LOW,0
56.26,15.34,29.32,45.02,1367.2,4,18.6,68.6,3.83,0.1059,10.59,LOW,0
30.41,7.94,35.74,42.57,2737.3,8,13.8,68.3,3.73,0.0688,6.88,LOW,0
51.91,10.91,37.53,54.91,2150.4,3,16.1,54.6,5.42,0.119,11.9,LOW,0
14.16,3.16,32.84,30.03,2169.6,9,16.2,66.5,1.12,0.0417,4.17,LOW,0
62.31,16.15,41.92,24.81,2807.1,6,12.0,81.3,7.07,0.0882,8.82,LOW,0
11.23,2.74,24.12,32.09,2887.2,6,11.4,69.7,2.04,0.0356,3.56,LOW,0
27.65,6.1,41.39,49.93,2963.4,4,11.6,65.9,4.84,0.0787,7.87,LOW,0
8.43,2.34,35.22,21.5,529.8,6,28.7,55.0,2.56,0.0185,1.85,LOW,0
22.59,5.19,30.4,42.24,1855.2,8,19.1,64.1,1.52,0.0584,5.84,LOW,0
13.4,3.7,30.62,65.31,2434.5,8,14.3,62.9,3.35,0.0874,8.74,LOW,0
10.86,1.4,25.74,52.85,2482.9,11,11.6,58.7,1.16,0.1156,11.56,LOW,0
257.0,36.55,88.43,40.42,2039.8,11,15.7,96.0,35.0,0.997,99.7,CRITICAL,1
182.54,35.09,82.7,23.81,742.0,7,21.6,99.0,28.86,0.9771,97.71,CRITICAL,1
54.18,9.84,36.18,51.63,2602.4,11,11.7,62.3,5.24,0.2712,27.12,MODERATE,0
145.09,35.58,71.99,42.75,2374.3,8,10.3,79.2,19.05,0.7305,73.05,HIGH,1
0.7,0.1,28.68,26.84,504.1,4,25.2,63.5,1.89,0.0324,3.24,LOW,0
143.39,39.6,66.58,25.7,1618.2,8,24.3,94.6,19.1,0.6673,66.73,HIGH,1
10.21,1.74,27.65,56.01,763.2,8,24.3,59.7,2.38,0.0825,8.25,LOW,0
1.45,0.27,28.91,45.07,1245.6,5,23.0,49.4,0.5,0.062,6.2,LOW,0
18.05,2.96,25.4,51.52,303.3,9,28.7,49.9,2.97,0.0481,4.81,LOW,0
95.79,20.37,58.49,54.13,1431.0,7,19.4,89.5,12.7,0.4472,44.72,MODERATE,0
0.41,0.05,25.83,41.91,1872.1,11,17.2,48.6,0.67,0.0553,5.53,LOW,0
31.03,4.47,41.16,40.3,2077.8,15,13.1,65.1,3.22,0.0916,9.16,LOW,0
24.36,5.83,31.21,37.91,2207.3,11,16.4,54.6,4.16,0.0249,2.49,LOW,0
72.33,10.84,45.97,34.66,2717.1,12,13.2,66.1,9.56,0.2605,26.05,MODERATE,0
105.06,16.57,55.74,38.02,885.6,14,21.0,71.9,12.37,0.511,51.1,HIGH,1
40.05,9.89,39.09,49.04,605.4,11,27.5,54.3,4.37,0.1181,11.81,LOW,0
39.89,5.38,45.22,42.84,2762.0,8,10.9,73.3,5.45,0.1108,11.08,LOW,0
38.71,7.35,33.65,54.93,712.0,5,31.2,68.4,5.7,0.2163,21.63,LOW,0
99.86,12.35,52.32,38.25,3125.5,9,11.8,72.4,10.55,0.4355,43.55,MODERATE,0
60.62,10.64,41.88,43.01,2735.5,10,12.9,65.6,6.09,0.1136,11.36,LOW,0
1.5,0.35,13.84,43.79,1727.6,6,23.3,66.8,1.53,0.0348,3.48,LOW,0
22.29,3.0,28.47,42.52,3145.2,11,5.0,63.9,1.73,0.0955,9.55,LOW,0
142.92,37.46,62.57,46.26,537.3,11,24.3,94.0,18.95,0.8712,87.12,CRITICAL,1
12.99,3.45,41.83,32.01,1144.0,7,20.6,59.3,3.24,0.0223,2.23,LOW,0
21.01,2.87,32.18,40.16,2132.8,8,15.8,65.7,1.2,0.0409,4.09,LOW,0
16.97,4.73,32.22,26.27,1282.5,7,21.5,55.2,2.97,0.0186,1.86,LOW,0
19.82,3.32,23.21,36.65,2988.7,3,11.0,60.4,4.49,0.04,4.0,LOW,0
135.65,18.1,62.67,39.46,443.6,7,29.1,86.6,17.58,0.5869,58.69,HIGH,1
3.25,0.39,30.59,44.48,1870.8,8,18.8,67.6,3.78,0.0886,8.86,LOW,0
89.39,16.57,62.61,59.13,1993.1,10,18.2,84.5,11.51,0.6767,67.67,HIGH,1
22.9,5.06,27.99,42.8,2175.5,9,17.2,66.1,4.12,0.0551,5.51,LOW,0
34.21,5.92,25.5,47.81,1004.2,8,19.3,72.5,4.89,0.0502,5.02,LOW,0
62.06,15.75,38.5,39.98,1325.5,4,21.2,73.1,6.23,0.0768,7.68,LOW,0
15.65,3.67,25.52,43.88,2738.9,10,13.5,59.9,2.31,0.0635,6.35,LOW,0
19.7,3.47,26.71,24.3,825.1,4,20.7,53.9,4.05,0.0316,3.16,LOW,0
18.44,4.38,34.7,32.61,2689.3,12,15.4,61.4,3.69,0.0514,5.14,LOW,0
16.44,4.45,31.32,36.0,1909.8,7,12.4,55.6,3.88,0.0145,1.45,LOW,0
90.91,12.26,44.81,39.04,2498.5,10,20.6,80.0,9.75,0.3364,33.64,MODERATE,0
61.8,10.44,49.38,22.46,2355.1,5,15.0,75.9,7.41,0.0399,3.99,LOW,0
4.04,0.78,35.6,28.06,862.2,9,21.1,54.5,2.17,0.0133,1.33,LOW,0
4.0,0.8,17.6,33.37,1928.0,7,18.9,67.3,1.77,0.0391,3.91,LOW,0
125.56,25.96,66.05,61.27,2809.8,13,14.1,71.8,17.33,0.7444,74.44,HIGH,1
3.64,0.61,25.17,35.1,1524.7,7,24.7,69.2,1.99,0.0339,3.39,LOW,0
33.78,7.66,29.75,39.3,3101.4,6,15.4,64.1,4.06,0.0562,5.62,LOW,0
5.43,1.21,19.24,30.46,1584.0,13,16.0,63.6,1.4,0.0251,2.51,LOW,0
25.86,5.49,29.98,43.12,671.2,8,23.6,72.6,2.54,0.0657,6.57,LOW,0
60.42,8.35,39.31,33.5,1398.8,8,18.0,72.6,6.86,0.0859,8.59,LOW,0
13.32,2.62,29.47,30.88,3057.5,8,13.0,61.2,3.1,0.034,3.4,LOW,0
187.39,33.17,88.2,40.28,1193.2,11,25.0,93.4,31.32,0.9744,97.44,CRITICAL,1
23.16,4.6,28.95,17.59,2810.9,8,9.2,57.7,4.58,0.0223,2.23,LOW,0
134.02,35.85,55.49,18.06,2849.7,8,12.2,68.5,14.57,0.361,36.1,MODERATE,0
72.53,14.28,43.66,31.34,1283.1,5,19.4,77.8,8.14,0.087,8.7,LOW,0
165.78,20.26,76.63,21.69,495.6,10,27.4,77.0,25.32,0.896,89.6,CRITICAL,1
1.63,0.31,24.22,26.48,2387.4,11,15.9,65.8,2.12,0.0241,2.41,LOW,0
65.39,16.43,46.57,35.32,1169.0,9,24.5,70.7,8.75,0.1023,10.23,LOW,0
84.76,20.75,49.58,50.28,2559.6,3,12.9,72.6,11.19,0.2365,23.65,LOW,0
60.14,12.16,42.15,41.91,1555.8,7,19.2,63.4,5.41,0.102,10.2,LOW,0
154.43,24.7,76.18,40.16,1681.5,10,19.7,80.5,20.9,0.8567,85.67,CRITICAL,1
216.06,42.0,80.66,33.91,2544.8,8,13.3,92.5,32.88,0.9856,98.56,CRITICAL,1
10.47,2.2,22.73,57.58,1378.0,9,21.2,62.8,1.45,0.0545,5.45,LOW,0
45.08,12.62,33.08,37.0,1557.2,6,22.6,61.3,4.25,0.0549,5.49,LOW,0
184.92,41.25,78.51,25.3,1359.8,7,25.9,92.2,29.95,0.9431,94.31,CRITICAL,1
9.41,2.17,27.9,43.32,1333.7,7,19.4,66.3,5.17,0.0566,5.66,LOW,0
83.61,16.61,51.96,26.78,1801.5,12,23.5,75.4,8.87,0.1766,17.66,LOW,0
12.96,2.29,28.25,35.51,2636.0,13,12.2,59.3,2.88,0.0712,7.12,LOW,0
131.15,32.8,60.74,40.01,1317.2,8,22.9,84.8,16.54,0.7195,71.95,HIGH,1
11.56,2.3,29.88,53.86,1796.6,7,16.9,65.5,2.97,0.0886,8.86,LOW,0
107.34,29.96,63.54,39.62,2228.6,8,13.2,64.4,12.91,0.4942,49.42,MODERATE,1
1.93,0.37,19.73,46.24,1044.8,8,25.3,61.6,3.3,0.0409,4.09,LOW,0
43.24,5.66,32.51,64.62,1068.7,8,22.0,78.1,5.43,0.1131,11.31,LOW,0
26.58,6.09,32.65,27.66,3003.6,6,14.7,69.8,3.08,0.0206,2.06,LOW,0
145.42,18.54,75.88,33.3,2384.4,8,16.8,88.7,23.09,0.8068,80.68,CRITICAL,1
112.05,17.94,51.02,36.93,1952.7,11,18.3,72.6,10.85,0.4205,42.05,MODERATE,0
42.8,7.56,36.93,37.68,2160.8,7,17.5,67.2,3.15,0.0633,6.33,LOW,0
69.33,16.52,40.03,37.38,336.4,4,28.9,69.3,7.26,0.1081,10.81,LOW,0
155.66,30.99,70.58,55.88,2073.4,10,18.9,83.3,22.21,0.9473,94.73,CRITICAL,1
85.07,10.6,38.5,46.68,1753.1,7,17.3,69.7,7.73,0.3545,35.45,MODERATE,0
109.02,23.84,50.35,43.03,1860.0,7,18.8,68.9,12.99,0.3012,30.12,MODERATE,0
1.02,0.19,31.68,34.42,1310.3,8,24.5,60.5,1.4,0.0361,3.61,LOW,0
7.8,2.09,27.23,51.26,490.3,10,25.4,56.5,3.59,0.0658,6.58,LOW,0
9.71,1.94,23.99,59.55,820.4,9,22.3,65.0,3.21,0.0996,9.96,LOW,0
18.71,4.37,30.01,51.14,3054.7,9,9.6,62.6,4.87,0.1422,14.22,LOW,0
9.27,1.44,27.28,16.38,1455.7,11,22.1,49.8,0.68,0.0511,5.11,LOW,0
23.66,5.72,34.43,43.96,1626.7,3,18.5,71.8,2.98,0.0646,6.46,LOW,0
72.08,16.96,34.8,22.9,405.5,9,26.7,73.4,5.61,0.0935,9.35,LOW,0
113.18,29.95,51.51,32.72,360.8,7,25.3,74.2,13.27,0.3263,32.63,MODERATE,0
181.02,22.7,70.91,23.52,2365.7,9,17.9,85.1,26.68,0.9562,95.62,CRITICAL,1
64.4,12.34,46.18,42.9,1837.4,9,18.3,62.3,6.98,0.1303,13.03,LOW,0
41.45,9.48,36.57,45.68,1750.7,8,21.9,65.8,5.33,0.1302,13.02,LOW,0
6.37,0.86,33.99,26.81,967.2,11,26.2,65.0,3.83,0.0328,3.28,LOW,0
54.02,10.03,44.27,36.63,2447.0,12,14.3,78.6,6.63,0.0882,8.82,LOW,0
10.07,2.73,26.09,38.6,746.3,11,27.2,61.0,3.17,0.0885,8.85,LOW,0
18.89,3.58,30.04,36.21,810.3,8,22.7,63.1,1.04,0.0206,2.06,LOW,0
15.1,4.19,35.7,27.15,1609.1,10,19.8,69.4,4.54,0.0178,1.78,LOW,0
68.52,8.85,51.35,37.6,1094.5,10,20.0,63.3,8.03,0.2347,23.47,LOW,0
4.74,1.11,25.85,48.11,980.0,8,24.1,61.6,4.89,0.0474,4.74,LOW,0
29.19,6.22,28.25,24.3,2153.5,10,16.9,59.8,2.63,0.0438,4.38,LOW,0
180.44,36.1,65.02,24.89,2170.4,11,17.3,87.9,23.59,0.8748,87.48,CRITICAL,1
42.7,11.76,26.45,35.8,2682.3,4,9.8,72.0,4.86,0.0641,6.41,LOW,0
82.41,11.6,50.44,58.37,1482.2,5,14.9,62.4,6.98,0.2745,27.45,MODERATE,0
141.79,37.34,66.96,45.04,465.6,8,22.6,87.9,20.87,0.8495,84.95,CRITICAL,1
23.44,5.4,28.19,45.4,1057.3,14,23.4,65.7,3.93,0.1212,12.12,LOW,0
91.81,14.82,57.21,36.0,3141.0,6,12.4,74.6,9.96,0.4117,41.17,MODERATE,0
25.76,6.81,31.18,42.58,2009.0,10,19.8,71.9,3.82,0.1115,11.15,LOW,0
23.4,4.42,28.61,18.51,2343.7,5,14.1,58.8,3.57,0.0217,2.17,LOW,0
208.19,52.1,89.15,43.95,271.7,8,27.0,83.2,35.0,0.9911,99.11,CRITICAL,1
40.9,7.45,41.65,56.26,1778.7,5,16.5,60.0,4.47,0.1338,13.38,LOW,0
3.96,1.01,25.85,43.18,360.7,4,29.4,63.8,2.12,0.0391,3.91,LOW,0
60.23,13.36,44.45,53.83,1929.2,7,15.6,66.1,7.68,0.1232,12.32,LOW,0
86.97,12.4,52.57,47.05,2966.3,9,14.6,67.8,11.05,0.4116,41.16,MODERATE,0
2.63,0.59,36.61,27.12,3106.8,4,10.3,54.5,2.18,0.0283,2.83,LOW,0
53.99,8.13,39.46,55.55,1844.6,10,21.8,69.1,6.06,0.3242,32.42,MODERATE,0
16.56,3.08,23.74,24.0,1601.7,4,19.6,62.3,2.58,0.0326,3.26,LOW,0
3.7,0.55,29.16,40.78,3037.8,8,11.7,52.0,1.22,0.0394,3.94,LOW,0
35.16,4.34,35.16,28.16,2237.1,5,13.8,57.0,4.17,0.0377,3.77,LOW,0
74.25,11.43,46.35,18.78,441.5,8,31.0,68.0,7.46,0.0729,7.29,LOW,0
76.55,15.75,46.28,37.68,1623.9,5,21.5,77.0,7.38,0.2808,28.08,MODERATE,0
110.67,21.81,48.03,33.96,958.7,7,24.0,74.0,9.15,0.2236,22.36,LOW,0
70.8,14.18,46.13,39.41,1635.9,13,19.6,61.8,7.47,0.1116,11.16,LOW,0
130.1,20.77,59.63,42.07,1593.6,4,17.6,79.0,16.75,0.6651,66.51,HIGH,1
16.74,3.85,28.14,22.3,1967.3,6,18.9,62.7,4.07,0.0256,2.56,LOW,0
59.74,13.9,39.74,27.25,1302.5,5,20.7,60.1,6.72,0.0767,7.67,LOW,0
15.96,2.83,29.27,41.51,734.6,10,24.1,55.1,1.55,0.0537,5.37,LOW,0
32.21,8.41,35.32,35.45,1736.0,7,20.7,69.3,3.89,0.0368,3.68,LOW,0
32.63,7.28,33.99,47.25,2699.1,6,13.9,57.5,2.84,0.0783,7.83,LOW,0
15.9,3.72,35.22,44.49,2208.8,8,15.9,67.1,4.92,0.0558,5.58,LOW,0
82.19,13.51,51.79,52.33,1248.2,12,24.7,63.0,9.28,0.3325,33.25,MODERATE,0
24.49,2.94,31.49,45.89,3009.8,5,9.4,54.6,2.89,0.0886,8.86,LOW,0
21.88,5.65,25.95,37.89,2941.0,4,7.7,63.4,3.94,0.0495,4.95,LOW,0
209.89,52.81,86.67,45.2,867.6,7,21.2,87.0,34.71,0.9691,96.91,CRITICAL,1
23.81,3.33,30.09,33.32,366.3,10,26.4,60.4,4.36,0.0526,5.26,LOW,0
6.88,1.24,26.07,34.32,2436.9,12,16.3,61.9,1.2,0.0591,5.91,LOW,0
25.19,5.69,25.46,49.68,2691.5,7,11.3,60.4,3.24,0.0396,3.96,LOW,0
58.87,13.21,43.55,38.33,3105.2,10,20.1,63.1,7.12,0.1005,10.05,LOW,0
154.42,39.79,81.2,50.1,2875.0,10,12.6,86.1,21.95,0.9497,94.97,CRITICAL,1
54.39,7.75,37.7,51.2,2021.6,6,17.3,69.2,5.01,0.111,11.1,LOW,0
43.09,8.13,40.18,52.95,1813.7,7,14.8,66.7,4.5,0.0593,5.93,LOW,0
10.27,1.39,34.1,56.49,332.1,13,22.6,61.4,2.69,0.1515,15.15,LOW,0
230.56,42.04,86.94,37.92,977.6,6,18.2,89.8,35.0,0.9903,99.03,CRITICAL,1
78.37,9.59,34.82,34.72,1605.9,6,22.6,65.7,7.21,0.1403,14.03,LOW,0
7.56,1.99,30.59,42.23,2104.1,10,19.5,59.1,2.18,0.0483,4.83,LOW,0
4.89,1.0,26.77,36.27,1893.9,4,17.6,56.0,3.38,0.0418,4.18,LOW,0
129.97,33.27,62.95,42.81,2440.8,10,11.5,79.4,18.84,0.608,60.8,HIGH,1
70.96,9.2,45.14,46.36,1075.3,10,21.4,68.3,6.27,0.2628,26.28,MODERATE,0
78.3,12.25,52.72,45.74,1916.6,6,21.0,71.9,9.46,0.3611,36.11,MODERATE,0
179.47,28.98,74.76,36.37,510.0,7,23.9,86.4,27.24,0.8754,87.54,CRITICAL,1
27.31,4.97,43.5,29.26,1470.3,5,17.7,74.7,3.44,0.0336,3.36,LOW,0
127.64,31.71,64.23,37.91,2463.0,4,13.5,70.8,17.04,0.7095,70.95,HIGH,1
27.59,5.02,37.78,28.18,2295.5,5,14.6,63.0,3.5,0.0555,5.55,LOW,0
1.84,0.28,25.55,54.78,3172.4,13,12.4,53.6,1.08,0.053,5.3,LOW,0
47.9,6.25,39.97,35.53,1069.8,10,16.6,64.3,4.43,0.0579,5.79,LOW,0
24.64,3.27,23.45,28.72,1719.7,8,19.0,58.8,0.57,0.0344,3.44,LOW,0
199.42,48.18,77.95,20.57,1222.1,8,19.5,93.7,30.15,0.9532,95.32,CRITICAL,1
24.45,4.67,37.23,44.27,1549.8,7,18.1,54.8,3.87,0.0613,6.13,LOW,0
128.65,30.39,60.69,43.97,2778.0,8,14.6,84.0,15.1,0.8222,82.22,CRITICAL,1
68.62,15.72,38.59,35.38,2268.4,9,12.3,73.5,6.49,0.1651,16.51,LOW,0
11.44,1.62,24.78,24.35,2853.2,9,12.8,74.0,1.07,0.0193,1.93,LOW,0
112.89,16.13,53.15,37.35,850.4,7,24.5,87.8,13.33,0.5253,52.53,HIGH,1
7.62,1.84,26.94,34.48,2826.4,13,13.9,56.4,1.97,0.0435,4.35,LOW,0
126.39,29.75,56.22,45.34,426.3,8,27.4,86.4,15.56,0.5532,55.32,HIGH,1
144.36,26.05,72.54,42.96,2871.4,6,13.6,79.7,20.53,0.8517,85.17,CRITICAL,1
101.5,13.44,54.46,36.08,1220.8,2,23.1,77.1,10.96,0.3928,39.28,MODERATE,0
31.26,3.81,26.77,31.3,1178.0,10,19.3,75.0,2.97,0.0542,5.42,LOW,0
32.97,5.48,41.91,63.64,1760.7,9,21.7,60.4,6.0,0.1132,11.32,LOW,0
5.85,0.71,26.41,38.54,3025.0,10,8.4,61.2,4.37,0.0458,4.58,LOW,0
55.25,8.66,43.0,45.74,391.0,9,26.8,56.6,4.77,0.0972,9.72,LOW,0
53.83,10.07,41.61,28.09,1289.1,8,19.2,73.4,6.94,0.0911,9.11,LOW,0
9.48,1.32,29.74,39.4,2776.9,10,8.4,74.0,1.4,0.0632,6.32,LOW,0
11.92,1.63,26.62,20.79,1418.4,11,18.8,65.2,1.81,0.0128,1.28,LOW,0
97.31,25.64,53.9,39.96,837.5,10,23.1,82.8,11.65,0.4527,45.27,MODERATE,0
61.14,13.06,41.37,60.44,1503.1,11,23.2,76.0,7.04,0.2376,23.76,LOW,0
41.88,11.29,38.54,36.64,1387.4,8,24.9,62.0,4.18,0.059,5.9,LOW,0
3.0,0.53,24.91,21.89,2950.5,11,11.4,62.4,2.74,0.0154,1.54,LOW,0
18.96,4.33,28.86,21.14,2497.7,7,10.8,65.8,4.17,0.0177,1.77,LOW,0
28.68,4.38,25.72,36.75,1740.1,6,15.2,57.3,4.06,0.0824,8.24,LOW,0
7.26,1.59,27.01,28.97,3165.7,7,12.5,69.8,1.39,0.0368,3.68,LOW,0
20.81,2.93,31.95,20.34,1622.6,11,20.8,60.1,2.75,0.0547,5.47,LOW,0
32.16,3.87,43.25,48.31,421.8,7,24.2,63.5,5.38,0.0706,7.06,LOW,0
125.72,33.82,62.6,38.66,1023.7,7,19.4,77.3,17.72,0.753,75.3,CRITICAL,1
53.15,11.1,36.26,33.78,1536.4,8,22.0,68.2,4.2,0.0781,7.81,LOW,0
64.24,17.24,37.91,55.4,712.9,12,21.0,87.2,6.69,0.2008,20.08,LOW,0
13.68,2.37,30.17,26.9,3045.3,10,10.1,58.4,3.48,0.0222,2.22,LOW,0
130.65,22.53,57.86,59.63,2512.2,8,15.4,70.3,14.21,0.6328,63.28,HIGH,1
3.83,0.7,23.23,34.56,1041.4,6,17.3,61.6,3.18,0.0209,2.09,LOW,0
194.22,45.25,75.64,54.68,1992.9,5,19.4,84.0,30.56,0.9591,95.91,CRITICAL,1
5.8,1.22,24.98,42.87,2378.3,5,20.9,58.4,2.92,0.0496,4.96,LOW,0
3.03,0.81,29.53,51.4,3026.8,14,11.6,64.2,2.73,0.1992,19.92,LOW,0
186.69,23.16,67.32,62.96,2850.8,11,12.2,81.5,23.87,0.9636,96.36,CRITICAL,1
22.35,5.21,37.73,33.75,1769.8,5,18.4,61.2,3.03,0.0361,3.61,LOW,0
83.47,14.43,47.35,60.14,2535.2,7,14.6,74.3,8.47,0.2022,20.22,LOW,0
15.79,2.35,26.25,36.79,1908.3,3,15.7,57.7,1.86,0.0196,1.96,LOW,0
11.85,2.39,32.76,36.68,1880.5,11,14.8,61.5,2.46,0.0258,2.58,LOW,0
24.31,4.88,30.78,35.37,588.5,4,23.9,65.4,3.66,0.051,5.1,LOW,0
21.3,3.02,25.73,41.0,622.1,16,25.0,62.5,2.13,0.1485,14.85,LOW,0
14.78,2.25,21.53,28.71,1812.1,12,15.5,63.2,2.23,0.0235,2.35,LOW,0
41.42,7.67,40.07,41.36,1043.1,4,18.9,68.4,5.31,0.0681,6.81,LOW,0
49.89,9.25,42.77,41.01,312.1,5,25.2,63.4,3.72,0.0793,7.93,LOW,0
176.7,30.18,72.41,48.54,2382.4,9,11.6,77.7,25.98,0.9546,95.46,CRITICAL,1
126.23,18.15,66.95,51.74,345.8,7,27.8,72.7,17.43,0.7301,73.01,HIGH,1
10.85,1.31,28.22,38.17,2006.1,7,8.4,54.4,2.78,0.0806,8.06,LOW,0
44.07,12.13,43.98,34.2,1840.6,6,15.0,74.0,6.64,0.0599,5.99,LOW,0
17.55,4.75,25.13,32.78,3108.0,6,14.4,52.2,3.73,0.0433,4.33,LOW,0
39.56,7.81,30.68,30.4,1678.4,8,18.2,69.7,4.79,0.043,4.3,LOW,0
22.62,6.32,28.76,23.38,437.6,8,26.1,59.3,3.45,0.0161,1.61,LOW,0
177.76,40.49,72.78,35.43,1877.5,10,17.4,92.9,25.28,0.9551,95.51,CRITICAL,1
45.68,5.99,43.55,33.15,2731.2,12,11.4,64.3,5.0,0.1884,18.84,LOW,0
106.64,14.81,56.33,60.69,3190.7,8,13.2,76.2,11.85,0.6191,61.91,HIGH,1
63.06,16.81,38.86,41.48,1519.5,11,18.2,72.6,6.8,0.1291,12.91,LOW,0
81.62,18.02,47.91,35.58,1194.9,11,19.4,79.8,9.43,0.1671,16.71,LOW,0
58.95,15.03,39.37,42.17,2924.6,8,13.6,65.4,6.32,0.1529,15.29,LOW,0
21.51,5.67,27.0,28.03,814.2,10,18.7,59.5,1.7,0.0153,1.53,LOW,0
10.15,1.95,27.44,38.27,2065.5,10,15.9,64.6,0.5,0.0579,5.79,LOW,0
126.62,16.18,59.5,43.62,1446.9,9,18.7,69.5,15.62,0.5835,58.35,HIGH,1
0.72,0.11,21.37,39.49,371.2,7,25.2,49.8,0.5,0.0244,2.44,LOW,0
25.98,3.39,28.39,37.13,1274.5,4,19.8,66.1,3.65,0.0259,2.59,LOW,0
24.62,3.7,35.97,64.87,1032.4,7,23.3,67.7,5.54,0.072,7.2,LOW,0
26.07,4.84,34.42,54.21,2274.0,7,18.2,65.9,3.95,0.0854,8.54,LOW,0
127.78,17.75,65.5,43.53,3048.9,8,12.4,78.6,16.63,0.6928,69.28,HIGH,1
155.44,22.8,67.11,41.83,1040.7,6,21.4,80.1,19.73,0.8003,80.03,CRITICAL,1
6.17,1.18,21.29,43.44,2643.8,9,15.0,70.5,1.66,0.0668,6.68,LOW,0
16.11,2.81,26.64,30.67,413.3,8,27.6,72.7,2.74,0.0353,3.53,LOW,0
19.31,3.76,35.54,36.95,1837.5,6,18.8,63.5,4.31,0.0588,5.88,LOW,0
15.65,2.95,21.38,21.94,458.1,9,28.1,58.2,2.74,0.014,1.4,LOW,0
56.07,12.51,47.92,39.12,3005.4,9,5.6,62.4,6.54,0.1157,11.57,LOW,0
25.98,7.01,26.72,41.04,2510.7,5,14.3,66.5,3.92,0.0813,8.13,LOW,0
29.71,4.08,37.22,31.66,2191.0,12,16.7,57.1,5.47,0.0918,9.18,LOW,0
67.11,9.12,38.69,60.44,2680.5,10,9.6,62.8,6.99,0.2801,28.01,MODERATE,0
141.62,36.32,61.68,56.0,2160.2,5,16.7,78.3,17.91,0.7456,74.56,HIGH,1
4.96,1.0,16.1,46.98,3108.4,6,13.2,63.8,0.5,0.0256,2.56,LOW,0
43.8,10.63,46.53,40.76,2356.2,14,14.5,75.4,4.31,0.1211,12.11,LOW,0
20.01,3.09,33.48,53.62,2977.7,8,13.3,64.5,1.72,0.0967,9.67,LOW,0
12.22,3.09,31.59,27.62,1775.5,5,20.8,64.8,2.5,0.0119,1.19,LOW,0
1.8,0.48,23.04,49.75,595.3,12,28.1,66.2,1.24,0.1172,11.72,LOW,0
23.38,5.18,26.89,27.34,1808.1,10,21.0,68.8,2.64,0.061,6.1,LOW,0
15.37,2.1,33.19,49.91,624.3,4,28.0,59.0,2.07,0.0797,7.97,LOW,0
88.7,23.35,43.82,33.33,1997.9,7,15.8,78.5,8.24,0.2312,23.12,LOW,0
41.52,10.25,35.79,54.02,1673.4,10,17.8,72.4,2.82,0.1355,13.55,LOW,0
169.16,40.62,66.11,58.57,2086.6,9,10.3,87.2,22.35,0.9397,93.97,CRITICAL,1
9.83,1.24,28.37,28.47,279.6,14,23.8,62.3,3.2,0.0364,3.64,LOW,0
125.29,31.05,50.5,38.77,824.8,7,26.5,82.4,13.46,0.6862,68.62,HIGH,1
66.11,9.39,36.11,62.5,1699.4,8,17.1,72.9,6.66,0.2269,22.69,LOW,0
174.22,27.11,69.48,39.34,3054.0,5,12.2,75.0,24.26,0.8572,85.72,CRITICAL,1
96.82,20.56,55.18,53.27,1381.6,5,21.0,77.1,12.04,0.3934,39.34,MODERATE,0
34.57,5.61,32.02,42.43,1501.9,7,22.8,72.3,4.84,0.0538,5.38,LOW,0
13.59,3.07,33.72,36.39,2358.4,9,10.0,68.0,4.02,0.0648,6.48,LOW,0
9.9,2.15,35.28,33.66,2031.2,5,17.7,63.7,4.21,0.0275,2.75,LOW,0
0.32,0.04,23.55,30.74,1131.8,6,22.6,60.9,0.5,0.0212,2.12,LOW,0
9.4,2.11,20.24,48.54,1461.9,7,17.8,59.0,2.81,0.0768,7.68,LOW,0
73.97,19.81,50.54,36.71,892.2,5,25.5,70.4,7.52,0.2224,22.24,LOW,0
33.15,4.83,26.57,40.12,3099.8,5,7.5,69.3,4.99,0.0356,3.56,LOW,0
6.38,1.37,22.27,39.59,635.4,5,27.2,63.3,2.32,0.0486,4.86,LOW,0
26.32,4.6,23.87,42.07,1346.9,10,15.2,69.4,3.41,0.0362,3.62,LOW,0
31.22,6.04,38.56,53.38,326.2,9,23.9,61.6,4.28,0.0625,6.25,LOW,0
12.39,2.06,31.33,62.47,904.2,9,22.7,68.4,2.91,0.0845,8.45,LOW,0
1.25,0.22,33.44,37.29,2552.4,6,14.5,56.5,3.72,0.0383,3.83,LOW,0
1.33,0.17,23.17,51.44,843.5,7,18.7,61.4,3.3,0.046,4.6,LOW,0
0.93,0.26,21.14,48.65,486.2,11,27.9,56.8,3.64,0.0657,6.57,LOW,0
179.01,39.38,72.5,41.96,1649.6,6,20.8,86.3,25.17,0.9092,90.92,CRITICAL,1
13.4,2.68,22.09,59.64,279.4,4,31.2,74.2,0.5,0.0263,2.63,LOW,0
178.87,32.45,82.23,30.63,500.1,10,27.0,89.9,29.22,0.9407,94.07,CRITICAL,1
19.78,4.08,47.42,26.54,2632.5,10,11.7,64.3,2.57,0.0277,2.77,LOW,0
21.12,3.82,27.29,52.76,2525.8,14,11.4,71.6,2.68,0.1027,10.27,LOW,0
25.17,4.47,35.01,38.14,2949.7,11,10.7,48.4,3.52,0.0375,3.75,LOW,0
43.69,8.49,36.46,52.4,2770.8,6,18.2,65.6,4.87,0.1303,13.03,LOW,0
11.18,1.84,30.34,54.96,2265.4,10,15.7,58.7,3.25,0.1265,12.65,LOW,0
4.54,0.68,31.57,23.73,404.4,8,26.0,55.5,1.33,0.0119,1.19,LOW,0
28.42,5.94,27.24,54.39,2559.4,9,17.4,55.1,4.02,0.0405,4.05,LOW,0
135.81,34.61,60.63,38.38,2744.3,7,10.0,79.1,16.63,0.6061,60.61,HIGH,1
20.45,2.95,36.74,40.1,2607.3,12,15.0,67.2,5.95,0.1158,11.58,LOW,0
36.44,4.56,37.75,43.63,1750.0,13,19.7,64.6,2.89,0.1107,11.07,LOW,0
23.85,3.8,33.31,57.18,937.1,8,25.2,68.4,3.56,0.0816,8.16,LOW,0
33.89,9.38,37.04,19.83,2743.7,12,15.0,65.5,4.87,0.0334,3.34,LOW,0
27.5,6.95,35.74,39.16,2395.1,7,14.7,71.1,3.36,0.0756,7.56,LOW,0
47.12,10.15,43.98,45.72,3143.2,10,7.3,64.1,5.16,0.2219,22.19,LOW,0
42.84,11.51,40.76,47.0,709.3,9,22.7,55.2,6.47,0.0583,5.83,LOW,0
26.74,5.11,32.23,45.89,915.7,4,25.1,54.5,4.39,0.0601,6.01,LOW,0
39.76,11.03,37.9,27.8,874.8,5,27.8,63.0,3.91,0.1148,11.48,LOW,0
72.38,12.12,44.93,34.1,2588.0,8,10.7,65.6,6.37,0.1134,11.34,LOW,0
19.81,3.14,26.82,35.91,801.4,6,20.4,59.4,3.54,0.0341,3.41,LOW,0
18.63,4.14,29.96,50.37,446.6,7,21.6,69.6,3.33,0.065,6.5,LOW,0
50.57,9.13,38.59,33.43,3195.8,5,8.5,58.6,6.08,0.0579,5.79,LOW,0
30.58,6.73,25.07,31.03,323.2,1,28.6,73.6,3.25,0.0437,4.37,LOW,0
2.58,0.44,29.6,59.77,2714.0,4,16.4,55.6,3.0,0.1097,10.97,LOW,0
77.93,17.06,51.54,18.29,1327.8,8,15.5,64.2,10.83,0.073,7.3,LOW,0
1.09,0.18,28.03,66.14,2732.8,4,10.0,59.3,3.59,0.0466,4.66,LOW,0
48.3,6.19,42.95,45.33,1886.1,7,14.1,76.2,4.91,0.1807,18.07,LOW,0
49.77,13.24,38.06,51.49,2909.8,2,9.8,63.2,7.91,0.1292,12.92,LOW,0
271.88,71.05,98.0,33.95,2982.3,5,11.0,97.2,35.0,0.9985,99.85,CRITICAL,1
1.95,0.54,30.29,19.18,276.8,11,25.5,57.1,0.68,0.0309,3.09,LOW,0
31.8,7.46,28.61,47.58,472.5,9,26.7,71.7,4.07,0.0854,8.54,LOW,0
19.54,4.48,25.0,51.76,988.6,9,17.7,60.3,3.11,0.0829,8.29,LOW,0
14.05,2.94,31.17,47.69,2224.5,3,14.5,64.8,2.67,0.0392,3.92,LOW,0
3.31,0.46,28.03,28.2,2870.4,12,15.6,61.2,1.96,0.0303,3.03,LOW,0
28.95,4.35,37.76,48.2,1606.8,7,22.7,63.7,4.67,0.0786,7.86,LOW,0
22.82,3.8,22.84,48.83,2040.6,9,20.9,60.4,3.64,0.0565,5.65,LOW,0
3.87,1.01,25.59,44.7,806.1,7,24.5,72.4,1.59,0.0508,5.08,LOW,0
33.18,4.9,28.64,48.72,2624.7,13,11.9,81.7,3.17,0.1226,12.26,LOW,0
46.87,12.55,42.4,52.35,3103.6,10,11.4,61.7,5.0,0.0792,7.92,LOW,0
51.03,10.39,45.96,43.21,1042.4,8,28.6,61.2,6.05,0.1167,11.67,LOW,0
82.52,19.35,50.63,25.39,1709.7,9,17.3,72.6,10.41,0.1825,18.25,LOW,0
18.44,2.54,27.37,39.46,504.0,8,29.8,49.1,4.11,0.0785,7.85,LOW,0
107.07,17.46,51.24,24.73,1899.5,9,11.5,76.4,11.66,0.2667,26.67,MODERATE,0
70.2,19.19,42.6,37.29,1733.2,10,19.9,82.6,8.48,0.1833,18.33,LOW,0
12.31,2.0,24.24,37.28,676.1,6,25.9,58.3,2.98,0.032,3.2,LOW,0
6.07,1.02,25.9,23.97,1554.1,12,20.4,67.4,2.42,0.0508,5.08,LOW,0
20.01,3.03,26.85,35.62,1235.6,8,22.3,71.8,4.83,0.0285,2.85,LOW,0
102.65,14.44,46.83,26.63,1789.4,5,19.5,70.2,10.98,0.1599,15.99,LOW,0
30.01,4.72,35.31,50.54,1977.7,12,18.5,65.6,3.77,0.0806,8.06,LOW,0
30.65,6.83,35.87,58.88,275.1,11,25.7,66.7,4.81,0.138,13.8,LOW,0
48.52,9.36,47.08,24.39,2495.0,9,13.6,71.7,4.88,0.0435,4.35,LOW,0
24.96,5.21,29.82,59.55,2353.4,6,11.7,68.6,3.12,0.146,14.6,LOW,0
3.88,0.54,16.63,40.45,1330.5,5,22.5,67.3,2.38,0.0353,3.53,LOW,0
68.39,16.98,48.23,34.11,406.2,12,29.0,65.6,8.66,0.2188,21.88,LOW,0
12.98,3.18,33.27,24.68,2477.1,7,18.7,63.0,3.02,0.0623,6.23,LOW,0
189.17,23.35,83.68,39.82,3067.8,10,9.1,97.3,29.2,0.9673,96.73,CRITICAL,1
4.39,0.8,33.59,49.92,958.4,8,18.4,70.2,1.38,0.0806,8.06,LOW,0
251.84,32.99,98.0,46.42,1204.4,5,22.3,99.0,35.0,0.9983,99.83,CRITICAL,1
3.34,0.82,21.05,22.82,792.2,9,20.8,57.3,2.37,0.0397,3.97,LOW,0
9.19,2.19,35.31,24.43,1952.0,12,18.7,67.6,1.29,0.0463,4.63,LOW,0
1.67,0.44,23.83,37.16,706.8,7,18.6,63.5,3.48,0.0267,2.67,LOW,0
144.16,22.75,69.36,33.97,1300.8,9,23.6,84.7,20.31,0.7919,79.19,CRITICAL,1
66.47,12.83,44.91,31.83,2306.2,10,15.7,74.6,7.66,0.1128,11.28,LOW,0
19.93,2.98,25.72,33.51,1902.3,13,12.7,57.3,2.75,0.0406,4.06,LOW,0
92.34,16.57,56.66,50.32,1390.1,8,21.1,78.9,9.97,0.41,41.0,MODERATE,0
31.23,6.36,31.46,57.39,1489.7,7,20.0,65.6,3.86,0.0914,9.14,LOW,0
34.8,4.47,44.04,37.22,1908.2,9,18.8,72.1,5.51,0.0608,6.08,LOW,0
65.35,15.32,39.48,55.78,267.3,6,28.5,69.9,6.49,0.0861,8.61,LOW,0
12.32,2.55,23.43,34.8,481.6,3,19.3,65.3,3.59,0.03,3.0,LOW,0
15.31,3.87,25.97,39.15,2849.7,5,11.1,65.0,2.65,0.0413,4.13,LOW,0
82.74,13.53,55.64,31.6,479.7,7,25.1,69.1,10.98,0.2397,23.97,LOW,0
80.93,21.41,39.82,44.09,2335.1,7,14.4,66.7,7.69,0.3418,34.18,MODERATE,0
131.25,36.72,66.32,62.22,2964.1,10,10.8,84.5,18.05,0.7333,73.33,HIGH,1
81.24,21.7,56.91,42.89,1048.5,6,24.9,67.0,11.19,0.4101,41.01,MODERATE,0
66.88,16.35,42.88,35.88,1342.9,9,16.3,68.0,6.08,0.2985,29.85,MODERATE,0
60.75,15.19,40.04,44.34,1928.3,9,16.7,66.9,7.03,0.2653,26.53,MODERATE,0
18.46,3.91,30.57,27.24,2851.0,8,11.8,65.0,4.07,0.0298,2.98,LOW,0
254.27,38.25,90.58,54.69,3028.6,4,11.1,99.0,35.0,0.998,99.8,CRITICAL,1
22.37,5.11,44.51,39.89,2431.7,8,12.2,54.0,3.86,0.048,4.8,LOW,0
28.25,6.61,36.26,38.41,505.5,7,30.6,59.9,1.74,0.0401,4.01,LOW,0
26.41,7.33,26.29,42.34,2224.0,8,18.2,59.3,1.47,0.0981,9.81,LOW,0
13.59,2.81,24.77,43.57,1460.4,10,25.5,60.7,1.72,0.0658,6.58,LOW,0
2.73,0.45,26.66,24.35,1638.6,7,20.6,48.5,3.41,0.0286,2.86,LOW,0
79.1,18.14,40.68,45.54,395.0,11,27.7,78.7,9.99,0.1874,18.74,LOW,0
56.8,15.72,33.38,32.17,813.6,9,23.5,68.9,5.01,0.0486,4.86,LOW,0
102.38,15.19,55.13,46.67,2582.0,7,17.7,74.6,12.21,0.5298,52.98,HIGH,1
52.48,9.04,44.73,51.2,1589.2,4,20.7,72.4,3.64,0.1456,14.56,LOW,0
34.41,7.11,39.21,50.34,1139.9,7,21.3,68.3,5.08,0.0895,8.95,LOW,0
18.42,2.71,29.86,41.33,1382.9,7,25.0,65.8,3.12,0.092,9.2,LOW,0
10.26,1.27,26.5,40.38,2770.5,8,9.5,61.4,2.24,0.0511,5.11,LOW,0
68.75,11.96,44.51,28.2,2459.5,9,12.6,70.9,6.54,0.0884,8.84,LOW,0
42.16,10.9,41.77,49.1,1053.3,6,29.2,71.4,4.82,0.053,5.3,LOW,0
27.77,3.53,26.49,33.19,596.6,15,26.4,67.4,1.98,0.0777,7.77,LOW,0
32.92,6.21,30.33,39.71,993.4,7,16.0,75.3,2.94,0.0494,4.94,LOW,0
3.34,0.81,24.05,33.62,2966.2,6,14.2,61.3,0.87,0.024,2.4,LOW,0
22.48,6.13,30.08,27.77,1965.7,12,14.6,67.3,2.2,0.0401,4.01,LOW,0
7.54,2.09,26.84,43.73,1823.8,8,16.5,60.4,1.21,0.0733,7.33,LOW,0
8.18,1.53,27.17,23.14,2009.4,10,23.3,63.2,2.98,0.0382,3.82,LOW,0
171.91,46.77,76.51,48.01,1329.8,11,24.8,88.0,24.52,0.946,94.6,CRITICAL,1
84.77,10.65,39.92,34.68,2631.0,11,18.5,70.1,8.04,0.1931,19.31,LOW,0
18.1,4.33,22.06,15.41,1793.7,7,16.6,58.8,1.63,0.0214,2.14,LOW,0
8.15,1.82,23.96,40.12,594.4,11,24.0,65.1,1.3,0.0739,7.39,LOW,0
36.62,5.86,39.57,22.56,630.7,8,25.1,68.2,3.52,0.0472,4.72,LOW,0
71.73,14.43,41.82,33.35,1833.7,13,20.1,79.6,8.38,0.1524,15.24,LOW,0
48.29,6.8,38.31,46.42,3012.9,8,10.6,67.3,5.15,0.074,7.4,LOW,0
71.07,18.44,45.54,23.74,1159.6,8,26.3,64.7,7.08,0.1033,10.33,LOW,0
26.92,4.77,34.12,52.02,2815.1,14,13.7,64.1,2.65,0.0746,7.46,LOW,0
48.78,10.74,46.48,17.16,2504.1,13,18.0,71.9,4.74,0.09,9.0,LOW,0
5.28,0.77,29.95,32.35,981.0,8,20.7,48.1,1.57,0.0343,3.43,LOW,0
14.98,2.29,34.18,47.7,357.2,10,25.0,62.2,1.49,0.1033,10.33,LOW,0
17.27,4.81,29.2,34.64,550.4,6,25.6,66.6,2.47,0.0325,3.25,LOW,0
25.06,6.03,39.38,26.14,2399.1,8,13.7,65.2,3.07,0.0604,6.04,LOW,0
92.62,25.37,51.29,35.96,839.0,8,26.0,71.7,9.77,0.407,40.7,MODERATE,0
72.58,12.15,35.55,33.16,1345.2,9,23.3,63.7,7.88,0.1299,12.99,LOW,0
5.06,0.74,38.71,52.19,1730.0,5,17.9,60.7,2.11,0.1284,12.84,LOW,0
6.64,1.33,27.09,34.54,2390.1,6,16.5,53.7,2.14,0.0487,4.87,LOW,0
15.49,3.09,31.99,49.68,584.0,7,29.9,66.4,4.17,0.0538,5.38,LOW,0
12.02,1.78,23.02,54.89,1448.8,9,22.6,62.2,1.14,0.183,18.3,LOW,0
33.39,7.92,45.33,38.0,1681.0,8,20.4,74.0,4.24,0.0782,7.82,LOW,0
81.58,14.51,43.87,56.03,1845.4,10,21.1,60.5,6.89,0.4382,43.82,MODERATE,0
114.73,17.19,55.2,36.45,2664.2,9,17.5,75.2,13.47,0.5151,51.51,HIGH,1
37.11,6.42,27.74,60.44,756.5,13,27.6,70.0,4.46,0.1723,17.23,LOW,0
63.74,13.4,44.67,25.43,2633.1,8,13.3,76.4,4.7,0.149,14.9,LOW,0
26.07,6.16,30.89,45.69,2294.0,8,17.6,68.6,4.31,0.0733,7.33,LOW,0
8.18,1.61,19.57,39.63,1889.8,9,16.9,55.5,2.6,0.0364,3.64,LOW,0
106.74,21.79,54.55,36.74,2313.6,9,15.1,73.1,12.52,0.3899,38.99,MODERATE,0
28.35,4.03,33.41,43.83,1465.5,6,21.1,50.8,2.46,0.0353,3.53,LOW,0
47.48,12.65,37.06,46.3,658.3,5,20.8,67.4,5.94,0.14,14.0,LOW,0
8.69,2.33,18.33,17.31,2214.0,5,16.7,68.3,3.97,0.0132,1.32,LOW,0
16.08,3.69,30.96,29.27,1797.8,7,16.4,62.5,2.49,0.0339,3.39,LOW,0
15.84,1.95,23.1,46.64,2136.2,7,13.3,65.8,2.34,0.0499,4.99,LOW,0
112.17,23.1,60.85,44.97,1247.1,9,23.1,80.1,14.31,0.6211,62.11,HIGH,1
20.54,4.53,27.97,60.65,2925.3,5,11.3,61.2,2.63,0.0737,7.37,LOW,0
49.24,13.75,43.43,48.51,1982.7,10,17.6,52.8,5.67,0.1305,13.05,LOW,0
48.63,13.59,38.69,59.15,501.9,5,24.6,75.3,6.42,0.173,17.3,LOW,0
10.8,2.78,28.35,46.25,1576.9,7,17.8,64.2,2.48,0.0555,5.55,LOW,0
29.69,3.87,39.7,34.06,2481.3,7,14.6,56.9,4.41,0.0351,3.51,LOW,0
78.65,21.43,42.95,26.33,2592.7,8,10.3,74.0,10.11,0.1359,13.59,LOW,0
22.57,4.92,25.84,49.37,1709.1,4,18.4,64.6,4.51,0.0875,8.75,LOW,0
101.59,25.21,56.22,44.21,2889.5,7,17.1,83.1,11.23,0.6505,65.05,HIGH,1
8.45,1.56,20.8,22.66,1039.6,13,19.3,64.1,4.06,0.0161,1.61,LOW,0
2.7,0.46,21.76,35.95,1461.3,8,23.5,63.3,3.48,0.0448,4.48,LOW,0
77.72,15.09,38.87,59.71,2900.9,9,17.3,72.9,8.93,0.3147,31.47,MODERATE,0
65.86,9.45,49.2,39.82,2894.0,7,10.1,65.3,7.21,0.1268,12.68,LOW,0
171.67,30.41,68.05,37.97,2272.9,4,16.3,89.8,23.24,0.836,83.6,CRITICAL,1
39.81,10.24,32.88,38.64,2784.0,11,9.4,65.8,3.96,0.0574,5.74,LOW,0
96.59,12.18,45.59,30.96,511.9,8,21.6,68.8,10.05,0.144,14.4,LOW,0
61.4,8.85,40.26,36.2,2801.7,10,13.0,65.3,8.2,0.1496,14.96,LOW,0
65.12,9.12,42.52,36.23,1195.8,8,22.4,63.0,7.12,0.2276,22.76,LOW,0
29.47,5.44,37.38,22.99,776.1,8,22.3,70.8,2.26,0.0442,4.42,LOW,0
16.86,4.71,23.11,48.78,956.1,7,19.9,74.4,2.33,0.0596,5.96,LOW,0
95.43,14.1,48.72,37.53,1483.0,6,17.9,81.2,9.71,0.2154,21.54,LOW,0
19.8,2.84,37.66,51.19,991.0,8,24.8,65.2,5.13,0.0598,5.98,LOW,0
27.09,7.22,37.79,52.57,1195.7,14,23.7,63.7,3.03,0.1263,12.63,LOW,0
20.68,5.4,27.4,31.08,648.2,7,26.0,61.4,2.61,0.0224,2.24,LOW,0
29.12,3.64,32.91,44.66,1123.7,10,20.9,58.5,3.35,0.1126,11.26,LOW,0
22.25,5.35,41.07,39.03,1938.2,9,14.7,75.0,5.24,0.057,5.7,LOW,0
1.72,0.39,19.51,54.2,1553.5,5,22.7,54.1,3.02,0.0325,3.25,LOW,0
74.81,18.17,36.34,31.22,1272.8,9,25.1,66.1,7.46,0.2625,26.25,MODERATE,0
20.57,4.1,28.08,45.37,2452.0,8,13.2,61.9,3.27,0.0929,9.29,LOW,0
140.68,39.2,63.97,43.03,2885.9,2,11.7,80.4,18.42,0.5552,55.52,HIGH,1
5.25,0.67,22.46,33.97,2482.5,6,10.7,64.4,2.29,0.0192,1.92,LOW,0
118.02,18.59,62.93,27.9,1229.4,11,22.6,73.7,17.42,0.5011,50.11,HIGH,1
9.85,1.81,28.81,44.47,2446.1,4,19.7,49.5,1.24,0.0327,3.27,LOW,0
42.68,8.19,33.93,47.61,698.3,9,26.5,65.0,1.84,0.0811,8.11,LOW,0
3.66,0.98,23.33,34.62,634.4,1,30.0,59.6,2.6,0.0342,3.42,LOW,0
83.85,17.57,44.75,44.24,1269.6,7,20.0,71.1,10.16,0.2573,25.73,MODERATE,0
8.47,1.08,31.52,36.95,2632.7,12,10.3,59.7,2.67,0.0478,4.78,LOW,0
123.12,22.81,57.11,46.65,976.7,8,26.4,76.4,12.68,0.5218,52.18,HIGH,1
7.01,1.31,21.0,30.58,436.6,9,26.0,53.1,3.01,0.0187,1.87,LOW,0
0.49,0.14,29.95,54.79,638.5,5,22.3,68.8,0.96,0.0407,4.07,LOW,0
228.59,49.35,87.62,33.72,2783.3,4,17.4,99.0,35.0,0.9838,98.38,CRITICAL,1
72.79,16.14,38.58,36.17,2119.7,3,14.8,79.3,6.08,0.0682,6.82,LOW,0
33.33,7.8,42.9,23.42,996.9,5,19.7,57.9,2.97,0.0563,5.63,LOW,0
7.3,1.77,30.1,26.66,1888.1,6,19.1,63.5,2.6,0.0353,3.53,LOW,0
11.76,2.61,28.52,40.26,1806.4,6,14.8,59.2,1.96,0.0321,3.21,LOW,0
22.61,3.57,30.27,33.06,2183.5,4,18.5,60.5,1.9,0.0516,5.16,LOW,0
173.49,45.08,72.18,51.83,937.9,8,20.0,80.5,26.92,0.9527,95.27,CRITICAL,1
9.95,2.36,26.28,19.23,2800.0,8,13.2,76.9,1.94,0.0152,1.52,LOW,0
220.16,52.55,85.28,36.5,1162.6,6,22.4,91.5,35.0,0.9758,97.58,CRITICAL,1
20.26,5.66,27.72,35.28,2297.7,9,16.0,57.5,4.57,0.05,5.0,LOW,0
12.38,3.07,27.95,19.85,297.6,7,23.1,62.7,3.3,0.0273,2.73,LOW,0
21.3,5.38,27.92,27.31,1349.3,9,20.1,67.8,4.98,0.0229,2.29,LOW,0
2.59,0.7,26.84,37.46,1287.5,9,24.4,59.5,1.43,0.0289,2.89,LOW,0
56.1,8.09,40.59,39.6,1853.3,6,17.3,69.9,7.15,0.1438,14.38,LOW,0
9.76,1.95,24.23,37.2,464.6,8,22.6,67.5,2.92,0.0679,6.79,LOW,0
45.24,9.63,37.23,40.69,2580.9,8,12.7,61.1,6.03,0.0925,9.25,LOW,0
2.48,0.43,28.41,42.63,892.5,7,19.9,61.4,2.97,0.0412,4.12,LOW,0
108.61,27.62,44.13,18.48,2247.3,8,10.2,72.5,9.86,0.1807,18.07,LOW,0
7.51,1.82,29.99,38.81,2619.5,7,13.2,56.5,5.23,0.07,7.0,LOW,0
75.02,17.65,39.87,60.38,1907.5,7,17.8,81.8,5.12,0.307,30.7,MODERATE,0
58.03,16.22,38.95,40.35,2435.6,7,16.4,68.2,5.2,0.08,8.0,LOW,0
250.15,40.4,80.89,45.36,2202.5,8,17.1,91.2,35.0,0.9967,99.67,CRITICAL,1
22.75,5.41,34.2,34.5,1298.8,7,22.4,62.7,3.69,0.0336,3.36,LOW,0
45.49,9.47,34.04,49.04,2636.1,12,13.4,59.6,4.92,0.0934,9.34,LOW,0
16.21,2.76,27.04,49.0,1119.4,9,27.2,61.1,3.5,0.0538,5.38,LOW,0
7.13,1.04,27.45,40.41,1935.1,7,15.3,57.0,1.51,0.0259,2.59,LOW,0
175.97,46.34,64.42,61.82,2448.9,8,13.7,89.5,23.24,0.9193,91.93,CRITICAL,1
6.34,1.37,27.09,27.37,1367.9,7,24.6,72.6,2.18,0.0151,1.51,LOW,0
140.7,35.45,67.64,19.55,1143.2,9,20.7,80.1,20.53,0.5745,57.45,HIGH,1
3.54,0.73,26.86,48.88,1605.1,7,18.9,56.7,1.87,0.0375,3.75,LOW,0
31.14,4.83,31.75,50.49,2663.0,11,14.4,65.2,4.25,0.0616,6.16,LOW,0
34.47,6.0,34.86,27.11,2993.3,5,14.5,74.1,4.8,0.0508,5.08,LOW,0
27.03,4.89,32.19,32.99,1858.0,9,18.1,67.2,4.47,0.0257,2.57,LOW,0
37.98,10.47,39.43,19.63,2201.3,6,13.7,64.9,4.73,0.0341,3.41,LOW,0
115.97,14.02,63.75,33.91,2914.7,8,10.9,65.0,15.02,0.553,55.3,HIGH,1
28.34,7.87,30.88,49.01,540.7,8,26.4,63.9,2.8,0.112,11.2,LOW,0
126.31,34.97,61.52,40.32,934.6,7,22.1,83.6,16.47,0.5484,54.84,HIGH,1
98.57,27.54,49.26,35.6,2341.3,7,14.0,80.5,8.84,0.3569,35.69,MODERATE,0
50.25,9.86,41.15,36.29,2680.0,5,10.9,75.4,6.03,0.0723,7.23,LOW,0
125.79,34.49,62.52,16.28,2778.2,8,15.7,74.8,16.54,0.6575,65.75,HIGH,1
166.86,30.58,70.89,34.12,1474.6,4,19.6,82.6,25.16,0.747,74.7,HIGH,1
11.75,1.46,30.88,44.29,513.6,13,24.9,61.0,1.99,0.0449,4.49,LOW,0
7.61,1.19,27.15,61.59,1541.5,8,21.2,65.4,2.56,0.0822,8.22,LOW,0
0.39,0.11,24.87,52.41,930.7,14,19.5,58.5,2.18,0.046,4.6,LOW,0
9.71,1.19,23.32,20.36,1109.0,7,22.0,64.6,1.3,0.0151,1.51,LOW,0
39.75,8.24,36.99,55.3,2528.2,11,17.9,63.7,4.64,0.1665,16.65,LOW,0
176.71,23.34,71.59,49.43,472.8,6,25.2,82.3,23.43,0.9315,93.15,CRITICAL,1
24.9,4.13,36.32,49.31,2691.4,6,13.7,70.4,4.59,0.0745,7.45,LOW,0
76.57,10.27,42.22,38.64,1511.6,5,20.2,73.4,8.41,0.1519,15.19,LOW,0
41.42,10.67,37.94,37.03,2008.4,8,19.6,70.7,5.26,0.0306,3.06,LOW,0
17.57,3.77,28.62,34.22,514.5,8,25.7,61.4,2.27,0.0398,3.98,LOW,0
16.31,4.31,30.9,23.95,1245.2,9,27.3,67.3,4.33,0.0256,2.56,LOW,0
21.29,4.9,30.67,31.68,514.6,6,25.7,56.8,2.09,0.0283,2.83,LOW,0
6.82,1.88,22.82,32.34,3086.6,9,9.9,55.6,2.33,0.0161,1.61,LOW,0
35.18,7.09,40.32,39.36,2631.4,5,17.3,70.9,3.38,0.0813,8.13,LOW,0
15.85,3.52,25.0,47.96,1605.9,8,18.6,62.0,2.53,0.0679,6.79,LOW,0
155.6,33.02,71.78,39.08,909.6,9,21.5,81.9,23.38,0.7921,79.21,CRITICAL,1
49.45,9.77,30.35,23.4,3003.7,9,8.5,61.9,5.17,0.0576,5.76,LOW,0
33.0,8.43,32.8,59.81,1266.6,6,22.2,69.8,3.03,0.181,18.1,LOW,0
15.85,3.54,37.08,58.46,724.9,11,22.9,73.6,2.54,0.1161,11.61,LOW,0
92.16,22.87,49.43,49.52,1911.3,7,15.5,77.5,9.82,0.1887,18.87,LOW,0
171.94,42.26,73.62,64.29,3034.1,9,9.9,83.1,23.95,0.9473,94.73,CRITICAL,1
23.32,3.51,39.54,41.09,261.3,8,25.7,71.8,3.93,0.07,7.0,LOW,0
8.91,2.0,26.78,60.31,952.5,10,24.8,63.5,4.61,0.1854,18.54,LOW,0
7.6,1.15,28.42,24.6,3018.4,7,12.6,58.5,1.83,0.0143,1.43,LOW,0
6.33,1.35,29.8,36.11,754.7,2,23.5,68.6,4.27,0.0262,2.62,LOW,0
52.55,12.0,32.81,31.58,584.1,11,26.2,66.8,5.1,0.0568,5.68,LOW,0
9.1,2.54,25.12,30.45,1932.1,11,17.1,52.7,2.73,0.0469,4.69,LOW,0
26.18,3.27,32.98,28.1,2792.4,4,13.2,62.0,3.81,0.0272,2.72,LOW,0
189.06,25.45,69.96,43.5,1657.5,9,17.2,91.6,24.11,0.855,85.5,CRITICAL,1
30.33,4.01,40.34,49.35,3184.0,9,8.8,60.2,4.66,0.0857,8.57,LOW,0
73.39,13.48,49.33,42.11,2253.6,6,16.0,59.8,6.08,0.1646,16.46,LOW,0
70.81,17.8,47.86,28.38,468.5,10,25.8,79.4,8.31,0.1745,17.45,LOW,0
119.68,30.52,65.11,50.67,3178.9,6,13.0,95.9,16.19,0.6871,68.71,HIGH,1
0.54,0.13,28.77,43.94,1453.3,8,21.3,57.2,0.5,0.0517,5.17,LOW,0
19.46,5.13,29.3,36.75,1097.8,8,20.7,59.1,3.09,0.0409,4.09,LOW,0
32.62,5.6,25.97,45.24,1895.7,5,14.4,56.8,3.23,0.0564,5.64,LOW,0
28.56,3.83,29.59,32.8,1147.7,4,23.9,59.4,3.37,0.0349,3.49,LOW,0
36.88,4.77,32.06,35.51,505.0,6,26.1,56.4,3.98,0.043,4.3,LOW,0
5.86,1.5,29.73,56.55,254.2,13,29.0,53.0,1.72,0.1031,10.31,LOW,0
36.4,8.62,35.6,33.82,1576.3,9,20.5,65.5,4.41,0.086,8.6,LOW,0
7.06,1.64,19.15,38.97,2718.7,4,17.6,51.6,3.11,0.0265,2.65,LOW,0
48.59,8.47,42.93,54.78,1938.3,11,16.8,58.5,5.52,0.1514,15.14,LOW,0
14.49,2.62,35.71,46.44,3197.7,18,10.5,63.4,2.88,0.0717,7.17,LOW,0
181.55,49.62,83.21,23.71,1096.2,9,23.9,83.5,29.84,0.9437,94.37,CRITICAL,1
1.72,0.22,19.83,28.4,1077.3,8,24.2,62.4,4.33,0.0173,1.73,LOW,0
18.34,4.47,31.74,18.09,721.3,7,24.9,60.7,2.86,0.0258,2.58,LOW,0
187.71,31.82,72.53,43.78,734.0,13,20.0,87.0,24.8,0.9617,96.17,CRITICAL,1
9.01,1.14,37.22,38.37,1091.3,7,17.6,66.0,1.71,0.0631,6.31,LOW,0
55.52,13.26,40.7,27.79,2588.9,7,12.8,65.0,6.67,0.1254,12.54,LOW,0
34.87,6.03,32.91,59.82,2922.0,6,12.0,69.5,5.58,0.0366,3.66,LOW,0
31.0,7.3,30.91,40.65,3126.5,4,6.1,62.1,2.78,0.0435,4.35,LOW,0
15.27,3.56,30.95,32.17,935.3,10,22.8,57.4,2.81,0.0175,1.75,LOW,0
23.05,4.74,34.03,39.82,2849.8,11,14.0,57.0,3.43,0.097,9.7,LOW,0
185.28,45.28,68.64,45.43,1218.4,9,21.2,77.9,24.12,0.9373,93.73,CRITICAL,1
22.38,4.77,38.25,24.64,582.9,6,25.5,55.9,5.08,0.0519,5.19,LOW,0
41.94,6.96,39.1,33.3,2816.6,7,14.0,55.7,6.12,0.0712,7.12,LOW,0
19.9,4.73,37.52,50.48,2126.5,11,12.3,57.0,3.69,0.0545,5.45,LOW,0
7.91,1.69,35.77,38.69,736.0,6,25.6,66.1,2.09,0.027,2.7,LOW,0
8.42,1.03,26.86,41.15,1518.0,8,17.8,61.2,3.36,0.0404,4.04,LOW,0
0.2,0.05,29.34,37.97,1097.4,7,21.4,57.7,2.52,0.0418,4.18,LOW,0
12.53,2.6,25.63,22.32,2423.5,8,13.0,57.7,2.14,0.024,2.4,LOW,0
176.04,45.59,71.95,29.21,1587.6,5,22.0,85.9,25.77,0.8769,87.69,CRITICAL,1
55.32,14.45,48.35,38.31,3168.4,9,7.6,68.5,7.18,0.1213,12.13,LOW,0
7.92,1.51,23.52,30.97,411.5,4,29.2,54.5,0.67,0.0321,3.21,LOW,0
111.83,22.5,57.3,22.81,1297.3,11,26.8,79.6,12.54,0.3892,38.92,MODERATE,0
24.43,4.56,27.3,52.23,1671.6,11,14.9,61.7,1.87,0.0853,8.53,LOW,0
87.1,16.72,46.11,62.53,1734.2,11,17.0,74.8,10.26,0.4762,47.62,MODERATE,0
42.94,11.3,34.5,49.86,1182.0,5,23.0,66.2,3.96,0.0768,7.68,LOW,0
44.86,11.04,44.8,52.75,2401.3,9,12.3,58.2,6.24,0.1351,13.51,LOW,0
3.11,0.44,28.44,32.17,2830.5,6,11.8,68.3,4.33,0.0355,3.55,LOW,0
8.7,1.89,31.64,60.09,3019.2,9,11.8,61.2,3.29,0.1123,11.23,LOW,0
0.31,0.09,16.05,30.49,2625.0,9,11.8,57.8,1.59,0.0351,3.51,LOW,0
152.37,32.8,67.84,59.21,2759.2,12,13.0,86.4,19.86,0.904,90.4,CRITICAL,1
14.78,3.63,27.23,65.13,1874.1,10,20.1,55.3,2.42,0.1011,10.11,LOW,0
54.07,13.14,42.6,46.59,2686.4,17,13.0,58.7,5.12,0.1693,16.93,LOW,0
14.49,2.55,41.09,62.52,1145.3,8,19.1,65.5,1.93,0.1373,13.73,LOW,0
59.89,10.75,29.82,41.84,1425.5,12,23.1,75.9,4.41,0.0961,9.61,LOW,0
4.9,1.16,28.37,32.79,1184.9,8,25.0,62.5,2.78,0.0345,3.45,LOW,0
6.66,1.33,37.89,38.08,1628.8,9,20.0,65.8,1.93,0.0649,6.49,LOW,0
14.59,3.08,26.54,42.58,1092.5,3,19.5,54.6,2.47,0.0353,3.53,LOW,0
18.38,4.3,30.89,24.44,3086.8,10,8.8,60.6,3.49,0.0383,3.83,LOW,0
15.01,3.67,32.58,43.5,1172.9,7,15.6,58.3,3.61,0.0454,4.54,LOW,0
50.49,8.25,28.36,62.53,539.2,3,23.6,73.7,2.65,0.0592,5.92,LOW,0
3.57,0.51,27.33,30.22,1804.1,6,20.7,63.5,0.5,0.0183,1.83,LOW,0
15.14,2.52,25.27,49.84,418.4,6,24.0,68.5,2.3,0.0541,5.41,LOW,0
63.54,12.78,53.03,55.9,576.1,8,22.4,65.8,6.95,0.2084,20.84,LOW,0
2.42,0.42,24.64,58.54,897.2,8,25.6,53.6,2.96,0.0762,7.62,LOW,0
275.91,58.2,98.0,60.04,1619.8,5,22.0,99.0,35.0,0.9988,99.88,CRITICAL,1
283.57,36.45,98.0,40.42,1528.1,11,18.3,99.0,35.0,0.9985,99.85,CRITICAL,1
3.25,0.65,28.35,61.99,2609.1,4,14.9,66.9,1.68,0.0777,7.77,LOW,0
12.05,2.16,32.85,48.36,2431.5,5,12.5,61.4,3.02,0.045,4.5,LOW,0
16.3,3.35,39.12,29.04,1507.6,8,18.9,75.7,2.48,0.0461,4.61,LOW,0
52.43,9.84,36.75,39.16,1234.4,12,16.7,74.9,5.96,0.1047,10.47,LOW,0
31.72,5.25,42.48,46.84,1183.6,6,22.4,63.8,4.93,0.1039,10.39,LOW,0
36.18,9.58,44.52,32.36,2533.3,8,13.8,65.6,5.79,0.1144,11.44,LOW,0
49.59,7.42,35.04,44.1,403.6,10,24.1,67.6,4.99,0.1868,18.68,LOW,0
4.39,1.01,22.87,44.98,287.8,11,26.2,53.8,3.45,0.0396,3.96,LOW,0
62.69,16.8,42.79,29.08,2596.9,6,13.2,66.5,7.13,0.0773,7.73,LOW,0
42.8,8.82,35.99,41.7,1657.6,4,16.8,63.1,4.13,0.0709,7.09,LOW,0
30.14,7.84,41.98,48.94,636.1,9,25.5,65.9,3.64,0.1902,19.02,LOW,0
77.17,10.8,42.29,39.77,944.9,4,22.1,66.7,8.6,0.0992,9.92,LOW,0
42.17,8.39,38.03,18.84,3000.9,7,11.2,65.4,6.15,0.0289,2.89,LOW,0
155.31,29.99,64.66,18.32,2785.5,9,9.0,81.1,18.95,0.7563,75.63,CRITICAL,1
19.66,2.38,31.05,35.86,2343.9,8,14.8,63.4,3.85,0.0346,3.46,LOW,0
23.85,4.55,42.39,57.17,1672.6,19,18.4,72.4,2.33,0.2362,23.62,LOW,0
103.39,18.51,63.06,31.7,1785.0,7,16.1,82.1,13.12,0.3291,32.91,MODERATE,0
108.26,24.59,57.2,43.89,3127.0,10,12.1,68.4,13.64,0.5337,53.37,HIGH,1
4.82,1.3,29.5,31.45,3099.0,2,5.7,60.4,1.41,0.0169,1.69,LOW,0
41.84,5.6,39.07,34.8,885.0,11,21.9,64.5,6.41,0.061,6.1,LOW,0
165.09,28.46,69.71,52.46,2642.8,14,14.2,80.9,23.32,0.9415,94.15,CRITICAL,1
0.91,0.17,34.84,47.24,831.9,6,28.7,73.1,0.88,0.03,3.0,LOW,0
90.54,17.46,56.95,25.78,879.9,13,19.7,70.4,11.94,0.3342,33.42,MODERATE,0
66.83,16.3,44.88,37.86,2244.5,7,15.9,67.3,6.08,0.1235,12.35,LOW,0
26.0,4.96,31.2,20.96,1444.8,7,21.4,74.4,3.46,0.0184,1.84,LOW,0
9.1,1.13,26.79,39.27,2998.1,8,11.7,67.2,3.32,0.0464,4.64,LOW,0
4.54,1.06,27.96,44.83,512.6,7,22.1,58.0,2.94,0.0478,4.78,LOW,0
15.81,4.13,29.25,27.02,1759.0,10,17.1,66.9,2.75,0.0139,1.39,LOW,0
10.32,2.09,33.59,33.77,2959.6,12,5.6,60.1,2.28,0.0449,4.49,LOW,0
24.73,5.27,34.32,37.02,2917.1,12,12.0,62.7,2.37,0.0629,6.29,LOW,0
118.77,17.35,53.49,56.69,711.8,9,20.5,73.0,13.62,0.6354,63.54,HIGH,1
29.94,4.65,27.65,64.73,1331.6,8,21.8,49.9,4.29,0.0556,5.56,LOW,0
77.23,12.17,51.58,22.4,2076.4,7,14.9,63.0,11.24,0.157,15.7,LOW,0
36.83,6.96,29.53,48.51,720.2,9,22.2,58.9,3.5,0.1036,10.36,LOW,0
22.57,6.06,29.58,36.29,3105.7,10,11.3,65.9,4.05,0.0368,3.68,LOW,0
67.49,13.73,41.7,36.87,2948.5,13,12.4,71.0,7.83,0.1111,11.11,LOW,0
22.31,3.36,25.05,48.23,742.5,6,26.1,69.9,2.53,0.0387,3.87,LOW,0
71.04,11.55,46.44,56.61,607.4,9,24.0,63.4,8.66,0.2903,29.03,MODERATE,0
12.06,2.19,27.76,59.17,502.0,5,25.0,72.5,1.79,0.0411,4.11,LOW,0
4.83,1.06,23.16,42.07,2932.9,7,8.4,70.9,2.46,0.023,2.3,LOW,0
67.66,12.88,54.37,35.86,821.2,7,27.1,70.4,8.41,0.3207,32.07,MODERATE,0
30.99,5.66,21.52,49.62,1478.0,5,17.5,60.5,3.64,0.0598,5.98,LOW,0
76.97,16.19,42.23,32.49,1574.1,4,21.2,67.7,8.37,0.1073,10.73,LOW,0
97.22,15.43,49.34,41.67,2017.1,9,18.7,75.8,10.11,0.2787,27.87,MODERATE,0
1.93,0.26,18.75,35.91,461.6,12,26.5,71.6,2.06,0.0335,3.35,LOW,0
24.33,3.01,43.1,44.63,918.9,10,22.4,63.1,3.76,0.1628,16.28,LOW,0
16.45,2.64,40.84,32.12,2997.9,9,10.6,53.0,2.12,0.0588,5.88,LOW,0
34.41,4.63,31.21,30.28,2929.8,5,11.7,76.5,3.56,0.1016,10.16,LOW,0
55.23,9.6,46.81,56.6,2554.8,4,9.2,65.9,6.07,0.1872,18.72,LOW,0
11.53,2.81,31.21,26.14,307.2,6,26.2,70.5,1.52,0.0177,1.77,LOW,0
28.48,6.68,41.26,39.97,1214.7,7,25.0,68.0,3.31,0.0723,7.23,LOW,0
43.17,9.4,36.55,31.41,2102.5,9,15.9,65.6,4.58,0.0817,8.17,LOW,0
5.05,1.3,28.57,21.89,1061.8,10,22.1,66.6,2.31,0.0333,3.33,LOW,0
58.88,9.72,48.5,21.63,2933.3,8,9.3,64.4,5.9,0.0707,7.07,LOW,0
32.61,8.53,40.38,29.61,2120.0,4,16.8,63.1,5.57,0.0861,8.61,LOW,0
104.53,19.22,55.03,53.45,462.1,7,23.5,72.5,12.97,0.3707,37.07,MODERATE,0
14.52,2.67,24.35,33.56,2931.6,10,14.0,61.0,2.55,0.0432,4.32,LOW,0
94.94,17.55,47.77,59.12,3075.4,9,13.9,77.5,8.94,0.4114,41.14,MODERATE,0
24.72,3.35,22.68,42.21,479.3,7,28.8,66.9,2.8,0.0365,3.65,LOW,0
3.14,0.87,29.82,38.07,1820.5,8,14.4,51.1,1.9,0.0382,3.82,LOW,0
211.59,30.08,85.31,42.16,1144.9,5,23.5,88.5,33.41,0.9901,99.01,CRITICAL,1
1.38,0.24,26.83,40.28,1408.9,4,21.9,58.0,0.9,0.0329,3.29,LOW,0
49.01,8.39,38.6,48.42,780.0,14,22.7,70.9,6.17,0.1916,19.16,LOW,0
171.83,22.67,67.4,33.56,1955.3,8,20.2,77.4,22.52,0.7277,72.77,HIGH,1
16.09,2.32,31.07,35.75,3076.0,10,12.1,66.7,3.79,0.0684,6.84,LOW,0
2.38,0.3,28.69,55.02,1734.1,8,21.9,53.6,2.11,0.0507,5.07,LOW,0
34.07,5.68,30.2,58.77,494.6,6,22.1,66.6,4.6,0.1221,12.21,LOW,0
30.8,7.97,33.48,54.93,2079.0,11,14.8,71.3,4.57,0.1664,16.64,LOW,0
11.54,2.01,24.99,37.61,1253.7,5,21.3,54.4,2.99,0.0332,3.32,LOW,0
84.36,11.79,47.54,49.31,2775.0,10,15.7,74.1,10.4,0.1829,18.29,LOW,0
12.69,2.83,22.88,39.14,1532.3,9,20.7,60.8,2.62,0.0704,7.04,LOW,0
143.47,40.09,63.83,39.73,818.9,8,21.1,75.7,16.99,0.8413,84.13,CRITICAL,1
27.47,4.32,40.83,30.8,813.8,11,28.0,56.8,2.68,0.0759,7.59,LOW,0
3.7,0.61,23.53,42.5,2517.9,7,13.4,56.3,1.5,0.0268,2.68,LOW,0
236.17,65.06,87.72,30.06,1033.5,10,20.0,90.6,35.0,0.9954,99.54,CRITICAL,1
16.42,2.44,26.51,35.1,2513.3,11,12.2,61.2,2.38,0.0397,3.97,LOW,0
2.95,0.59,24.87,52.82,857.4,9,20.0,57.9,2.34,0.0562,5.62,LOW,0
17.15,2.71,38.76,30.89,1199.0,10,15.8,65.1,3.73,0.0745,7.45,LOW,0
32.09,8.64,41.01,24.31,1623.2,15,18.8,69.7,4.53,0.0896,8.96,LOW,0
25.23,6.99,31.35,24.17,3032.4,8,7.4,54.6,1.13,0.012,1.2,LOW,0
41.51,10.39,33.41,58.3,2998.6,5,12.3,64.7,3.31,0.1142,11.42,LOW,0
2.0,0.34,16.75,40.0,860.3,12,25.7,54.6,3.83,0.0674,6.74,LOW,0
104.05,19.2,49.58,37.34,1306.7,6,21.8,69.1,11.61,0.2017,20.17,LOW,0
59.87,9.51,31.89,50.66,690.7,7,24.3,59.6,2.74,0.1707,17.07,LOW,0
2.91,0.77,29.52,51.84,1754.5,11,14.5,50.6,2.22,0.0339,3.39,LOW,0
67.7,18.03,50.63,35.12,1608.7,8,21.3,67.0,9.97,0.1539,15.39,LOW,0
3.37,0.63,24.07,45.93,2907.2,9,16.9,62.9,2.42,0.0583,5.83,LOW,0
194.79,43.84,81.46,48.92,2993.5,9,15.1,91.6,30.61,0.977,97.7,CRITICAL,1
15.66,2.29,23.94,44.57,1381.5,10,17.1,56.0,0.85,0.0786,7.86,LOW,0
146.43,27.76,56.3,28.59,1700.6,9,18.5,75.0,16.57,0.4776,47.76,MODERATE,0
137.44,30.38,63.76,53.95,2893.9,10,11.4,82.1,16.13,0.8469,84.69,CRITICAL,1
2.4,0.44,27.59,40.93,2629.8,9,12.5,57.8,0.9,0.0398,3.98,LOW,0
8.51,1.51,35.9,33.56,260.8,9,26.6,66.6,1.1,0.0279,2.79,LOW,0
99.69,11.98,63.23,37.77,1194.2,7,26.8,68.3,15.09,0.4528,45.28,MODERATE,0
13.11,3.26,27.28,21.77,1494.2,7,20.1,50.8,3.37,0.0219,2.19,LOW,0
171.14,44.89,77.48,27.48,927.7,4,21.8,89.3,27.27,0.9248,92.48,CRITICAL,1
31.1,8.56,35.28,48.69,838.7,3,24.1,53.3,2.65,0.073,7.3,LOW,0
211.31,49.68,84.18,15.12,361.5,9,22.7,83.0,34.21,0.9746,97.46,CRITICAL,1
37.37,7.77,35.28,37.53,2147.9,10,14.4,61.6,3.37,0.0557,5.57,LOW,0
32.85,5.36,33.47,40.45,1024.4,4,24.8,63.2,3.08,0.0535,5.35,LOW,0
18.57,5.2,29.69,23.16,404.4,4,26.2,66.4,3.46,0.0188,1.88,LOW,0
22.47,4.82,39.58,61.46,931.4,11,28.1,57.3,3.78,0.127,12.7,LOW,0
18.74,4.29,31.32,31.6,2615.6,7,14.3,70.7,3.34,0.0601,6.01,LOW,0
155.81,35.71,77.34,34.26,2761.9,9,9.7,74.3,22.43,0.842,84.2,CRITICAL,1
105.22,26.86,49.97,34.25,1675.0,6,14.8,73.6,11.59,0.1896,18.96,LOW,0
0.2,0.02,10.89,31.76,1477.4,9,22.4,65.0,2.35,0.0322,3.22,LOW,0
36.88,5.72,33.01,16.34,3134.7,12,8.2,70.8,3.52,0.0608,6.08,LOW,0
7.92,1.79,23.04,47.26,841.7,8,20.5,43.5,2.06,0.079,7.9,LOW,0
77.29,20.34,39.17,60.74,885.3,8,21.8,87.8,5.8,0.3695,36.95,MODERATE,0
68.58,15.75,50.7,31.54,1111.0,6,24.4,68.4,6.1,0.1129,11.29,LOW,0
142.13,26.46,58.12,44.85,759.6,5,22.9,83.0,18.88,0.7174,71.74,HIGH,1
3.94,0.7,29.02,47.74,1369.1,8,18.4,58.6,2.41,0.0577,5.77,LOW,0
23.92,5.7,41.77,52.48,2937.0,12,14.9,76.4,3.44,0.1437,14.37,LOW,0
32.89,7.85,28.46,37.7,2065.3,7,19.2,72.7,4.48,0.0215,2.15,LOW,0
11.25,2.44,27.0,34.22,1465.2,9,24.1,74.3,1.68,0.0302,3.02,LOW,0
44.16,7.36,44.13,34.91,3006.5,5,14.8,69.5,5.62,0.087,8.7,LOW,0
31.63,8.48,31.78,46.62,393.0,7,28.5,70.2,4.92,0.1134,11.34,LOW,0
13.75,2.86,30.51,50.93,870.3,8,21.3,55.8,1.65,0.0471,4.71,LOW,0
0.9,0.22,28.45,29.88,1919.4,8,19.1,58.5,1.55,0.0226,2.26,LOW,0
48.54,7.49,39.46,36.26,2065.9,11,19.7,72.8,4.07,0.0926,9.26,LOW,0
8.46,1.48,25.13,55.51,366.7,13,30.6,63.2,3.22,0.0822,8.22,LOW,0
62.95,16.36,38.72,50.47,1439.0,2,20.5,70.1,6.59,0.171,17.1,LOW,0
19.08,2.44,24.87,63.09,2165.0,5,14.9,58.2,4.03,0.058,5.8,LOW,0
173.59,35.06,76.59,48.23,2309.3,5,13.1,93.0,26.77,0.9544,95.44,CRITICAL,1
72.21,14.23,41.93,36.89,2132.5,10,18.7,77.7,7.19,0.2658,26.58,MODERATE,0
214.22,51.46,90.96,42.49,1195.7,9,19.8,98.4,35.0,0.9902,99.02,CRITICAL,1
16.26,2.68,37.5,44.78,525.9,7,25.4,64.2,3.52,0.0504,5.04,LOW,0
8.2,1.27,21.51,24.78,1510.0,7,17.5,61.3,3.05,0.0239,2.39,LOW,0
52.23,14.01,43.32,41.09,629.8,9,24.1,74.6,7.54,0.1081,10.81,LOW,0
161.79,34.21,80.6,46.5,3045.5,10,12.3,89.9,24.38,0.934,93.4,CRITICAL,1
7.46,1.02,22.81,29.28,1651.8,10,19.6,55.8,0.5,0.0155,1.55,LOW,0
82.17,12.4,54.01,49.32,1185.9,5,23.3,74.2,8.94,0.3581,35.81,MODERATE,0
7.73,2.16,29.97,42.27,2510.6,11,10.8,65.1,2.89,0.1007,10.07,LOW,0
0.92,0.14,30.06,59.28,1718.9,8,18.3,56.1,2.46,0.0533,5.33,LOW,0
0.72,0.16,21.42,22.19,1164.6,5,20.4,65.5,1.46,0.0088,0.88,LOW,0
34.08,6.38,44.07,32.98,2645.3,8,11.0,69.4,4.43,0.0936,9.36,LOW,0
37.93,9.93,32.27,42.83,2808.1,8,10.7,63.2,3.37,0.0628,6.28,LOW,0
120.18,28.94,61.85,34.01,2235.4,6,13.5,69.9,15.27,0.4108,41.08,MODERATE,0
13.5,2.91,28.46,46.69,388.5,10,26.7,65.5,2.0,0.0576,5.76,LOW,0
121.9,14.84,61.81,48.42,1920.7,8,18.4,90.1,17.2,0.5559,55.59,HIGH,1
39.9,10.4,31.25,26.18,2501.7,10,16.4,67.5,5.57,0.0658,6.58,LOW,0
92.67,17.71,44.81,40.2,652.7,9,25.2,77.7,10.2,0.1923,19.23,LOW,0
92.64,24.92,52.37,40.06,924.6,4,23.3,66.9,10.76,0.1735,17.35,LOW,0
8.81,1.76,25.63,36.22,2853.4,5,12.5,61.0,3.55,0.019,1.9,LOW,0
280.92,64.91,98.0,57.67,309.4,7,28.0,99.0,35.0,0.9995,99.95,CRITICAL,1
6.59,0.86,29.57,51.44,2470.5,6,9.1,55.7,2.51,0.0253,2.53,LOW,0
130.49,31.22,54.07,46.06,1647.6,14,18.8,82.2,12.97,0.8379,83.79,CRITICAL,1
8.85,1.54,33.51,46.69,1568.0,7,20.2,63.7,2.79,0.0458,4.58,LOW,0
2.95,0.52,26.42,38.74,270.9,4,31.0,58.7,0.85,0.0117,1.17,LOW,0
72.76,10.11,49.19,56.79,2667.2,7,10.6,70.8,8.04,0.2033,20.33,LOW,0
68.5,9.83,46.82,45.96,1311.5,10,17.9,82.6,7.94,0.2772,27.72,MODERATE,0
18.09,2.71,32.98,47.24,1845.3,13,12.2,59.0,2.17,0.1295,12.95,LOW,0
42.42,7.32,30.89,53.17,2248.0,8,12.2,59.6,4.84,0.1148,11.48,LOW,0
28.5,7.49,38.8,33.28,2322.8,8,14.8,57.3,5.04,0.0554,5.54,LOW,0
67.1,12.0,45.15,50.49,3070.1,6,9.3,71.6,6.57,0.1124,11.24,LOW,0
13.24,3.12,26.33,30.43,1817.5,9,16.1,46.7,2.75,0.0545,5.45,LOW,0
25.96,3.46,31.64,35.52,1429.2,5,20.2,60.8,2.23,0.0478,4.78,LOW,0
23.25,4.99,33.32,35.23,3063.4,12,12.6,57.7,2.23,0.0626,6.26,LOW,0
158.4,31.22,70.25,62.16,2144.2,9,16.2,83.4,22.34,0.9266,92.66,CRITICAL,1
77.72,21.49,49.75,52.9,1129.5,8,21.9,71.3,9.67,0.3508,35.08,MODERATE,0
6.35,1.62,35.04,46.2,623.1,6,25.6,63.0,0.89,0.034,3.4,LOW,0
5.67,1.09,21.4,47.17,2735.5,8,8.4,64.5,4.27,0.0702,7.02,LOW,0
30.11,7.35,37.18,41.61,1318.4,4,21.1,71.4,3.52,0.0762,7.62,LOW,0
37.5,5.66,34.96,58.83,2198.4,8,15.7,63.5,4.57,0.1208,12.08,LOW,0
7.58,1.59,32.83,39.7,1638.9,5,19.0,57.1,1.91,0.0311,3.11,LOW,0
17.34,2.29,37.98,36.54,836.8,6,21.9,67.7,2.9,0.019,1.9,LOW,0
102.52,18.01,54.69,29.1,2025.0,12,16.3,65.4,13.61,0.2164,21.64,LOW,0
9.91,1.55,30.88,49.56,429.0,4,26.6,66.0,4.06,0.0611,6.11,LOW,0
38.63,9.08,41.9,47.45,1469.4,5,23.9,66.7,3.26,0.1199,11.99,LOW,0
118.35,23.48,63.13,36.65,1862.5,16,13.5,80.4,14.88,0.7422,74.22,HIGH,1
20.81,5.0,37.11,20.54,1536.3,10,21.0,65.3,6.34,0.0234,2.34,LOW,0
97.06,19.65,50.69,52.0,2458.6,9,17.5,75.4,10.42,0.6493,64.93,HIGH,1
46.7,6.25,35.49,18.73,2692.4,10,10.0,68.1,5.41,0.0791,7.91,LOW,0
21.43,5.09,25.32,46.29,2525.2,7,13.7,56.6,4.11,0.0439,4.39,LOW,0
29.48,7.47,32.28,61.12,364.5,15,26.7,60.5,4.57,0.1696,16.96,LOW,0
41.29,10.92,36.14,38.1,822.7,9,28.5,76.9,1.87,0.0403,4.03,LOW,0
31.39,6.64,33.07,31.92,1833.0,8,23.4,68.7,4.2,0.0397,3.97,LOW,0
73.83,17.76,48.13,46.34,3007.7,8,8.3,77.4,10.15,0.2884,28.84,MODERATE,0
15.45,3.71,31.92,50.95,2713.1,10,12.3,60.2,2.92,0.0758,7.58,LOW,0
12.48,1.81,28.17,41.15,2735.5,5,13.5,62.3,1.59,0.0703,7.03,LOW,0
8.42,1.23,29.09,60.76,1144.5,9,23.1,64.4,1.42,0.0458,4.58,LOW,0
1.35,0.18,29.51,22.94,1516.9,14,20.2,67.4,1.87,0.0317,3.17,LOW,0
1.54,0.26,21.44,39.94,1638.6,8,16.6,59.3,2.73,0.0226,2.26,LOW,0
71.42,13.98,49.66,46.84,714.2,8,21.6,73.6,11.27,0.3814,38.14,MODERATE,0
39.7,11.1,33.06,53.22,341.7,8,22.3,70.2,4.07,0.1208,12.08,LOW,0
37.81,7.15,42.78,29.78,3043.4,10,6.2,71.3,5.47,0.0731,7.31,LOW,0
33.38,7.88,35.18,50.17,960.1,9,18.8,63.8,2.57,0.0883,8.83,LOW,0
66.22,15.29,43.86,41.33,957.8,6,25.6,77.6,5.54,0.1034,10.34,LOW,0
22.91,3.5,22.47,36.99,496.0,8,27.0,54.9,2.43,0.063,6.3,LOW,0
71.52,9.25,48.31,27.67,2989.1,4,12.9,64.0,8.67,0.1128,11.28,LOW,0
15.59,3.23,29.84,53.37,1960.2,10,16.7,65.2,2.75,0.0862,8.62,LOW,0
91.47,21.22,51.48,28.85,2217.8,8,15.7,76.4,10.53,0.271,27.1,MODERATE,0
214.52,60.0,84.6,34.43,2939.2,6,11.2,90.8,34.39,0.9747,97.47,CRITICAL,1
10.41,1.85,31.04,33.8,1269.6,15,17.0,58.9,2.55,0.1096,10.96,LOW,0
29.06,7.66,37.26,53.7,2083.4,6,18.2,61.8,3.66,0.1509,15.09,LOW,0
26.65,4.83,34.88,45.19,364.5,8,28.1,58.6,2.32,0.0649,6.49,LOW,0
5.19,1.2,33.04,50.02,801.0,3,20.7,60.5,0.82,0.0369,3.69,LOW,0
31.31,6.75,30.17,32.47,2702.2,4,10.3,55.4,5.06,0.0477,4.77,LOW,0
172.43,22.15,70.32,43.58,2512.0,12,15.1,92.7,23.0,0.9536,95.36,CRITICAL,1
1.88,0.25,27.56,41.91,1284.4,11,21.8,62.6,1.85,0.0911,9.11,LOW,0
103.92,12.82,57.41,51.7,1361.6,10,22.3,83.4,13.93,0.6222,62.22,HIGH,1
35.9,6.44,37.64,55.78,1824.0,14,21.5,66.4,4.16,0.1682,16.82,LOW,0
73.32,17.55,39.09,18.85,250.7,6,24.0,70.8,8.04,0.0873,8.73,LOW,0
39.45,5.82,30.03,45.23,961.7,5,22.5,66.7,3.24,0.0329,3.29,LOW,0
15.46,3.35,28.4,22.95,864.3,9,20.7,58.1,4.35,0.0247,2.47,LOW,0
188.06,31.26,68.71,41.22,988.9,8,20.2,80.7,25.49,0.9423,94.23,CRITICAL,1
39.42,9.76,37.34,33.72,2627.4,8,12.5,60.0,4.62,0.0265,2.65,LOW,0
112.88,27.97,56.23,34.34,1075.0,10,25.7,74.4,13.26,0.4614,46.14,MODERATE,0
10.24,2.5,23.3,35.74,815.0,6,26.3,56.2,3.19,0.022,2.2,LOW,0
72.77,14.84,42.62,43.46,1737.6,5,18.3,79.0,7.82,0.2732,27.32,MODERATE,0
90.23,14.94,50.81,35.18,2803.7,4,7.2,69.3,7.06,0.1729,17.29,LOW,0
38.85,9.69,28.41,47.38,962.0,12,23.7,68.2,3.54,0.0945,9.45,LOW,0
93.71,14.04,48.22,37.21,481.7,7,26.3,77.6,10.46,0.2507,25.07,MODERATE,0
17.76,2.95,28.65,24.13,1301.4,12,18.5,70.1,1.95,0.0364,3.64,LOW,0
107.03,15.99,53.47,49.46,2455.6,5,16.6,80.1,11.8,0.5162,51.62,HIGH,1
42.47,9.68,35.53,33.66,1874.5,7,15.3,65.3,4.33,0.054,5.4,LOW,0
1.5,0.35,32.22,37.97,2659.5,10,15.4,70.5,3.68,0.0466,4.66,LOW,0
251.88,56.52,98.0,45.64,3080.8,11,11.7,90.3,35.0,0.9988,99.88,CRITICAL,1
23.19,4.32,28.28,35.13,2588.4,7,10.1,57.8,3.51,0.0403,4.03,LOW,0
130.62,17.77,56.39,23.31,2031.2,6,15.9,80.9,14.09,0.4889,48.89,MODERATE,1
29.25,7.77,31.12,36.35,1705.4,10,19.0,64.9,2.95,0.0484,4.84,LOW,0
5.66,1.14,32.72,58.6,368.2,2,26.7,65.8,3.18,0.0633,6.33,LOW,0
22.17,4.1,20.57,44.13,3153.7,7,13.2,64.3,3.48,0.0813,8.13,LOW,0
62.25,13.33,42.85,45.15,1381.3,8,23.3,71.6,5.38,0.1889,18.89,LOW,0
0.55,0.08,23.61,43.82,699.1,6,23.6,66.1,3.42,0.0184,1.84,LOW,0
11.16,1.58,34.12,30.57,2216.8,11,17.2,62.5,1.82,0.0492,4.92,LOW,0
0.09,0.02,29.93,37.58,1088.7,6,26.0,64.1,2.36,0.0206,2.06,LOW,0
180.41,28.21,68.17,48.1,1978.0,6,14.6,82.5,26.87,0.9015,90.15,CRITICAL,1
45.61,7.26,43.75,26.12,1981.0,5,15.6,62.7,5.17,0.0659,6.59,LOW,0
56.12,14.75,29.04,33.4,1564.9,10,15.3,73.7,5.1,0.0614,6.14,LOW,0
101.64,20.83,56.52,33.35,2716.5,15,11.5,76.0,11.78,0.3322,33.22,MODERATE,0
32.82,6.48,37.7,37.95,1031.7,9,22.8,65.9,4.4,0.0701,7.01,LOW,0
10.29,2.37,36.31,62.41,1573.5,6,14.1,57.4,4.1,0.0668,6.68,LOW,0
90.26,24.57,51.41,24.07,1836.2,10,19.0,71.1,10.16,0.1232,12.32,LOW,0
52.26,7.21,36.31,40.34,2207.7,13,14.7,69.6,5.12,0.157,15.7,LOW,0
29.9,7.58,28.33,29.79,2562.7,8,13.7,62.7,4.63,0.0614,6.14,LOW,0
120.6,25.74,66.07,61.17,1414.7,6,17.3,72.9,15.08,0.7851,78.51,CRITICAL,1
90.34,12.95,58.78,26.75,2155.8,12,15.9,68.4,11.64,0.2256,22.56,LOW,0
43.62,7.31,34.97,37.18,694.3,6,28.4,62.7,4.02,0.0746,7.46,LOW,0
16.08,3.17,29.61,47.59,3001.3,6,10.5,60.4,2.62,0.0427,4.27,LOW,0
43.69,10.08,44.05,46.33,1380.0,10,14.9,64.9,4.58,0.0808,8.08,LOW,0
64.04,10.17,46.78,37.7,2402.1,3,17.8,79.0,5.96,0.0856,8.56,LOW,0
17.1,3.51,28.85,35.55,310.0,5,27.7,68.1,0.68,0.0107,1.07,LOW,0
18.25,4.19,26.31,37.02,855.3,9,23.5,64.5,2.41,0.0289,2.89,LOW,0
6.39,1.23,22.58,32.95,1686.9,10,20.1,72.1,2.49,0.0198,1.98,LOW,0
0.82,0.21,30.0,30.82,2840.8,8,12.6,59.4,2.86,0.0316,3.16,LOW,0
5.01,1.3,24.57,39.33,1805.4,6,22.2,63.6,0.89,0.0352,3.52,LOW,0
191.4,37.38,76.56,33.09,2993.1,6,13.4,90.7,28.53,0.8916,89.16,CRITICAL,1
56.73,15.64,43.94,33.72,1677.2,7,17.6,71.3,7.05,0.1367,13.67,LOW,0
155.4,20.53,68.91,44.64,1696.8,9,22.4,78.8,21.64,0.828,82.8,CRITICAL,1
14.88,1.79,31.11,60.93,603.3,7,29.2,60.4,3.09,0.0549,5.49,LOW,0
100.99,18.27,51.66,42.9,2617.8,7,15.9,70.3,9.23,0.1998,19.98,LOW,0
96.84,20.93,50.29,24.69,978.5,12,23.6,77.0,10.65,0.2094,20.94,LOW,0
6.4,1.41,23.12,24.6,2903.9,6,9.9,61.0,2.18,0.0194,1.94,LOW,0
44.26,8.69,40.94,59.21,2936.9,9,13.6,55.3,5.81,0.2236,22.36,LOW,0
227.85,31.89,89.22,34.04,3032.8,3,12.3,97.3,35.0,0.9879,98.79,CRITICAL,1
3.26,0.48,27.38,25.59,1784.7,8,18.1,61.8,1.9,0.0213,2.13,LOW,0
210.1,53.86,78.73,42.75,2247.4,7,17.4,99.0,31.43,0.9844,98.44,CRITICAL,1
58.7,15.2,44.92,43.54,2546.6,8,14.2,74.4,6.88,0.1599,15.99,LOW,0
151.6,34.54,69.01,44.36,636.5,9,25.9,89.4,20.85,0.7567,75.67,CRITICAL,1
3.34,0.76,29.59,33.05,2022.8,6,19.5,53.7,2.61,0.023,2.3,LOW,0
91.26,19.68,52.28,19.29,351.2,8,22.7,80.4,11.12,0.1592,15.92,LOW,0
14.27,2.18,30.42,60.54,1717.8,5,16.0,61.0,2.61,0.0666,6.66,LOW,0
165.78,31.25,62.32,32.49,706.8,8,21.8,80.7,21.1,0.7702,77.02,CRITICAL,1
26.6,6.15,38.14,45.3,789.6,3,28.5,49.9,3.61,0.0386,3.86,LOW,0
10.9,2.25,21.45,46.4,1326.9,8,22.3,69.5,0.97,0.0815,8.15,LOW,0
84.9,10.44,53.96,43.1,1525.7,10,21.4,71.0,9.09,0.309,30.9,MODERATE,0
16.07,4.38,29.14,34.53,2088.4,12,19.3,61.7,0.51,0.0538,5.38,LOW,0
66.82,17.05,35.68,33.18,469.6,6,22.8,71.9,7.95,0.0971,9.71,LOW,0
12.49,2.02,28.07,42.71,1735.9,8,13.4,73.0,3.92,0.0696,6.96,LOW,0
26.51,5.8,24.92,53.41,788.7,5,23.5,62.6,4.22,0.0647,6.47,LOW,0
178.9,47.9,80.63,58.8,1943.2,5,19.6,86.7,27.75,0.9763,97.63,CRITICAL,1
11.2,1.52,25.56,26.36,2130.3,7,15.8,67.5,3.49,0.0086,0.86,LOW,0
85.28,17.1,43.67,28.74,1892.3,6,14.2,71.1,9.6,0.1564,15.64,LOW,0
59.86,11.55,45.06,58.63,2428.0,10,12.4,64.0,5.4,0.2532,25.32,MODERATE,0
194.55,36.11,79.26,47.53,1240.0,10,18.2,76.1,28.97,0.9773,97.73,CRITICAL,1
13.99,3.55,31.52,54.36,2507.1,10,12.7,70.1,3.33,0.0566,5.66,LOW,0
16.82,3.04,29.14,30.72,1526.7,10,16.7,64.0,2.39,0.0291,2.91,LOW,0
177.37,23.09,80.45,42.39,1678.3,13,19.1,89.9,26.98,0.9431,94.31,CRITICAL,1
44.36,5.79,35.41,46.2,2161.9,7,14.7,63.7,5.65,0.1146,11.46,LOW,0
104.35,13.24,46.34,45.45,304.2,7,27.9,79.7,9.88,0.4482,44.82,MODERATE,0
82.36,15.27,42.59,37.31,2179.3,7,13.6,68.9,10.8,0.1085,10.85,LOW,0
96.95,22.78,54.32,19.33,2074.8,11,17.2,75.5,13.07,0.2789,27.89,MODERATE,0
20.95,3.2,27.58,42.25,1164.0,10,21.5,63.8,2.83,0.0417,4.17,LOW,0
36.41,8.14,41.61,32.57,503.1,10,26.2,72.2,5.98,0.1439,14.39,LOW,0
106.87,24.57,49.07,38.43,518.3,14,26.5,79.9,11.63,0.5048,50.48,HIGH,1
55.39,8.91,45.6,59.79,2973.5,6,13.3,64.5,6.13,0.1704,17.04,LOW,0
1.43,0.31,23.23,37.06,2283.4,6,17.5,63.8,4.04,0.0293,2.93,LOW,0
14.14,3.25,35.5,52.04,625.0,3,25.9,59.9,3.29,0.088,8.8,LOW,0
22.26,4.33,33.76,30.16,1302.3,8,21.6,58.5,2.46,0.0388,3.88,LOW,0
13.22,2.3,29.66,45.18,1997.8,7,15.3,65.3,3.17,0.0255,2.55,LOW,0
42.16,9.24,40.13,61.95,2714.9,3,15.2,67.5,6.72,0.2168,21.68,LOW,0
61.26,16.94,48.29,26.14,378.8,6,24.2,62.0,7.33,0.1199,11.99,LOW,0
46.0,8.66,37.63,18.18,948.1,6,22.1,63.8,5.33,0.0349,3.49,LOW,0
276.7,50.55,93.09,37.99,2874.8,5,10.0,99.0,35.0,0.9987,99.87,CRITICAL,1
11.14,2.16,34.12,25.63,277.0,8,24.3,64.0,3.04,0.0238,2.38,LOW,0
153.09,20.24,66.51,48.0,844.1,5,22.6,85.6,19.35,0.7772,77.72,CRITICAL,1
50.93,10.62,52.06,56.34,3079.1,3,10.5,78.7,5.98,0.1636,16.36,LOW,0
15.74,2.72,26.39,38.0,2059.5,4,14.6,68.3,2.41,0.0418,4.18,LOW,0
46.37,6.46,36.08,32.76,1021.9,4,22.4,66.3,5.18,0.0669,6.69,LOW,0
3.85,0.75,29.8,38.01,447.6,6,25.9,58.2,3.32,0.0481,4.81,LOW,0
202.05,24.35,85.38,47.03,333.2,10,24.8,86.2,32.9,0.9885,98.85,CRITICAL,1
26.6,4.9,34.56,18.32,972.0,6,28.4,61.2,4.48,0.05,5.0,LOW,0
12.1,1.66,25.59,42.45,2850.4,11,13.2,52.2,2.12,0.0946,9.46,LOW,0
125.83,15.59,54.43,43.2,1476.9,7,20.2,71.6,14.92,0.5782,57.82,HIGH,1
35.92,9.05,31.67,44.0,2375.0,10,13.2,69.3,5.25,0.0785,7.85,LOW,0
8.23,2.19,19.72,32.18,2958.9,10,12.1,70.4,2.18,0.0311,3.11,LOW,0
1.08,0.17,35.62,46.68,1453.7,9,20.6,60.5,2.42,0.0266,2.66,LOW,0
120.99,24.96,53.76,25.55,814.3,6,23.5,73.9,13.12,0.3519,35.19,MODERATE,0
29.5,4.85,31.79,30.59,1775.5,9,21.8,44.0,4.27,0.0341,3.41,LOW,0
73.23,14.57,48.97,54.04,2928.8,7,7.6,81.2,5.65,0.2096,20.96,LOW,0
92.19,17.5,50.84,47.62,2622.9,7,12.6,65.8,8.81,0.3132,31.32,MODERATE,0
26.34,4.29,29.42,19.09,444.2,8,27.3,55.1,3.97,0.0126,1.26,LOW,0
177.15,41.11,73.86,32.4,2293.1,8,13.1,84.8,23.92,0.8944,89.44,CRITICAL,1
20.25,2.84,27.63,31.17,1937.1,10,13.5,62.8,2.52,0.0431,4.31,LOW,0
47.98,6.16,37.16,33.17,2927.0,7,10.6,67.3,6.61,0.0413,4.13,LOW,0
102.22,24.82,55.57,32.37,611.3,5,27.2,70.2,13.09,0.4147,41.47,MODERATE,0
16.23,3.68,24.36,23.73,1825.4,11,15.8,64.9,5.11,0.0403,4.03,LOW,0
35.2,7.03,40.26,38.67,2844.4,5,11.5,62.1,4.63,0.0992,9.92,LOW,0
0.64,0.12,25.54,47.39,1459.6,4,21.0,57.1,1.95,0.0422,4.22,LOW,0
44.86,8.95,34.64,42.99,1671.9,5,17.4,65.1,4.81,0.0872,8.72,LOW,0
63.18,12.0,41.11,45.19,457.9,13,24.4,65.4,5.75,0.3048,30.48,MODERATE,0
17.83,3.26,35.83,24.95,1070.5,9,20.5,55.1,2.94,0.0556,5.56,LOW,0
20.79,4.16,34.91,59.22,1207.3,6,19.9,56.0,2.05,0.1595,15.95,LOW,0
66.7,13.64,44.88,51.98,3038.1,10,8.4,63.4,8.56,0.2301,23.01,LOW,0
52.31,12.07,36.64,50.4,1083.9,9,21.4,70.6,6.19,0.1113,11.13,LOW,0
11.9,2.78,31.17,51.22,1609.6,12,21.8,64.2,1.51,0.0501,5.01,LOW,0
13.7,2.47,28.91,57.66,2230.3,8,19.7,60.4,2.05,0.051,5.1,LOW,0
145.12,27.02,74.36,41.08,728.4,9,27.1,80.5,21.81,0.8707,87.07,CRITICAL,1
28.99,5.21,32.93,30.63,1685.0,9,19.1,71.4,3.99,0.134,13.4,LOW,0
164.07,33.77,79.36,43.32,2428.7,10,18.8,87.7,24.39,0.9602,96.02,CRITICAL,1
94.49,18.19,52.43,47.78,2807.2,5,18.3,83.6,10.98,0.3306,33.06,MODERATE,0
80.58,21.14,42.38,47.59,2097.5,11,16.9,68.6,8.72,0.3393,33.93,MODERATE,0
40.79,9.44,52.9,40.42,2223.7,9,13.3,59.1,6.48,0.0989,9.89,LOW,0
149.34,39.39,59.58,24.14,622.5,7,27.9,88.4,19.7,0.5905,59.05,HIGH,1
50.99,11.9,29.39,36.27,3040.0,11,8.3,67.5,4.95,0.0614,6.14,LOW,0
99.64,27.44,42.53,56.78,641.1,5,22.3,70.1,8.39,0.2684,26.84,MODERATE,0
8.53,1.89,41.09,42.3,2535.3,5,8.8,64.2,1.57,0.0556,5.56,LOW,0
51.67,14.16,50.09,40.91,1031.2,9,24.1,63.5,7.91,0.2342,23.42,LOW,0
0.71,0.1,25.92,33.1,3004.1,9,5.7,64.2,3.64,0.0492,4.92,LOW,0
38.88,4.99,38.06,36.19,2373.9,3,17.4,68.7,4.63,0.092,9.2,LOW,0
22.17,4.72,32.46,55.1,2473.8,5,18.9,62.0,3.68,0.0957,9.57,LOW,0
14.9,4.13,20.32,44.97,896.2,9,27.4,52.1,2.64,0.0472,4.72,LOW,0
69.42,12.97,51.73,49.61,1557.0,13,16.3,64.9,8.17,0.2595,25.95,MODERATE,0
137.27,21.13,70.08,38.55,2072.5,5,11.9,89.7,17.82,0.7511,75.11,CRITICAL,1
0.79,0.16,19.07,43.75,2521.4,7,12.5,70.6,2.5,0.0199,1.99,LOW,0
32.91,7.37,35.84,32.4,556.7,11,27.1,80.5,5.91,0.0573,5.73,LOW,0
16.05,2.74,29.13,46.36,3089.0,5,14.0,64.8,3.01,0.0355,3.55,LOW,0
18.8,4.41,29.21,37.83,2876.2,6,13.8,56.3,2.69,0.0612,6.12,LOW,0
62.44,17.23,39.09,38.23,1047.5,8,23.6,77.4,5.96,0.0753,7.53,LOW,0
12.98,3.42,28.07,44.39,2677.1,7,19.2,60.4,3.15,0.0671,6.71,LOW,0
100.29,16.71,50.45,57.93,1779.1,6,17.0,71.0,12.26,0.4902,49.02,MODERATE,1
6.93,1.19,32.26,23.83,1612.3,9,17.2,63.0,2.94,0.0328,3.28,LOW,0
38.04,6.83,35.51,51.31,1177.6,5,18.6,77.1,2.56,0.0745,7.45,LOW,0
39.03,7.15,32.46,33.88,1963.9,3,18.3,65.2,6.02,0.0265,2.65,LOW,0
10.17,1.38,27.72,38.27,2403.2,10,14.3,61.6,3.34,0.0543,5.43,LOW,0
13.74,3.32,28.14,20.17,1462.3,9,22.0,52.9,2.52,0.0344,3.44,LOW,0
63.02,11.25,41.73,34.16,2106.2,9,15.3,70.1,6.2,0.1422,14.22,LOW,0
50.21,13.09,42.45,39.88,2313.0,9,16.9,71.5,5.39,0.1076,10.76,LOW,0
13.97,3.75,27.53,23.28,2347.8,14,14.1,61.6,3.55,0.0243,2.43,LOW,0
26.72,3.31,29.63,39.55,403.3,7,25.4,63.9,1.45,0.0378,3.78,LOW,0
101.63,28.27,46.66,57.23,2786.3,4,12.5,76.6,11.05,0.4436,44.36,MODERATE,0
8.19,1.91,27.25,26.33,1601.8,5,14.9,54.9,2.68,0.0157,1.57,LOW,0
23.28,4.73,37.75,48.65,1024.1,10,22.0,49.8,3.85,0.0575,5.75,LOW,0
3.15,0.57,25.26,37.35,963.2,7,24.1,59.9,0.98,0.0174,1.74,LOW,0
64.88,13.17,40.66,44.58,1674.9,10,16.3,68.4,5.04,0.1974,19.74,LOW,0
155.23,26.69,64.68,32.81,2866.2,6,17.0,86.7,22.32,0.7957,79.57,CRITICAL,1
100.66,22.11,44.56,28.94,1366.1,12,20.5,89.5,10.21,0.3965,39.65,MODERATE,0
41.39,5.58,42.47,28.99,2461.7,6,12.9,74.0,7.1,0.0281,2.81,LOW,0
98.7,21.65,55.06,24.27,535.6,13,23.4,62.5,12.69,0.4182,41.82,MODERATE,0
28.3,4.64,36.77,30.04,1654.4,7,22.3,79.4,3.99,0.0722,7.22,LOW,0
32.09,3.94,35.24,44.89,3175.5,8,8.5,68.8,4.27,0.122,12.2,LOW,0
131.99,27.51,57.93,54.28,2522.8,8,14.9,78.2,16.84,0.7333,73.33,HIGH,1
35.97,7.64,33.49,50.81,871.1,13,25.4,74.3,5.36,0.1449,14.49,LOW,0
126.21,23.76,57.84,45.63,1729.3,9,19.9,63.6,15.62,0.6389,63.89,HIGH,1
149.72,19.7,64.84,26.6,939.2,7,21.4,79.2,20.57,0.6044,60.44,HIGH,1
82.56,21.71,46.06,33.78,1458.2,5,22.1,73.6,9.99,0.124,12.4,LOW,0
55.57,12.1,46.08,34.43,2551.2,9,14.4,68.7,6.94,0.1266,12.66,LOW,0
30.68,4.25,43.7,32.46,2525.1,8,9.8,73.7,3.81,0.0563,5.63,LOW,0
193.73,39.09,74.88,40.23,922.9,8,26.0,96.1,28.61,0.9695,96.95,CRITICAL,1
161.86,32.3,69.47,40.83,2970.6,8,10.1,88.4,21.49,0.8476,84.76,CRITICAL,1
3.33,0.43,27.02,35.86,1998.1,7,16.6,58.8,1.78,0.0171,1.71,LOW,0
38.51,8.36,30.88,35.77,1370.8,3,21.2,71.5,4.54,0.0273,2.73,LOW,0
11.66,2.91,28.53,51.49,1730.7,6,17.2,58.2,2.52,0.0401,4.01,LOW,0
35.77,8.58,36.77,49.7,2035.0,9,18.7,70.0,5.68,0.1411,14.11,LOW,0
32.74,4.99,33.78,34.37,1901.7,6,14.8,60.5,3.33,0.0383,3.83,LOW,0
70.55,18.2,47.89,56.29,1684.9,6,17.3,72.3,5.95,0.2623,26.23,MODERATE,0
8.11,1.42,27.27,59.34,1739.6,5,21.5,52.5,3.71,0.032,3.2,LOW,0
34.02,9.23,20.2,34.96,770.4,12,23.8,71.3,3.28,0.0641,6.41,LOW,0
4.8,0.63,21.54,35.79,2647.6,7,10.8,58.1,2.28,0.0296,2.96,LOW,0
10.78,2.13,35.18,39.96,1848.2,7,18.0,53.4,1.89,0.0649,6.49,LOW,0
63.12,13.6,45.27,58.32,636.7,10,25.5,63.7,5.26,0.2555,25.55,MODERATE,0
13.87,2.21,14.63,53.98,2510.2,10,10.2,60.2,1.55,0.0839,8.39,LOW,0
23.43,5.7,24.01,26.18,3000.7,10,15.6,58.0,3.58,0.0727,7.27,LOW,0
99.14,21.84,56.37,36.88,3044.6,11,15.7,79.2,11.86,0.4,40.0,MODERATE,0
9.02,1.11,24.64,41.35,1338.6,12,20.9,59.7,2.07,0.0892,8.92,LOW,0
17.28,3.76,16.33,39.89,649.8,9,23.9,68.2,0.81,0.0432,4.32,LOW,0
32.64,6.48,39.44,30.37,1779.3,8,18.3,63.2,6.13,0.0459,4.59,LOW,0
49.28,7.46,42.42,53.02,582.2,13,27.0,71.7,5.7,0.1928,19.28,LOW,0
81.17,22.67,43.58,45.34,3005.3,9,12.6,72.2,10.71,0.2226,22.26,LOW,0
86.47,22.79,55.44,51.95,791.6,7,24.2,71.4,11.0,0.3265,32.65,MODERATE,0
52.46,8.75,35.73,53.01,995.7,8,26.0,61.6,6.93,0.1192,11.92,LOW,0
9.07,1.87,24.43,48.0,1449.6,10,22.9,61.8,1.68,0.0493,4.93,LOW,0
112.69,19.23,54.13,38.14,1380.3,5,18.0,81.3,11.46,0.4498,44.98,MODERATE,0
122.82,29.98,49.91,43.12,2594.3,13,16.0,74.3,12.85,0.4077,40.77,MODERATE,0
5.34,1.44,28.56,28.98,1596.1,14,22.1,60.7,2.83,0.0446,4.46,LOW,0
43.37,7.69,39.74,45.22,753.8,7,24.5,63.2,5.77,0.1035,10.35,LOW,0
37.87,9.43,33.31,29.78,1038.3,11,23.8,77.3,4.67,0.1087,10.87,LOW,0
139.28,27.82,67.53,45.94,1751.9,6,17.6,82.8,21.22,0.7455,74.55,HIGH,1
63.4,11.63,34.8,31.73,685.0,4,21.2,70.1,6.36,0.1148,11.48,LOW,0
10.01,2.7,31.23,26.97,2054.4,6,21.4,58.6,2.25,0.0179,1.79,LOW,0
19.81,4.0,32.17,29.19,1919.0,4,14.1,68.3,2.91,0.0245,2.45,LOW,0
214.54,41.79,81.62,16.56,2358.4,13,19.2,92.2,32.71,0.9803,98.03,CRITICAL,1
19.64,4.47,32.57,46.85,3016.2,3,11.2,62.6,3.44,0.0606,6.06,LOW,0
20.37,3.3,26.3,47.37,2941.2,11,14.9,62.6,4.05,0.0657,6.57,LOW,0
2.38,0.41,31.19,40.23,3040.9,8,11.3,53.7,3.54,0.0439,4.39,LOW,0
17.96,4.83,32.66,29.03,971.9,7,25.0,71.7,2.76,0.0324,3.24,LOW,0
50.66,11.58,41.0,25.09,638.1,2,25.6,73.1,5.69,0.0668,6.68,LOW,0
86.35,21.78,46.87,19.83,1141.7,4,20.0,73.0,8.64,0.1112,11.12,LOW,0
139.92,22.86,68.05,29.21,2890.5,11,12.4,80.4,20.11,0.7036,70.36,HIGH,1
197.71,40.93,86.38,54.83,3117.6,6,10.5,84.4,31.5,0.9894,98.94,CRITICAL,1
138.72,38.21,71.88,32.16,2785.0,12,14.3,72.0,19.22,0.7727,77.27,CRITICAL,1
100.12,17.12,50.31,35.78,574.6,9,25.2,69.7,6.91,0.3418,34.18,MODERATE,0
10.87,1.58,32.14,26.33,3044.9,11,12.0,68.5,1.45,0.0885,8.85,LOW,0
20.3,4.1,37.66,31.46,1498.9,9,17.2,60.7,2.79,0.0206,2.06,LOW,0
55.63,10.13,39.36,40.35,277.5,8,23.3,74.8,5.43,0.0791,7.91,LOW,0
32.93,4.79,41.25,43.03,1555.1,10,19.6,64.8,3.15,0.0631,6.31,LOW,0
4.1,1.08,26.94,32.29,385.9,4,26.3,55.4,1.07,0.0158,1.58,LOW,0
34.59,9.63,29.59,23.39,1854.4,6,15.2,60.8,5.1,0.0595,5.95,LOW,0
70.94,14.97,41.31,36.83,1248.7,12,22.6,72.1,6.5,0.0677,6.77,LOW,0
24.98,6.09,24.78,31.9,1646.6,6,20.5,54.0,1.3,0.0371,3.71,LOW,0
26.36,6.79,32.19,31.36,2058.9,6,17.1,59.4,2.48,0.0201,2.01,LOW,0
73.12,16.98,44.67,60.01,2813.0,12,12.6,68.2,6.85,0.3346,33.46,MODERATE,0
21.73,2.76,32.03,43.3,2202.6,6,12.7,68.2,3.18,0.0585,5.85,LOW,0
91.35,13.27,57.39,41.46,1530.4,11,16.4,75.4,11.8,0.4817,48.17,MODERATE,1
9.19,1.21,27.49,37.51,2667.3,8,14.3,62.5,1.1,0.0326,3.26,LOW,0
72.57,8.82,43.98,37.87,2921.5,10,9.9,73.7,8.05,0.1734,17.34,LOW,0
6.56,1.11,25.84,40.98,603.3,3,22.8,67.2,3.71,0.0143,1.43,LOW,0
19.42,3.55,21.17,46.03,1819.2,11,18.7,63.2,3.76,0.1464,14.64,LOW,0
7.25,1.15,30.45,46.24,1089.3,10,27.1,54.9,2.98,0.0627,6.27,LOW,0
51.95,6.77,38.79,29.47,388.8,7,24.9,68.9,6.03,0.0849,8.49,LOW,0
22.51,4.61,31.7,39.81,2222.2,11,20.9,58.3,2.97,0.0893,8.93,LOW,0
15.14,2.48,28.24,37.41,2795.2,8,12.4,49.9,4.19,0.0393,3.93,LOW,0
15.68,3.88,30.03,53.65,730.6,5,25.4,63.5,3.28,0.0712,7.12,LOW,0
66.92,8.12,37.18,43.79,2646.6,4,15.8,73.1,5.67,0.1545,15.45,LOW,0
135.66,34.57,62.98,40.74,2767.5,6,15.4,82.4,17.23,0.5213,52.13,HIGH,1
44.29,12.08,34.38,26.86,2947.3,13,12.6,69.7,4.07,0.0878,8.78,LOW,0
79.57,18.67,47.45,42.96,1032.6,9,21.7,78.6,8.66,0.4309,43.09,MODERATE,0
81.21,19.28,42.66,26.95,2916.7,14,14.0,66.4,9.45,0.3231,32.31,MODERATE,0
13.94,3.75,31.3,35.27,1196.0,10,22.5,59.8,2.61,0.0773,7.73,LOW,0
106.61,16.36,54.96,28.2,1879.4,6,16.6,68.3,11.75,0.4601,46.01,MODERATE,0
0.88,0.25,18.77,45.87,399.0,8,29.3,62.8,3.07,0.0261,2.61,LOW,0
16.55,4.03,34.37,30.86,379.4,7,27.1,69.9,4.3,0.0312,3.12,LOW,0
79.15,18.7,44.59,36.86,2375.1,8,13.1,68.6,7.57,0.1303,13.03,LOW,0
11.24,2.0,26.35,55.12,1561.2,8,17.2,66.0,4.01,0.2339,23.39,LOW,0
11.16,2.31,32.12,30.78,1006.1,10,27.4,57.1,3.61,0.0414,4.14,LOW,0
12.61,2.83,33.9,40.03,811.7,9,22.3,65.8,2.22,0.0289,2.89,LOW,0
33.16,7.27,31.96,37.61,2226.4,5,17.6,51.6,5.13,0.0317,3.17,LOW,0
20.19,4.7,31.21,19.7,251.2,8,27.6,72.2,1.9,0.0291,2.91,LOW,0
45.41,6.05,41.12,49.85,2627.4,6,15.3,60.3,4.88,0.0668,6.68,LOW,0
78.85,13.95,53.4,24.17,483.8,13,30.1,72.8,8.48,0.3492,34.92,MODERATE,0
39.25,7.44,36.43,39.09,814.9,4,26.0,74.3,3.6,0.081,8.1,LOW,0
8.01,1.29,29.6,41.57,1389.4,9,22.4,54.2,3.28,0.0513,5.13,LOW,0
94.44,13.94,46.87,43.69,1680.3,10,18.3,84.7,9.95,0.2576,25.76,MODERATE,0
108.71,15.46,47.88,45.75,1297.2,4,19.2,88.9,10.26,0.2551,25.51,MODERATE,0
77.33,13.81,49.43,32.57,1196.1,6,27.5,75.7,8.29,0.1792,17.92,LOW,0
3.3,0.66,21.89,18.49,3093.6,8,10.9,60.6,1.47,0.0194,1.94,LOW,0
29.0,3.77,28.5,47.03,2142.7,4,15.9,63.2,3.74,0.0342,3.42,LOW,0
4.23,1.15,29.39,40.83,319.1,11,27.0,64.1,4.5,0.0511,5.11,LOW,0
5.23,1.27,25.73,51.86,1519.0,16,20.1,65.3,2.45,0.0867,8.67,LOW,0
12.49,2.96,29.63,51.15,2831.3,8,16.4,49.8,2.94,0.0781,7.81,LOW,0
11.58,1.71,21.83,52.22,1139.3,9,23.1,60.0,4.0,0.1355,13.55,LOW,0
32.44,7.03,29.53,39.39,528.9,3,21.8,61.4,3.18,0.0192,1.92,LOW,0
59.39,12.16,49.78,35.17,2487.2,6,12.7,64.5,8.65,0.1598,15.98,LOW,0
50.15,13.9,35.75,49.79,2037.7,7,16.8,63.3,4.8,0.0898,8.98,LOW,0
10.66,2.55,26.97,38.46,1932.4,5,19.9,53.8,2.16,0.0368,3.68,LOW,0
9.85,2.09,28.95,29.95,408.1,9,22.0,70.8,2.18,0.0351,3.51,LOW,0
118.13,30.26,52.73,52.81,664.5,9,25.6,74.2,13.11,0.6349,63.49,HIGH,1
0.29,0.04,31.85,54.34,2086.5,9,18.4,59.2,1.84,0.0402,4.02,LOW,0
74.13,9.08,45.79,38.87,863.1,7,25.5,69.2,8.47,0.234,23.4,LOW,0
7.8,1.8,26.0,24.61,1737.0,5,18.2,57.9,1.94,0.0201,2.01,LOW,0
103.0,13.98,59.18,36.74,1857.4,9,20.4,78.0,13.07,0.5533,55.33,HIGH,1
14.67,2.03,33.67,50.33,1086.3,7,20.0,60.3,1.28,0.1069,10.69,LOW,0
20.32,4.86,40.52,55.5,3047.9,9,13.6,66.7,4.26,0.1141,11.41,LOW,0
42.98,7.02,34.85,30.75,2735.3,6,12.8,75.9,5.83,0.0843,8.43,LOW,0
31.01,6.84,44.65,24.04,2381.0,4,15.0,58.1,4.71,0.0534,5.34,LOW,0
13.39,3.57,31.98,54.04,480.1,9,25.4,63.9,3.52,0.1257,12.57,LOW,0
28.25,4.82,41.36,36.79,563.1,8,26.5,66.0,3.27,0.0985,9.85,LOW,0
45.92,7.11,42.79,41.01,1703.7,7,15.9,59.8,7.05,0.064,6.4,LOW,0
1.51,0.21,22.21,60.87,724.1,9,26.2,64.1,2.25,0.0789,7.89,LOW,0
0.39,0.06,20.94,24.01,3135.9,9,12.9,58.5,0.5,0.0121,1.21,LOW,0
21.44,2.79,21.98,44.35,717.6,7,23.3,72.7,4.06,0.0437,4.37,LOW,0
4.95,0.66,16.33,24.5,1688.0,7,18.7,66.7,2.86,0.0174,1.74,LOW,0
38.21,7.23,32.64,36.39,1324.2,9,18.6,65.7,6.12,0.0873,8.73,LOW,0
8.43,1.44,33.7,50.34,2136.2,4,13.4,60.0,4.18,0.0468,4.68,LOW,0
19.85,4.63,28.07,37.99,630.7,6,25.0,73.4,4.34,0.0411,4.11,LOW,0
7.71,2.0,23.78,65.88,1519.4,8,20.2,57.7,2.8,0.115,11.5,LOW,0
27.83,6.83,36.29,41.52,1060.4,17,21.3,65.8,4.53,0.1499,14.99,LOW,0
4.32,0.88,21.9,34.79,2868.9,10,9.1,60.3,1.09,0.0364,3.64,LOW,0
0.82,0.11,34.43,31.38,369.7,6,27.1,67.3,1.77,0.0381,3.81,LOW,0
113.76,26.57,55.54,35.67,2945.5,11,10.9,84.7,16.36,0.5715,57.15,HIGH,1
107.97,19.22,59.88,36.31,2707.3,8,11.2,79.4,11.91,0.6168,61.68,HIGH,1
5.37,0.72,25.5,24.15,1127.8,7,25.0,57.6,2.56,0.02,2.0,LOW,0
43.14,10.99,37.2,36.23,2578.4,14,11.4,65.5,4.85,0.0785,7.85,LOW,0
103.04,17.94,59.49,38.81,342.1,5,27.5,68.1,13.89,0.3905,39.05,MODERATE,0
4.01,0.62,27.27,47.0,3102.3,8,7.2,62.1,2.4,0.0335,3.35,LOW,0
24.89,6.46,39.44,44.64,1803.5,10,14.5,58.9,4.98,0.0721,7.21,LOW,0
21.88,5.78,27.21,46.48,1144.7,8,22.9,76.7,3.09,0.0755,7.55,LOW,0
180.69,31.48,69.1,18.19,1319.6,10,19.9,83.8,25.25,0.8436,84.36,CRITICAL,1
101.41,17.93,44.65,31.29,445.9,14,22.6,81.4,10.52,0.3119,31.19,MODERATE,0
52.93,11.26,46.1,44.81,3168.6,5,12.9,77.1,6.1,0.1133,11.33,LOW,0
127.79,30.33,65.29,39.36,365.9,6,26.9,84.1,16.58,0.5794,57.94,HIGH,1
21.24,2.76,29.62,17.55,2182.0,10,10.7,60.1,4.41,0.0196,1.96,LOW,0
15.41,3.31,30.81,50.37,1556.1,8,21.8,58.8,3.48,0.0939,9.39,LOW,0
102.87,28.03,59.15,48.99,3049.3,7,8.6,93.1,13.95,0.6449,64.49,HIGH,1
32.33,5.23,33.1,41.2,975.7,10,18.4,76.7,5.18,0.1146,11.46,LOW,0
30.29,8.04,24.68,24.0,1819.7,10,15.9,66.4,2.83,0.0533,5.33,LOW,0
175.61,47.77,65.43,48.73,1673.0,9,18.7,84.3,22.41,0.9056,90.56,CRITICAL,1
1.67,0.27,20.0,42.27,2323.5,6,15.4,55.0,1.72,0.0338,3.38,LOW,0
101.63,24.46,53.97,49.38,450.6,2,21.4,71.5,12.9,0.2959,29.59,MODERATE,0
13.18,2.08,23.98,48.13,821.7,6,19.9,66.2,2.66,0.0461,4.61,LOW,0
20.46,4.87,35.9,50.3,883.0,10,21.2,76.9,3.5,0.0889,8.89,LOW,0
4.26,1.06,19.83,40.32,2427.5,6,12.9,59.9,1.1,0.0177,1.77,LOW,0
63.47,10.13,39.31,28.08,808.0,8,25.5,76.7,7.31,0.1027,10.27,LOW,0
0.98,0.23,16.17,45.13,1941.8,6,16.3,65.5,2.89,0.0297,2.97,LOW,0
159.1,39.76,67.32,43.43,885.0,7,25.0,82.1,21.84,0.8613,86.13,CRITICAL,1
5.29,0.94,26.52,47.76,2791.8,9,15.4,66.8,2.42,0.0491,4.91,LOW,0
76.18,11.19,51.72,29.39,3029.4,9,12.7,77.6,10.13,0.2072,20.72,LOW,0
45.8,6.17,38.42,30.42,1779.6,11,10.5,72.4,5.12,0.1055,10.55,LOW,0
6.3,1.34,30.47,54.8,1289.3,10,20.1,58.5,3.76,0.0466,4.66,LOW,0
29.2,8.07,38.2,48.06,940.5,6,22.4,68.7,4.72,0.0706,7.06,LOW,0
158.8,39.96,71.42,55.92,396.9,8,25.7,91.0,21.15,0.8893,88.93,CRITICAL,1
6.87,1.3,22.44,48.41,1042.1,7,17.1,66.8,2.14,0.0731,7.31,LOW,0
68.61,14.12,46.23,42.69,2180.0,5,14.1,76.8,8.03,0.2756,27.56,MODERATE,0
151.53,24.96,74.87,44.55,1824.2,8,14.6,81.5,21.72,0.8696,86.96,CRITICAL,1
17.79,2.6,28.41,54.72,3034.9,8,9.0,69.1,3.99,0.0905,9.05,LOW,0
6.52,1.28,29.6,42.12,1419.0,10,19.5,68.7,0.5,0.027,2.7,LOW,0
16.9,3.28,32.38,43.82,2296.9,11,13.5,59.8,3.79,0.0739,7.39,LOW,0
183.11,37.26,74.43,28.81,1693.5,8,16.6,79.2,27.22,0.905,90.5,CRITICAL,1
15.79,4.3,34.11,39.08,1762.1,5,17.8,72.2,0.98,0.0665,6.65,LOW,0
105.99,22.96,52.75,46.76,1039.9,12,21.0,73.1,12.17,0.4802,48.02,MODERATE,1
102.36,22.2,55.93,33.17,1592.1,8,19.7,70.9,11.87,0.2629,26.29,MODERATE,0
5.48,0.77,25.34,30.7,1638.8,5,17.9,62.1,3.67,0.0146,1.46,LOW,0
6.83,1.91,27.13,34.56,2334.6,7,11.2,59.4,1.5,0.0322,3.22,LOW,0
69.49,16.93,49.12,32.16,3024.9,12,8.8,58.9,8.94,0.1459,14.59,LOW,0
106.14,27.63,44.98,31.19,1221.5,7,20.5,81.3,11.59,0.3812,38.12,MODERATE,0
0.15,0.03,28.13,37.76,374.5,8,24.8,65.2,1.62,0.0446,4.46,LOW,0
11.2,2.24,31.67,55.89,1714.1,10,15.0,55.5,3.94,0.0788,7.88,LOW,0
31.86,6.49,31.05,40.0,1856.2,12,19.5,64.6,3.37,0.095,9.5,LOW,0
56.2,8.49,40.58,30.14,746.9,6,24.7,62.3,7.44,0.1461,14.61,LOW,0
5.01,1.15,21.52,24.69,2493.4,9,12.8,55.6,4.8,0.0159,1.59,LOW,0
4.1,1.08,22.15,46.02,3155.5,12,10.2,57.0,3.09,0.0434,4.34,LOW,0
89.33,13.06,51.37,36.6,3040.0,4,8.6,76.6,10.87,0.3834,38.34,MODERATE,0
48.68,6.51,51.76,51.17,831.5,9,25.6,79.4,6.06,0.1505,15.05,LOW,0
31.19,7.43,37.05,44.73,2832.3,9,17.6,62.2,5.94,0.1092,10.92,LOW,0
51.32,8.4,35.13,50.0,2328.3,5,13.6,72.7,6.13,0.1715,17.15,LOW,0
123.89,27.23,63.57,33.21,1588.8,11,22.3,83.4,15.71,0.5986,59.86,HIGH,1
180.78,41.82,78.52,45.88,1844.8,4,15.7,74.3,29.05,0.9562,95.62,CRITICAL,1
118.36,20.3,49.51,32.94,2756.3,6,11.5,69.4,12.66,0.3275,32.75,MODERATE,0
9.79,2.45,26.16,58.16,1666.4,8,22.4,73.7,3.14,0.1449,14.49,LOW,0
131.49,27.35,61.1,43.95,1351.0,12,20.3,76.7,16.05,0.6766,67.66,HIGH,1
19.05,4.93,30.92,34.89,1705.1,4,20.3,65.6,2.12,0.0225,2.25,LOW,0
139.42,33.76,63.88,33.13,1958.4,6,16.6,82.9,17.14,0.7111,71.11,HIGH,1
89.03,23.06,50.67,30.26,807.8,2,19.1,60.6,9.74,0.1923,19.23,LOW,0
89.16,10.99,45.29,45.97,2907.7,10,17.9,69.3,9.78,0.3234,32.34,MODERATE,0
94.59,15.04,49.86,31.33,2238.9,11,15.1,78.5,10.19,0.2844,28.44,MODERATE,0
9.69,1.3,26.38,42.63,2118.1,7,16.7,55.8,1.67,0.0325,3.25,LOW,0
56.02,10.68,46.49,32.96,543.5,7,23.2,66.1,5.74,0.0747,7.47,LOW,0
19.86,5.21,27.07,44.82,2032.3,8,18.8,55.8,4.23,0.0438,4.38,LOW,0
252.91,49.27,94.59,50.85,606.8,8,26.4,92.9,35.0,0.9984,99.84,CRITICAL,1
20.93,5.36,29.08,49.21,482.2,9,21.5,60.0,1.14,0.06,6.0,LOW,0
47.73,8.23,46.3,48.5,1805.6,10,18.5,56.0,5.97,0.0892,8.92,LOW,0
22.02,3.84,34.49,30.13,1438.2,7,22.3,70.3,2.95,0.033,3.3,LOW,0
9.05,2.38,22.86,25.38,1987.0,6,20.1,53.0,2.58,0.0192,1.92,LOW,0
7.78,1.46,29.17,46.12,513.2,13,26.8,60.1,1.84,0.078,7.8,LOW,0
19.39,4.78,25.37,36.19,1521.4,10,21.5,58.4,4.17,0.0516,5.16,LOW,0
49.3,7.78,40.11,37.96,765.6,8,22.4,73.9,5.41,0.1775,17.75,LOW,0
145.35,39.51,72.53,21.16,3161.9,9,7.5,74.4,20.77,0.6223,62.23,HIGH,1
40.84,8.65,26.65,32.79,1905.4,9,16.7,61.4,3.64,0.0678,6.78,LOW,0
11.61,2.8,23.21,21.41,2277.9,7,12.3,53.7,2.96,0.0267,2.67,LOW,0
22.98,3.09,32.21,54.14,1210.0,9,19.5,49.0,3.73,0.0917,9.17,LOW,0
1.59,0.32,23.46,32.22,529.5,10,23.2,63.3,1.68,0.0277,2.77,LOW,0
59.54,15.73,42.74,41.47,3128.8,11,8.4,69.1,6.6,0.1251,12.51,LOW,0
160.81,41.86,69.61,21.89,1094.5,7,23.3,85.4,21.9,0.7623,76.23,CRITICAL,1
18.28,2.33,21.72,44.98,1500.2,4,17.2,67.6,3.56,0.0211,2.11,LOW,0
135.41,22.83,66.02,34.84,2167.1,6,20.7,81.0,16.8,0.5447,54.47,HIGH,1
6.51,1.24,20.15,55.26,322.9,9,28.7,58.3,1.9,0.0415,4.15,LOW,0
37.0,5.46,36.39,54.66,2640.3,7,16.5,67.1,4.23,0.1296,12.96,LOW,0
33.14,7.85,32.01,34.91,1832.9,10,16.2,61.9,5.3,0.0787,7.87,LOW,0
54.27,8.11,52.2,55.45,1070.7,12,22.6,74.8,8.27,0.2013,20.13,LOW,0
10.25,1.8,27.27,65.53,431.7,8,23.0,59.4,2.9,0.0528,5.28,LOW,0
50.48,11.42,40.89,51.34,729.4,9,24.5,66.9,4.72,0.0885,8.85,LOW,0
40.76,8.04,39.18,52.29,2890.3,8,7.7,69.9,4.93,0.1716,17.16,LOW,0
13.64,3.25,30.51,32.42,2273.8,12,18.1,76.1,4.63,0.0712,7.12,LOW,0
27.6,7.56,32.59,42.06,987.2,16,21.0,58.0,3.47,0.1183,11.83,LOW,0
5.58,0.77,21.61,24.05,443.5,3,26.3,53.5,2.35,0.0287,2.87,LOW,0
21.09,4.92,30.35,25.76,2287.3,17,16.6,61.7,3.34,0.105,10.5,LOW,0
74.56,11.7,36.55,66.67,1938.6,3,16.0,66.7,6.06,0.1636,16.36,LOW,0
19.14,3.57,32.8,34.95,1443.3,3,18.1,67.1,2.32,0.0277,2.77,LOW,0
64.05,8.02,57.54,47.99,1322.7,12,20.4,70.8,7.82,0.3608,36.08,MODERATE,0
31.23,4.43,34.63,50.47,889.6,7,25.1,58.0,3.65,0.0283,2.83,LOW,0
7.46,1.28,28.79,52.98,2225.4,9,15.4,65.6,2.83,0.0606,6.06,LOW,0
30.45,5.32,25.77,66.06,3113.5,6,12.4,75.7,3.58,0.1522,15.22,LOW,0
24.68,6.51,27.83,32.16,768.4,7,25.8,58.9,3.74,0.0329,3.29,LOW,0
17.8,4.25,34.46,22.01,2011.5,8,16.5,64.6,5.26,0.0427,4.27,LOW,0
4.46,1.23,19.01,37.39,1501.3,12,19.5,47.5,4.75,0.0188,1.88,LOW,0
18.87,4.07,26.64,27.59,1567.7,9,19.7,60.6,3.0,0.0367,3.67,LOW,0
2.64,0.42,28.58,20.23,999.7,9,25.4,62.3,3.06,0.0195,1.95,LOW,0
3.64,0.63,30.06,35.96,2684.1,9,12.4,59.7,2.86,0.0341,3.41,LOW,0
18.82,3.22,29.72,49.46,1681.5,6,21.6,63.5,4.08,0.042,4.2,LOW,0
12.75,2.2,29.18,41.74,1853.0,5,18.4,57.2,3.71,0.0718,7.18,LOW,0
90.91,20.7,51.06,34.53,1149.0,8,19.8,81.2,9.83,0.262,26.2,MODERATE,0
16.49,3.38,23.45,44.56,786.3,7,23.6,60.0,4.68,0.0518,5.18,LOW,0
49.64,9.02,38.53,31.82,503.4,10,22.4,60.1,6.97,0.1771,17.71,LOW,0
26.44,3.8,33.61,19.19,2356.7,8,11.7,63.7,4.57,0.0228,2.28,LOW,0
42.62,5.27,36.49,48.64,828.9,6,25.0,71.9,5.49,0.1054,10.54,LOW,0
10.54,1.63,18.32,43.54,2285.7,6,17.4,64.9,2.75,0.0294,2.94,LOW,0
99.6,13.66,60.57,48.56,1401.6,8,20.2,71.8,13.06,0.4097,40.97,MODERATE,0
26.43,6.49,26.93,21.89,1476.5,10,20.0,74.6,4.07,0.0415,4.15,LOW,0
62.29,8.6,42.8,51.91,1634.1,10,17.6,68.9,7.05,0.1934,19.34,LOW,0
15.9,3.75,31.06,43.4,1334.7,8,21.1,52.1,3.27,0.105,10.5,LOW,0
3.7,0.67,23.76,41.65,546.8,7,29.9,64.1,2.18,0.0723,7.23,LOW,0
158.05,20.82,70.48,43.57,1163.4,16,24.1,82.9,21.92,0.9078,90.78,CRITICAL,1
0.27,0.07,21.2,53.32,2208.0,8,15.7,59.6,3.93,0.0306,3.06,LOW,0
22.57,4.8,42.06,42.37,2214.1,9,15.4,68.7,3.92,0.0675,6.75,LOW,0
7.5,1.18,25.8,42.19,1094.4,12,21.0,59.6,2.06,0.0763,7.63,LOW,0
34.55,9.09,39.17,64.15,1607.3,9,15.6,63.4,4.73,0.1127,11.27,LOW,0
135.92,17.29,57.59,48.33,820.7,7,22.3,72.9,15.01,0.7954,79.54,CRITICAL,1
21.85,3.33,34.73,38.22,870.6,6,24.9,60.1,4.43,0.0586,5.86,LOW,0
59.53,14.31,38.08,46.43,318.0,5,23.9,70.4,6.22,0.0807,8.07,LOW,0
189.52,44.25,71.1,36.78,2895.4,3,11.4,84.9,26.05,0.8907,89.07,CRITICAL,1
23.97,3.99,26.39,31.7,871.6,8,20.4,53.6,2.83,0.0296,2.96,LOW,0
218.92,28.44,82.06,42.68,921.2,9,24.9,96.7,32.88,0.9842,98.42,CRITICAL,1
77.24,19.87,47.19,57.31,1074.8,6,18.9,75.7,10.51,0.2152,21.52,LOW,0
171.62,29.21,87.43,57.39,625.9,7,26.0,89.9,29.33,0.9655,96.55,CRITICAL,1
12.3,1.86,42.12,35.42,2135.8,5,18.8,56.3,4.87,0.0354,3.54,LOW,0
27.56,5.58,31.11,40.6,471.7,5,24.6,64.0,3.42,0.0791,7.91,LOW,0
8.87,2.36,32.28,31.06,645.9,6,22.7,62.8,3.11,0.0353,3.53,LOW,0
20.54,2.61,24.48,65.36,2152.0,7,17.4,66.6,3.77,0.1124,11.24,LOW,0
23.17,5.62,20.97,62.52,1252.0,8,25.1,67.2,3.5,0.1048,10.48,LOW,0
62.36,13.19,42.61,44.39,2338.4,8,18.5,60.9,6.47,0.1127,11.27,LOW,0
79.23,14.9,49.92,50.37,1894.4,9,17.4,82.2,7.48,0.4086,40.86,MODERATE,0
18.74,4.48,34.16,46.72,1005.3,4,20.3,55.6,5.54,0.0449,4.49,LOW,0
0.63,0.17,30.57,42.57,2169.9,3,15.5,50.3,1.44,0.0258,2.58,LOW,0
69.26,10.85,42.74,23.06,593.0,4,20.5,52.8,10.0,0.0912,9.12,LOW,0
6.7,0.96,27.24,38.56,1832.4,5,16.5,65.2,1.86,0.0815,8.15,LOW,0
34.04,9.06,38.64,45.26,1539.6,9,20.7,73.8,5.88,0.0802,8.02,LOW,0
0.89,0.2,31.22,45.36,1040.2,13,21.4,56.3,2.77,0.0332,3.32,LOW,0
17.85,3.39,25.46,36.33,2031.8,10,15.3,52.1,3.58,0.0484,4.84,LOW,0
149.31,31.61,67.86,58.37,2820.4,16,12.3,87.6,19.74,0.939,93.9,CRITICAL,1
3.71,0.89,29.29,29.28,3196.8,11,9.7,52.8,1.92,0.0267,2.67,LOW,0
19.29,4.7,31.14,39.81,2042.9,6,18.7,66.6,2.82,0.0353,3.53,LOW,0
183.8,49.11,73.35,45.83,1443.9,5,16.7,82.0,26.54,0.9005,90.05,CRITICAL,1
82.42,15.52,48.09,46.06,914.4,8,24.3,69.7,9.05,0.2923,29.23,MODERATE,0
71.23,11.89,47.59,44.36,1008.4,6,22.3,72.6,7.7,0.3325,33.25,MODERATE,0
9.5,2.11,23.86,33.32,1664.4,4,19.9,63.4,1.59,0.0474,4.74,LOW,0
2.96,0.55,19.84,28.8,1333.5,8,17.2,61.1,1.39,0.0267,2.67,LOW,0
34.53,7.43,44.97,43.94,2945.8,16,14.0,74.0,5.33,0.1324,13.24,LOW,0
14.35,2.69,29.96,42.76,1336.5,12,22.0,72.4,2.07,0.0734,7.34,LOW,0
39.02,5.64,40.62,29.79,1351.7,6,24.7,76.6,3.75,0.049,4.9,LOW,0
1.14,0.22,26.37,46.35,1381.4,6,18.3,59.1,2.2,0.0312,3.12,LOW,0
5.01,1.16,31.65,38.57,2718.0,7,11.6,61.4,0.5,0.0373,3.73,LOW,0
40.58,10.06,36.76,45.02,2169.8,4,11.6,74.4,4.68,0.1225,12.25,LOW,0
8.36,1.66,30.28,51.92,2061.8,6,14.6,57.3,2.53,0.0498,4.98,LOW,0
68.22,9.99,38.55,29.38,1235.7,10,24.8,67.7,7.3,0.1086,10.86,LOW,0
148.48,27.67,57.75,19.83,2662.8,17,14.1,82.4,17.77,0.6845,68.45,HIGH,1
8.49,2.09,25.0,49.26,363.2,4,24.2,61.2,1.1,0.0542,5.42,LOW,0
229.01,42.61,82.0,43.09,2818.9,13,12.8,92.6,35.0,0.9955,99.55,CRITICAL,1
93.25,21.58,40.52,46.15,1762.6,8,18.2,68.4,9.45,0.2029,20.29,LOW,0
42.49,8.55,38.41,51.96,1424.8,8,15.4,71.5,5.36,0.1182,11.82,LOW,0
88.38,14.02,40.9,50.29,1716.6,9,14.2,70.9,7.73,0.3913,39.13,MODERATE,0
32.94,8.15,38.97,60.12,2218.9,7,18.6,65.9,4.73,0.1102,11.02,LOW,0
45.33,6.05,44.9,40.84,287.7,9,28.3,66.8,6.58,0.1838,18.38,LOW,0
13.22,2.7,21.49,39.48,2821.1,8,8.8,66.0,1.53,0.0503,5.03,LOW,0
61.79,9.48,43.75,37.13,1567.9,10,19.1,72.0,4.91,0.2407,24.07,LOW,0
32.37,4.23,43.35,28.69,1261.8,8,19.3,63.3,6.3,0.0515,5.15,LOW,0
17.25,3.46,27.47,41.93,657.8,9,27.1,60.1,3.17,0.0666,6.66,LOW,0
28.55,5.71,36.05,33.38,1546.4,5,20.6,63.6,3.4,0.0559,5.59,LOW,0
30.09,7.01,45.39,56.81,1714.2,10,15.8,57.9,3.97,0.1955,19.55,LOW,0
6.33,1.51,18.39,42.26,1440.8,10,20.4,56.1,2.36,0.0479,4.79,LOW,0
18.04,4.27,24.95,42.56,2252.0,7,15.5,65.9,3.85,0.0727,7.27,LOW,0
14.73,2.73,31.94,35.8,1491.6,12,19.7,64.0,1.34,0.0389,3.89,LOW,0
172.39,38.11,84.13,22.96,3086.2,6,9.8,80.1,27.7,0.8962,89.62,CRITICAL,1
50.11,10.64,35.48,21.22,2017.9,10,17.0,66.8,6.85,0.0361,3.61,LOW,0
23.06,4.32,43.64,37.72,2632.1,9,11.4,54.1,4.64,0.0582,5.82,LOW,0
98.65,21.27,53.28,25.15,572.6,5,21.9,75.6,12.2,0.1689,16.89,LOW,0
12.17,3.3,18.57,43.0,1422.0,8,17.1,59.8,2.81,0.0477,4.77,LOW,0
18.81,2.84,38.22,54.24,1243.7,11,18.5,75.4,3.6,0.1528,15.28,LOW,0
54.12,14.34,37.84,54.36,1930.0,5,18.4,71.6,5.22,0.1656,16.56,LOW,0
27.64,3.55,34.98,44.72,2790.3,12,13.8,58.4,3.18,0.1118,11.18,LOW,0
27.72,4.69,24.47,31.05,481.1,5,29.0,58.4,4.03,0.0339,3.39,LOW,0
1.92,0.32,21.77,53.24,464.1,8,24.9,64.1,1.54,0.0504,5.04,LOW,0
178.1,39.22,67.38,54.54,2758.4,12,14.6,92.0,23.89,0.9271,92.71,CRITICAL,1
136.47,19.24,55.2,30.48,877.9,2,23.3,91.6,15.71,0.2922,29.22,MODERATE,0
256.06,66.88,97.19,47.57,2222.8,7,16.5,99.0,35.0,0.9969,99.69,CRITICAL,1
12.9,3.26,31.45,33.69,1851.5,2,19.8,64.8,2.57,0.0203,2.03,LOW,0
75.55,16.95,43.42,50.29,2707.0,6,14.6,79.9,9.07,0.3022,30.22,MODERATE,0
39.47,7.63,28.87,65.9,619.0,7,24.9,66.4,4.76,0.0868,8.68,LOW,0
14.59,3.93,22.71,21.05,632.9,9,23.0,62.4,2.48,0.0179,1.79,LOW,0
27.45,6.94,34.54,55.23,1892.6,11,18.3,56.8,2.46,0.0884,8.84,LOW,0
64.26,12.84,43.55,43.5,3041.8,8,14.7,78.7,6.98,0.2505,25.05,MODERATE,0
75.21,17.47,48.0,61.49,1474.2,7,20.3,72.1,9.4,0.3207,32.07,MODERATE,0
6.12,1.29,34.51,38.83,1214.5,8,20.3,60.3,1.16,0.0423,4.23,LOW,0
14.52,3.11,31.94,52.42,2039.7,8,18.8,57.4,3.67,0.0805,8.05,LOW,0
14.29,2.47,31.05,23.72,2994.8,10,8.1,69.5,4.14,0.0578,5.78,LOW,0
1.5,0.29,37.26,35.22,2718.9,7,12.1,66.1,2.2,0.0374,3.74,LOW,0
31.92,4.23,32.56,24.04,3186.7,10,8.0,59.4,4.78,0.022,2.2,LOW,0
67.54,11.97,55.83,61.74,316.6,6,26.0,73.2,8.93,0.331,33.1,MODERATE,0
16.82,3.89,36.83,50.94,582.9,6,27.9,67.3,3.69,0.1164,11.64,LOW,0
47.15,12.85,36.71,52.69,2047.9,6,18.3,59.6,6.61,0.1485,14.85,LOW,0
161.12,44.16,74.14,58.07,2670.7,9,8.6,88.0,21.95,0.9384,93.84,CRITICAL,1
152.32,31.82,66.57,25.19,1091.5,7,20.5,85.5,19.49,0.7331,73.31,HIGH,1
5.32,1.16,19.31,36.68,955.7,6,19.0,64.5,3.44,0.0145,1.45,LOW,0
43.24,6.47,37.07,24.31,2571.6,8,16.5,78.4,6.32,0.0273,2.73,LOW,0
67.48,15.6,36.56,31.03,416.3,10,24.3,87.9,5.03,0.1626,16.26,LOW,0
153.22,20.12,69.07,31.72,1339.7,8,20.8,90.4,22.61,0.867,86.7,CRITICAL,1
0.63,0.1,29.18,38.95,1742.1,2,18.7,61.7,0.5,0.0194,1.94,LOW,0
8.53,1.94,26.3,33.09,1903.0,12,18.0,65.1,3.03,0.0447,4.47,LOW,0
2.52,0.43,26.86,26.09,2399.4,13,7.6,63.0,2.34,0.0419,4.19,LOW,0
29.57,3.78,34.35,29.29,1296.8,12,21.8,78.5,3.1,0.1078,10.78,LOW,0
191.06,48.36,82.72,28.4,2057.4,6,15.3,89.5,29.78,0.9465,94.65,CRITICAL,1
4.1,0.7,26.6,61.46,1976.9,10,19.2,58.1,1.56,0.102,10.2,LOW,0
63.78,8.3,41.28,48.44,1865.5,7,18.2,72.9,6.54,0.3079,30.79,MODERATE,0
28.38,3.75,36.94,60.84,2139.4,3,17.8,76.8,5.87,0.0905,9.05,LOW,0
40.99,6.57,37.27,38.15,1015.4,10,20.6,60.3,5.57,0.087,8.7,LOW,0
197.42,29.31,69.6,33.42,499.7,6,22.4,85.6,28.17,0.9029,90.29,CRITICAL,1
3.06,0.75,24.1,50.09,601.9,10,26.9,56.1,1.81,0.0363,3.63,LOW,0
81.02,13.89,45.1,34.94,912.5,7,24.4,65.0,8.81,0.2255,22.55,LOW,0
180.07,44.79,76.16,34.1,1725.6,9,19.1,81.3,25.61,0.9528,95.28,CRITICAL,1
17.47,2.58,30.09,31.84,2729.3,5,13.5,68.3,2.67,0.049,4.9,LOW,0
66.74,13.27,33.93,27.57,2318.8,9,16.3,71.3,5.52,0.0627,6.27,LOW,0
82.85,19.06,40.74,32.68,2577.7,4,10.6,64.7,8.56,0.1209,12.09,LOW,0
24.71,5.54,27.15,35.81,1285.4,10,23.6,67.8,2.5,0.0598,5.98,LOW,0
31.56,6.82,34.16,45.23,1443.7,3,19.7,66.8,3.1,0.0234,2.34,LOW,0
43.1,11.55,42.44,23.73,1411.4,6,19.9,72.2,5.69,0.064,6.4,LOW,0
62.59,9.8,34.51,31.02,816.0,6,22.5,65.8,5.83,0.1538,15.38,LOW,0
4.53,0.9,22.91,50.57,430.6,9,19.5,53.3,1.49,0.0779,7.79,LOW,0
208.16,54.42,83.04,28.38,1993.2,7,18.5,95.3,32.27,0.9313,93.13,CRITICAL,1
22.97,3.04,26.78,35.44,3168.2,9,8.1,68.4,2.41,0.0526,5.26,LOW,0
20.96,2.7,31.31,53.33,742.1,9,24.2,56.5,4.0,0.0878,8.78,LOW,0
19.3,3.04,33.61,28.74,387.7,11,23.8,64.3,3.59,0.0489,4.89,LOW,0
24.91,5.51,28.19,25.04,2549.6,3,13.1,60.0,2.51,0.0246,2.46,LOW,0
101.55,16.41,55.07,39.37,995.1,13,21.5,81.1,11.35,0.4168,41.68,MODERATE,0
163.55,24.6,70.22,34.2,2697.4,11,11.1,88.5,21.52,0.7231,72.31,HIGH,1
107.15,20.72,49.26,41.65,2326.6,12,14.6,83.4,11.11,0.4798,47.98,MODERATE,0
6.96,1.52,26.24,50.34,3039.7,2,10.1,56.0,2.45,0.0477,4.77,LOW,0
45.07,7.2,39.9,27.93,1456.3,12,17.4,62.6,4.36,0.0623,6.23,LOW,0
156.5,26.31,75.89,42.18,2202.8,14,18.8,81.3,25.57,0.9505,95.05,CRITICAL,1
119.1,25.98,66.57,39.96,1621.3,9,17.1,74.7,16.89,0.4576,45.76,MODERATE,0
32.68,8.87,31.31,28.25,2110.2,8,17.8,67.1,3.81,0.0225,2.25,LOW,0
29.12,6.64,30.01,43.55,1576.3,10,21.0,57.9,3.66,0.0721,7.21,LOW,0
69.05,16.93,44.54,33.26,806.5,8,25.9,79.5,6.14,0.1062,10.62,LOW,0
60.34,10.78,39.18,39.46,1748.3,5,17.0,79.5,5.06,0.1462,14.62,LOW,0
4.57,0.75,32.34,25.01,1809.3,6,17.6,67.3,3.59,0.021,2.1,LOW,0
66.07,12.73,44.0,38.69,2641.3,8,13.1,72.9,8.87,0.24,24.0,LOW,0
18.71,4.66,30.51,34.33,2419.8,12,16.0,62.1,0.81,0.0361,3.61,LOW,0
10.24,1.98,31.08,51.19,2208.2,7,15.2,62.7,3.04,0.0629,6.29,LOW,0
71.35,18.23,45.78,23.33,584.5,2,25.9,66.2,9.26,0.039,3.9,LOW,0
19.8,5.51,32.07,37.59,2375.8,8,14.3,63.9,2.8,0.0457,4.57,LOW,0
57.83,7.61,42.51,38.66,1725.9,7,21.3,70.7,7.94,0.1229,12.29,LOW,0
10.7,1.36,27.27,47.09,2887.6,7,12.1,56.7,3.29,0.0771,7.71,LOW,0
0.14,0.02,20.53,41.98,2963.6,5,11.4,69.7,2.46,0.018,1.8,LOW,0
23.94,4.35,40.5,45.0,412.7,8,26.6,63.1,3.5,0.0661,6.61,LOW,0
3.7,0.52,21.51,49.17,2670.9,15,17.4,54.4,2.24,0.1166,11.66,LOW,0
49.14,12.74,47.03,53.2,361.2,8,24.5,66.1,5.71,0.2737,27.37,MODERATE,0
11.31,1.4,29.87,34.56,1333.2,7,23.3,58.1,2.9,0.0245,2.45,LOW,0
20.52,3.5,27.74,40.9,1849.8,5,15.8,58.0,3.28,0.0314,3.14,LOW,0
3.19,0.48,28.67,52.06,686.9,9,24.3,69.9,1.73,0.0321,3.21,LOW,0
11.82,3.18,32.24,63.9,2451.6,3,12.5,61.8,0.74,0.0288,2.88,LOW,0
53.23,12.09,48.5,54.75,274.6,5,25.6,74.2,6.45,0.1517,15.17,LOW,0
5.75,1.53,20.03,36.28,747.4,9,22.2,63.3,1.19,0.0255,2.55,LOW,0
36.46,10.05,34.51,30.42,1963.4,8,18.9,68.3,3.14,0.11,11.0,LOW,0
87.29,17.42,56.33,39.51,2357.4,10,13.8,73.0,10.16,0.3527,35.27,MODERATE,0
39.86,6.28,39.89,47.73,2954.1,5,13.1,63.4,5.69,0.0841,8.41,LOW,0
58.31,8.81,43.76,39.6,2331.2,8,13.9,76.5,5.48,0.1607,16.07,LOW,0
4.04,0.63,33.52,39.33,2231.7,5,15.7,64.5,1.36,0.0505,5.05,LOW,0
10.1,2.36,26.93,51.96,1413.3,13,23.9,60.4,3.2,0.1237,12.37,LOW,0
78.73,9.96,35.05,35.99,253.8,6,24.7,77.8,6.2,0.1448,14.48,LOW,0
43.95,5.63,35.47,53.07,604.5,10,22.9,75.7,3.68,0.1354,13.54,LOW,0
144.84,31.47,75.61,37.27,1826.9,7,17.3,83.9,22.52,0.822,82.2,CRITICAL,1
38.15,8.5,37.17,35.0,2241.6,7,15.6,75.0,4.42,0.063,6.3,LOW,0
18.72,4.24,26.03,38.54,1481.5,9,21.4,59.9,2.94,0.0372,3.72,LOW,0
1.6,0.29,32.12,48.57,2405.5,5,14.9,54.8,1.87,0.0635,6.35,LOW,0
193.1,48.07,83.29,27.39,1789.5,8,18.8,86.9,31.37,0.9542,95.42,CRITICAL,1
175.78,36.1,74.95,30.47,468.8,7,22.5,86.6,26.4,0.8548,85.48,CRITICAL,1
22.41,3.07,34.2,59.21,816.4,10,24.3,72.7,3.26,0.1134,11.34,LOW,0
80.51,19.93,42.46,29.63,2728.0,6,13.8,69.8,6.65,0.1622,16.22,LOW,0
14.34,3.91,27.2,41.78,2388.5,9,16.5,64.5,3.0,0.0284,2.84,LOW,0
12.2,1.58,28.09,42.14,2889.5,6,11.3,68.4,2.28,0.0375,3.75,LOW,0
178.09,32.52,80.36,39.51,596.8,8,24.7,89.5,28.62,0.9291,92.91,CRITICAL,1
55.81,11.05,37.88,44.23,3171.2,5,12.3,65.4,4.91,0.2128,21.28,LOW,0
158.92,22.79,69.37,31.74,867.7,11,20.6,76.2,21.53,0.8365,83.65,CRITICAL,1
4.9,1.27,33.58,41.33,284.8,15,21.9,68.0,0.81,0.1142,11.42,LOW,0
8.48,1.4,39.99,36.3,3192.4,6,7.7,55.0,3.39,0.0427,4.27,LOW,0
37.37,9.17,31.11,44.81,1079.2,7,20.5,63.3,5.32,0.0863,8.63,LOW,0
17.02,3.87,30.46,28.12,2220.7,11,18.5,62.8,2.45,0.0374,3.74,LOW,0
63.38,13.67,35.21,41.88,771.2,6,28.8,77.1,5.82,0.1089,10.89,LOW,0
104.82,15.8,54.28,30.03,1961.7,10,14.9,81.7,11.43,0.3406,34.06,MODERATE,0
57.33,8.9,39.6,33.43,2916.9,9,11.7,69.5,5.37,0.0781,7.81,LOW,0
16.59,2.12,35.9,31.33,1194.5,9,20.1,69.8,3.77,0.0437,4.37,LOW,0
54.4,8.62,34.37,29.93,2227.2,10,17.0,76.8,4.86,0.0456,4.56,LOW,0
15.16,2.66,22.69,51.35,804.3,7,24.3,59.4,3.09,0.06,6.0,LOW,0
6.4,1.62,34.4,33.66,2093.1,7,14.3,58.6,2.38,0.0207,2.07,LOW,0
1.19,0.21,22.17,57.24,1242.5,13,19.6,64.7,2.8,0.085,8.5,LOW,0
17.06,4.11,30.76,61.09,873.1,5,22.8,72.7,2.55,0.088,8.8,LOW,0
81.86,15.58,49.4,41.89,1173.9,8,24.6,68.1,10.36,0.3684,36.84,MODERATE,0
9.56,2.35,23.74,28.2,777.6,10,22.1,50.4,4.28,0.0342,3.42,LOW,0
8.1,2.24,23.34,36.37,2910.7,8,8.1,65.1,0.64,0.0294,2.94,LOW,0
122.52,19.4,64.94,50.07,1421.7,7,23.4,86.6,16.23,0.6274,62.74,HIGH,1
0.89,0.23,28.63,36.16,973.6,7,23.9,60.9,1.95,0.0413,4.13,LOW,0
53.93,11.84,40.02,25.3,1572.8,10,16.4,83.9,5.17,0.0811,8.11,LOW,0
13.57,3.4,28.12,41.45,1195.6,7,22.2,57.0,3.09,0.0318,3.18,LOW,0
1.34,0.3,26.96,52.31,2446.0,13,16.6,55.7,3.19,0.0775,7.75,LOW,0
87.45,16.43,51.4,49.99,3115.1,9,11.1,68.6,8.12,0.1955,19.55,LOW,0
5.26,0.82,32.78,29.61,1542.2,9,22.9,61.3,0.5,0.0312,3.12,LOW,0
28.09,3.69,32.76,45.19,2790.0,6,14.0,64.9,5.31,0.0487,4.87,LOW,0
11.21,2.31,30.35,31.39,1919.3,12,18.2,57.1,2.37,0.0357,3.57,LOW,0
2.36,0.66,29.25,31.31,713.8,7,24.6,67.1,2.21,0.0611,6.11,LOW,0
1.79,0.43,29.18,53.85,2287.3,7,15.8,61.9,1.03,0.0453,4.53,LOW,0
4.3,0.74,33.45,32.45,1764.6,5,20.5,54.4,2.3,0.0364,3.64,LOW,0
2.59,0.65,25.66,32.91,2169.3,11,15.7,64.1,3.49,0.0551,5.51,LOW,0
50.03,12.16,36.18,15.89,2874.6,10,14.6,65.0,5.75,0.0753,7.53,LOW,0
23.26,3.84,29.72,53.66,1549.3,6,20.3,64.1,3.44,0.0817,8.17,LOW,0
14.7,1.8,32.32,49.84,2908.5,8,12.3,67.5,1.08,0.0411,4.11,LOW,0
176.62,24.53,73.91,43.66,2464.5,13,13.7,92.5,26.24,0.9384,93.84,CRITICAL,1
92.55,24.1,62.35,48.07,1691.4,12,18.0,79.4,12.4,0.4001,40.01,MODERATE,0
84.57,21.47,48.74,28.61,2029.5,5,17.6,73.0,8.81,0.1366,13.66,LOW,0
44.02,7.36,32.55,38.65,1210.5,5,23.9,60.8,5.22,0.0555,5.55,LOW,0
75.6,12.52,47.78,35.69,3151.6,8,11.9,69.4,7.65,0.1264,12.64,LOW,0
13.48,3.33,36.47,25.69,2218.7,7,14.0,62.2,3.45,0.038,3.8,LOW,0
79.95,21.59,43.31,39.42,379.3,5,21.9,81.3,9.45,0.1528,15.28,LOW,0
33.29,8.15,30.1,56.77,1213.5,9,23.2,61.8,3.96,0.0938,9.38,LOW,0
148.28,32.16,65.58,21.99,2088.8,7,23.2,83.5,19.08,0.498,49.8,MODERATE,1
23.0,3.65,28.21,33.85,416.2,2,25.0,56.1,2.6,0.0285,2.85,LOW,0
17.92,3.66,23.27,30.91,320.5,16,25.1,64.7,3.13,0.0509,5.09,LOW,0
149.86,23.58,59.26,32.04,1577.6,6,21.4,82.2,17.55,0.6001,60.01,HIGH,1
60.24,15.02,43.03,55.93,1231.4,6,19.1,68.3,9.03,0.2222,22.22,LOW,0
19.98,3.63,34.17,38.92,1543.0,9,23.3,68.1,1.81,0.0553,5.53,LOW,0
45.48,11.52,34.23,38.87,1024.9,7,23.4,62.7,4.67,0.0921,9.21,LOW,0
10.99,1.99,27.73,48.49,735.9,4,23.9,70.1,2.82,0.0581,5.81,LOW,0
3.69,0.93,26.96,28.72,2283.0,5,13.5,56.0,2.33,0.0288,2.88,LOW,0
15.21,2.64,23.73,39.45,1768.0,11,20.5,70.5,2.09,0.0932,9.32,LOW,0
18.05,3.44,34.35,37.89,840.5,8,22.3,53.1,4.35,0.0499,4.99,LOW,0
0.58,0.13,26.22,42.68,1192.8,7,23.2,61.9,2.69,0.0267,2.67,LOW,0
210.05,27.57,86.44,67.16,1995.8,6,18.0,95.2,35.0,0.992,99.2,CRITICAL,1
141.11,38.34,67.91,48.85,463.1,10,28.7,79.0,18.58,0.7946,79.46,CRITICAL,1
30.4,6.44,45.64,37.02,685.0,12,24.6,66.2,4.09,0.0638,6.38,LOW,0
2.69,0.54,20.63,51.44,466.1,7,33.2,58.2,2.59,0.0179,1.79,LOW,0
6.73,1.71,22.42,29.43,2646.3,5,14.8,63.7,1.17,0.0237,2.37,LOW,0
77.16,19.95,55.02,21.09,2469.6,5,14.8,73.1,10.31,0.1356,13.56,LOW,0
32.84,6.68,37.46,30.79,2472.3,7,13.4,78.2,4.11,0.1066,10.66,LOW,0
105.05,28.19,54.76,35.37,2363.2,8,17.2,67.5,13.42,0.543,54.3,HIGH,1
233.96,30.5,88.12,40.1,2224.7,13,14.8,96.3,35.0,0.9965,99.65,CRITICAL,1
16.27,2.25,28.4,43.26,1657.1,5,17.0,59.9,4.65,0.055,5.5,LOW,0
12.42,2.68,27.42,56.08,2144.7,7,15.0,62.6,3.02,0.0489,4.89,LOW,0
68.41,12.08,36.68,40.08,363.2,13,25.5,69.4,7.04,0.1901,19.01,LOW,0
350.0,68.0,98.0,39.84,2083.3,4,22.2,99.0,35.0,0.9999,99.99,CRITICAL,1
34.76,6.0,24.68,22.83,2544.7,6,14.7,62.1,3.8,0.0328,3.28,LOW,0
55.49,10.25,36.29,21.52,1726.1,11,16.9,72.6,5.08,0.0552,5.52,LOW,0
53.27,13.4,37.76,41.29,1304.7,11,23.5,65.8,4.08,0.1383,13.83,LOW,0
15.37,3.3,40.02,38.11,1068.4,8,22.6,62.2,2.91,0.0302,3.02,LOW,0
29.89,8.36,32.86,52.01,2146.3,10,19.4,65.6,4.93,0.2771,27.71,MODERATE,0
184.65,45.41,78.29,29.0,2293.8,7,20.2,83.4,27.96,0.9576,95.76,CRITICAL,1
40.78,6.68,32.03,20.52,2819.4,14,8.8,69.8,4.06,0.0963,9.63,LOW,0
179.77,29.18,79.68,38.4,1259.9,5,15.1,81.2,27.48,0.8916,89.16,CRITICAL,1
14.37,2.5,43.78,32.01,2520.8,4,19.1,65.1,5.37,0.0208,2.08,LOW,0
5.46,1.39,28.99,22.78,1906.0,11,15.8,63.2,2.89,0.032,3.2,LOW,0
9.28,1.15,25.92,47.07,2854.4,8,8.1,60.6,0.84,0.0422,4.22,LOW,0
82.57,12.95,37.96,26.66,1807.0,8,16.7,65.8,7.1,0.2295,22.95,LOW,0
1.32,0.35,28.84,43.04,1777.0,5,15.8,60.2,1.67,0.0442,4.42,LOW,0
8.69,1.93,22.5,33.51,1954.7,7,15.3,55.1,1.63,0.0271,2.71,LOW,0
12.97,2.03,24.85,29.54,2460.5,8,16.6,61.3,2.64,0.0522,5.22,LOW,0
33.58,5.21,39.06,36.52,3095.8,10,10.1,69.8,3.79,0.0786,7.86,LOW,0
26.73,6.9,30.12,50.23,467.0,6,21.4,63.9,2.94,0.0728,7.28,LOW,0
8.62,2.27,26.94,36.86,407.6,11,25.8,68.8,2.57,0.0663,6.63,LOW,0
6.28,1.01,30.51,48.09,3015.8,7,9.3,62.7,0.8,0.0371,3.71,LOW,0
76.01,14.24,42.75,27.37,1813.1,5,17.4,76.0,5.7,0.1494,14.94,LOW,0
143.36,36.35,58.7,48.99,2064.0,13,16.2,85.8,18.39,0.848,84.8,CRITICAL,1
11.07,2.69,30.42,31.99,1673.1,8,20.9,70.1,3.44,0.0252,2.52,LOW,0
103.21,25.83,57.67,45.35,526.3,7,23.8,67.7,13.08,0.6273,62.73,HIGH,1
21.82,4.43,28.22,41.72,2515.9,12,15.9,60.1,3.41,0.0548,5.48,LOW,0
2.12,0.56,22.46,57.39,2454.3,14,10.5,60.5,1.9,0.0455,4.55,LOW,0
116.7,20.09,52.18,36.73,1169.5,6,23.8,82.3,15.98,0.3566,35.66,MODERATE,0
13.96,2.02,32.48,23.98,1153.4,10,24.9,63.1,3.01,0.0217,2.17,LOW,0
37.09,8.66,44.98,19.83,2721.6,4,12.5,65.5,7.61,0.046,4.6,LOW,0
11.48,2.37,32.87,51.41,463.5,8,23.4,67.9,4.74,0.1279,12.79,LOW,0
29.6,7.6,32.83,40.51,2849.3,5,9.6,62.4,4.21,0.0573,5.73,LOW,0
51.77,6.88,43.08,49.1,1007.2,6,22.4,65.5,5.8,0.2196,21.96,LOW,0
171.27,43.67,68.8,31.9,1999.3,9,20.0,88.8,23.22,0.9118,91.18,CRITICAL,1
10.59,1.77,29.81,35.51,3011.2,4,10.4,76.0,2.17,0.0109,1.09,LOW,0
14.27,3.21,23.57,21.06,2250.5,3,18.4,62.0,3.07,0.0252,2.52,LOW,0
21.84,2.76,30.51,60.18,1472.6,6,17.0,59.4,3.87,0.0675,6.75,LOW,0
91.69,19.95,56.05,45.02,2284.1,4,14.6,70.4,10.03,0.3447,34.47,MODERATE,0
81.08,19.03,51.76,57.69,1264.7,8,20.9,70.0,12.17,0.3756,37.56,MODERATE,0
3.3,0.59,28.77,32.99,1067.9,10,22.7,68.5,1.39,0.0996,9.96,LOW,0
4.95,0.76,28.47,43.14,3190.2,8,9.6,58.5,0.5,0.0479,4.79,LOW,0
129.91,26.76,57.69,45.39,2464.8,12,17.6,81.3,15.41,0.7425,74.25,HIGH,1
3.95,1.0,26.82,34.67,2151.9,12,19.3,60.0,1.04,0.0582,5.82,LOW,0
93.51,16.06,55.1,52.46,1298.1,7,20.4,66.1,11.22,0.2715,27.15,MODERATE,0
5.62,0.9,25.36,58.83,395.0,9,24.5,58.9,2.33,0.1049,10.49,LOW,0
35.37,5.82,33.88,54.47,341.6,11,24.6,50.5,4.6,0.109,10.9,LOW,0
104.5,28.41,51.91,47.63,1884.8,14,20.2,76.7,12.77,0.4661,46.61,MODERATE,0
350.0,62.12,98.0,33.39,2498.0,6,12.6,99.0,35.0,0.9999,99.99,CRITICAL,1
16.46,1.99,25.74,33.53,1835.3,5,14.3,57.4,2.4,0.0162,1.62,LOW,0
31.98,7.84,34.08,60.37,2730.3,5,9.7,61.5,4.64,0.1392,13.92,LOW,0
241.51,56.0,91.02,18.54,348.6,15,27.8,88.2,35.0,0.9939,99.39,CRITICAL,1
4.37,0.61,18.85,46.75,1331.9,7,17.3,47.4,0.5,0.035,3.5,LOW,0
141.28,39.22,77.56,46.39,949.4,5,21.8,72.2,22.34,0.6628,66.28,HIGH,1
18.4,4.0,24.96,43.51,1569.5,5,19.6,66.7,2.26,0.0595,5.95,LOW,0
144.85,28.99,64.88,64.03,463.5,7,21.2,79.8,18.29,0.8669,86.69,CRITICAL,1
18.04,3.27,30.36,34.5,3064.7,8,11.6,64.0,3.11,0.034,3.4,LOW,0
126.82,33.45,57.83,35.36,908.6,6,22.2,91.3,15.21,0.4322,43.22,MODERATE,0
41.61,6.62,36.2,24.81,2970.8,5,6.9,72.2,5.71,0.0612,6.12,LOW,0
10.2,1.69,23.76,38.24,1506.4,7,20.2,64.8,1.19,0.039,3.9,LOW,0
13.06,1.82,32.29,32.84,3157.3,11,11.6,59.1,5.02,0.046,4.6,LOW,0
4.52,1.09,26.15,35.46,1884.5,6,18.1,70.0,0.8,0.0197,1.97,LOW,0
227.87,49.06,92.4,51.78,2996.0,9,12.8,99.0,35.0,0.9966,99.66,CRITICAL,1
23.8,5.18,39.01,57.87,265.8,10,27.2,68.9,2.8,0.1266,12.66,LOW,0
165.01,25.57,69.8,30.05,2457.3,4,16.3,84.7,22.79,0.8709,87.09,CRITICAL,1
29.49,6.61,37.13,36.31,2914.0,9,9.6,58.9,3.99,0.038,3.8,LOW,0
78.53,19.04,54.67,57.35,662.2,7,20.9,80.9,9.89,0.3021,30.21,MODERATE,0
7.48,1.33,26.48,23.68,533.6,7,22.2,66.3,2.62,0.0491,4.91,LOW,0
47.85,11.88,41.85,25.61,1502.5,10,17.7,66.0,6.91,0.0822,8.22,LOW,0
4.76,0.84,24.01,29.09,3004.4,13,16.5,59.1,2.36,0.0383,3.83,LOW,0
3.84,0.93,32.06,42.63,1850.0,6,15.8,53.2,3.61,0.0575,5.75,LOW,0
43.34,5.44,34.64,28.54,1806.0,11,16.8,71.1,2.95,0.1258,12.58,LOW,0
8.2,1.71,30.81,60.88,666.3,8,23.7,62.3,0.5,0.0482,4.82,LOW,0
12.82,3.53,33.57,38.34,252.3,12,25.7,64.3,2.9,0.1254,12.54,LOW,0
22.57,6.25,25.42,39.85,2639.9,6,18.0,69.0,3.36,0.0435,4.35,LOW,0
20.88,3.45,27.51,32.34,508.3,10,20.9,67.5,2.5,0.0471,4.71,LOW,0
43.15,8.23,33.55,39.0,2119.9,11,21.8,61.2,4.6,0.0896,8.96,LOW,0
34.18,4.45,39.97,44.81,2948.1,9,12.1,65.3,5.53,0.1606,16.06,LOW,0
36.19,9.4,29.26,48.11,865.5,5,25.6,67.9,4.58,0.1026,10.26,LOW,0
43.82,9.24,38.9,48.22,2212.6,12,15.9,69.5,4.74,0.1329,13.29,LOW,0
12.12,2.2,32.02,42.09,482.2,11,27.4,52.3,2.9,0.0358,3.58,LOW,0
13.62,1.88,29.66,55.67,2031.1,8,14.5,56.0,3.49,0.0656,6.56,LOW,0
20.17,5.48,37.02,50.96,733.6,13,20.6,67.0,2.11,0.0618,6.18,LOW,0
12.86,2.63,18.98,48.35,2421.1,7,21.2,65.8,1.63,0.0663,6.63,LOW,0
146.85,24.27,69.16,23.23,1138.6,10,26.5,91.7,21.2,0.6801,68.01,HIGH,1
58.88,10.36,40.58,17.9,1617.0,9,16.5,59.5,4.57,0.062,6.2,LOW,0
6.3,1.03,19.24,31.09,2018.3,6,18.7,66.3,1.13,0.0372,3.72,LOW,0
0.2,0.04,19.65,44.87,755.3,7,26.7,62.3,0.79,0.0495,4.95,LOW,0
153.11,41.16,75.7,37.39,2437.8,6,16.2,76.7,23.78,0.8564,85.64,CRITICAL,1
159.41,40.98,72.8,37.15,1142.8,8,21.2,73.3,21.8,0.8029,80.29,CRITICAL,1
125.41,24.29,64.13,54.45,2204.0,14,20.9,84.5,17.27,0.8312,83.12,CRITICAL,1
26.68,6.73,37.26,55.11,716.9,13,25.8,58.1,3.44,0.0934,9.34,LOW,0
68.32,12.82,37.34,55.98,2279.9,13,13.1,62.4,8.37,0.3126,31.26,MODERATE,0
46.71,7.49,39.31,34.56,628.2,8,23.6,69.7,5.43,0.0495,4.95,LOW,0
8.5,2.36,32.87,45.84,1504.8,5,17.0,61.2,3.57,0.0721,7.21,LOW,0
17.84,3.01,27.98,33.2,979.3,8,22.3,66.1,3.36,0.0414,4.14,LOW,0
24.82,4.26,38.76,30.24,2457.7,8,14.1,66.3,3.28,0.0456,4.56,LOW,0
58.16,16.19,38.22,30.0,1023.0,15,24.3,88.8,5.99,0.1554,15.54,LOW,0
63.95,9.04,43.53,35.42,2851.1,4,14.2,73.9,7.02,0.0999,9.99,LOW,0
252.52,61.03,97.69,37.89,2880.9,8,13.1,99.0,35.0,0.9976,99.76,CRITICAL,1
193.93,52.31,83.07,51.61,829.5,9,24.3,83.8,31.89,0.989,98.9,CRITICAL,1
164.35,33.18,69.58,27.09,2060.8,6,19.3,94.0,25.09,0.8732,87.32,CRITICAL,1
4.15,0.5,31.22,47.47,508.8,10,24.6,57.6,2.35,0.0741,7.41,LOW,0
29.16,5.25,35.3,40.71,1405.0,9,14.3,58.9,4.57,0.0742,7.42,LOW,0
142.97,19.71,56.84,33.74,2354.3,9,20.3,80.2,17.16,0.6185,61.85,HIGH,1
199.36,37.2,90.0,39.6,2195.3,4,13.6,92.5,31.69,0.9853,98.53,CRITICAL,1
35.18,8.67,30.06,34.12,2092.9,4,18.2,62.5,4.4,0.0298,2.98,LOW,0
10.4,1.98,37.51,42.66,1083.5,11,21.2,56.3,3.14,0.1185,11.85,LOW,0
1.88,0.35,24.74,38.0,1365.2,9,24.0,54.9,0.83,0.0441,4.41,LOW,0
0.36,0.08,23.38,29.16,553.7,7,22.6,61.3,0.5,0.0356,3.56,LOW,0
0.78,0.17,27.22,26.92,2371.1,7,13.2,63.5,2.47,0.0285,2.85,LOW,0
0.29,0.08,21.59,41.15,1736.5,10,17.2,63.9,3.66,0.041,4.1,LOW,0
99.95,16.93,43.56,55.54,2340.9,16,16.5,65.7,9.47,0.6054,60.54,HIGH,1
9.58,2.41,27.14,35.48,984.4,9,23.1,56.5,2.14,0.0208,2.08,LOW,0
8.75,1.84,29.33,47.4,1207.1,10,22.8,66.9,4.77,0.0518,5.18,LOW,0
151.45,25.46,75.1,44.7,1235.9,10,21.5,80.2,23.37,0.8789,87.89,CRITICAL,1
12.79,2.14,22.62,57.57,325.9,16,28.5,63.1,1.31,0.0623,6.23,LOW,0
4.77,0.85,29.24,51.13,1256.1,8,23.5,76.5,1.54,0.0751,7.51,LOW,0
27.6,6.06,32.21,41.75,2619.7,3,17.4,50.6,5.78,0.0743,7.43,LOW,0
167.26,26.25,72.0,44.65,2897.0,3,12.9,84.3,23.01,0.7802,78.02,CRITICAL,1
39.67,10.6,40.97,55.29,1778.7,7,19.1,70.2,4.39,0.1094,10.94,LOW,0
94.22,19.97,48.82,37.07,1593.7,11,23.7,68.2,10.95,0.2938,29.38,MODERATE,0
28.86,7.71,33.92,34.96,340.9,15,29.1,63.5,3.5,0.0857,8.57,LOW,0
43.92,5.6,42.75,18.63,2843.7,9,13.7,59.4,5.82,0.0749,7.49,LOW,0
45.58,7.97,42.91,51.39,288.4,8,22.9,70.3,5.81,0.1286,12.86,LOW,0
38.44,4.75,29.66,50.21,3037.0,7,7.1,61.7,3.91,0.1198,11.98,LOW,0
71.63,11.72,41.99,26.28,1693.2,7,20.2,68.2,8.62,0.1113,11.13,LOW,0
71.44,18.42,44.28,42.06,1258.7,7,22.7,76.1,6.42,0.1384,13.84,LOW,0
30.27,3.81,37.55,38.81,2976.4,11,9.8,67.9,4.16,0.0843,8.43,LOW,0
19.67,3.73,29.25,27.03,322.0,10,27.1,68.8,2.46,0.0225,2.25,LOW,0
35.91,4.98,35.47,62.44,1965.2,5,14.9,75.9,5.93,0.1151,11.51,LOW,0
59.67,11.14,47.96,31.18,1869.4,7,19.1,69.4,6.98,0.1008,10.08,LOW,0
0.2,0.05,23.36,24.05,897.0,8,24.6,72.7,3.93,0.0191,1.91,LOW,0
168.98,37.12,79.68,42.62,1515.2,9,21.1,86.5,25.81,0.9757,97.57,CRITICAL,1
7.07,1.68,18.95,47.62,2174.2,8,16.9,69.0,2.35,0.0777,7.77,LOW,0
22.24,3.91,29.26,21.29,2395.0,6,14.1,63.2,4.26,0.0287,2.87,LOW,0
71.96,19.51,38.32,44.71,252.1,12,26.1,75.8,6.01,0.2398,23.98,LOW,0
8.92,2.08,28.08,40.73,3013.7,7,14.3,58.8,3.96,0.0497,4.97,LOW,0
22.67,4.25,35.1,26.22,735.3,8,25.0,71.4,3.46,0.0485,4.85,LOW,0
172.48,32.47,72.49,29.5,939.1,8,24.1,92.8,24.92,0.9331,93.31,CRITICAL,1
166.93,44.57,69.37,41.79,1027.2,5,22.6,83.8,23.39,0.9048,90.48,CRITICAL,1
6.82,1.45,20.11,34.01,361.6,6,27.6,62.0,2.17,0.0122,1.22,LOW,0
15.82,3.69,37.84,58.1,613.0,11,27.0,56.7,2.27,0.1368,13.68,LOW,0
16.36,3.06,29.47,51.02,3159.7,8,9.1,68.0,2.96,0.0491,4.91,LOW,0
174.53,27.19,71.61,62.89,1179.9,3,23.0,91.2,22.48,0.9235,92.35,CRITICAL,1
184.16,43.42,84.38,32.79,590.1,7,24.2,80.2,28.66,0.9641,96.41,CRITICAL,1
76.94,16.72,44.78,61.06,565.6,8,25.7,84.6,8.06,0.19,19.0,LOW,0
223.12,44.67,82.92,37.93,2372.4,7,17.0,95.9,35.0,0.9938,99.38,CRITICAL,1
1.86,0.41,21.97,35.58,2771.0,5,9.1,58.9,3.59,0.0363,3.63,LOW,0
1.07,0.16,21.01,22.83,1008.0,11,19.7,67.4,3.02,0.0295,2.95,LOW,0
3.9,0.96,20.76,23.02,311.7,10,24.6,57.5,0.61,0.0306,3.06,LOW,0
265.54,72.15,95.88,45.87,908.1,6,21.2,99.0,35.0,0.999,99.9,CRITICAL,1
261.04,68.54,98.0,38.64,416.7,8,25.3,92.1,35.0,0.9983,99.83,CRITICAL,1
7.55,1.29,21.36,31.62,555.0,8,29.2,59.8,2.22,0.0377,3.77,LOW,0
6.17,1.14,19.27,43.23,1522.9,4,22.6,60.4,3.17,0.022,2.2,LOW,0
9.63,2.4,29.09,32.56,928.3,3,21.4,58.2,3.16,0.0338,3.38,LOW,0
25.37,5.46,31.72,42.09,1772.0,6,20.4,59.4,4.73,0.0675,6.75,LOW,0
29.51,6.13,36.56,35.93,997.8,2,22.4,61.5,2.53,0.0658,6.58,LOW,0
8.77,2.35,24.68,51.25,3024.6,6,12.2,58.1,1.37,0.0507,5.07,LOW,0
115.24,23.71,52.92,51.12,2922.5,10,9.5,74.5,14.48,0.6136,61.36,HIGH,1
12.96,2.62,37.0,39.17,1922.1,9,14.1,70.5,4.39,0.0394,3.94,LOW,0
209.94,26.6,75.73,35.68,1295.6,8,22.7,94.1,30.6,0.9725,97.25,CRITICAL,1
37.42,4.91,37.28,36.02,1374.4,6,20.5,65.1,4.49,0.0747,7.47,LOW,0
20.07,2.43,34.07,50.42,1465.0,8,21.2,67.6,4.4,0.1,10.0,LOW,0
54.61,14.53,44.4,35.0,2396.4,9,18.8,67.6,6.9,0.2008,20.08,LOW,0
203.45,37.71,80.45,30.96,1582.3,10,18.7,85.8,32.07,0.9764,97.64,CRITICAL,1
12.01,2.34,22.12,25.16,2777.4,3,12.2,52.2,1.55,0.0166,1.66,LOW,0
14.53,3.71,36.57,38.88,3035.1,10,15.7,68.1,4.11,0.0716,7.16,LOW,0
96.19,20.92,49.7,39.3,1241.0,7,21.2,61.1,10.41,0.2343,23.43,LOW,0
6.3,1.37,34.41,52.1,1904.0,5,15.5,51.9,1.0,0.081,8.1,LOW,0
126.66,21.21,62.31,31.42,530.4,4,26.9,82.0,15.42,0.4168,41.68,MODERATE,0
21.18,5.37,28.51,36.55,841.4,9,22.8,63.1,2.49,0.0391,3.91,LOW,0
56.54,8.29,42.8,50.55,1469.7,4,17.9,77.2,7.83,0.1001,10.01,LOW,0
51.69,6.64,45.23,51.25,858.3,8,23.5,63.9,5.51,0.1611,16.11,LOW,0
228.19,34.38,89.3,36.65,2835.9,7,14.5,98.8,35.0,0.9936,99.36,CRITICAL,1
26.66,4.34,28.78,38.67,716.9,8,21.2,62.9,1.27,0.0894,8.94,LOW,0
3.69,0.61,17.1,34.23,1594.2,6,16.3,63.8,3.05,0.0256,2.56,LOW,0
31.09,7.07,31.59,57.64,2036.8,6,16.6,65.7,2.98,0.0837,8.37,LOW,0
52.74,8.17,43.81,27.03,2291.0,5,12.6,70.9,6.55,0.0249,2.49,LOW,0
3.43,0.78,20.91,57.74,1380.1,9,17.2,61.8,2.52,0.071,7.1,LOW,0
6.63,0.89,30.26,45.58,2813.8,10,12.5,62.8,2.99,0.0569,5.69,LOW,0
0.43,0.06,25.26,40.71,1926.5,11,20.2,53.5,2.35,0.043,4.3,LOW,0
31.52,6.35,37.55,21.31,1546.5,6,21.5,65.2,6.05,0.0661,6.61,LOW,0
76.23,20.39,34.65,39.12,448.4,6,25.3,75.1,6.96,0.1672,16.72,LOW,0
38.87,10.01,28.78,37.29,1620.8,5,22.3,65.5,6.26,0.0474,4.74,LOW,0
298.83,82.18,98.0,29.02,2671.2,6,17.6,99.0,35.0,0.9988,99.88,CRITICAL,1
2.28,0.51,34.97,44.63,2062.9,11,17.9,49.0,2.42,0.0355,3.55,LOW,0
81.66,18.63,44.09,61.23,2704.9,7,12.2,81.5,9.37,0.3044,30.44,MODERATE,0
58.88,12.95,40.85,41.62,1707.3,6,22.5,60.6,6.53,0.1285,12.85,LOW,0
118.12,25.95,68.83,46.7,599.5,9,28.5,74.0,17.08,0.4813,48.13,MODERATE,1
127.11,18.24,62.73,24.13,290.2,12,27.0,74.3,16.7,0.5436,54.36,HIGH,1
11.89,2.46,32.63,37.56,1144.5,6,24.8,63.6,2.95,0.0517,5.17,LOW,0
77.03,14.0,43.36,26.91,2309.1,16,13.3,73.6,10.13,0.148,14.8,LOW,0
74.43,14.2,51.73,43.19,2581.3,3,8.6,75.1,11.2,0.1868,18.68,LOW,0
49.61,10.11,45.55,58.11,1122.5,6,19.4,71.7,6.39,0.1242,12.42,LOW,0
29.01,4.08,35.63,44.81,1712.2,9,19.1,74.7,5.12,0.0302,3.02,LOW,0
4.47,0.79,25.82,24.68,1492.3,6,19.6,58.8,3.41,0.0156,1.56,LOW,0
26.57,3.46,35.24,35.79,1461.0,5,22.4,59.0,4.78,0.0296,2.96,LOW,0
15.45,4.27,21.2,41.27,932.5,7,19.2,60.9,3.13,0.0546,5.46,LOW,0
216.83,30.13,91.16,37.17,652.3,8,20.7,85.9,35.0,0.9914,99.14,CRITICAL,1
49.68,8.02,34.66,51.74,830.2,4,25.3,65.4,5.67,0.0717,7.17,LOW,0
164.07,43.09,69.55,50.83,413.2,7,22.1,75.3,21.82,0.9344,93.44,CRITICAL,1
0.52,0.1,31.73,43.16,834.5,6,22.7,55.1,1.96,0.0498,4.98,LOW,0
57.96,8.21,46.72,36.34,277.1,10,26.5,58.6,5.68,0.116,11.6,LOW,0
97.58,17.71,44.22,32.64,2100.4,8,14.8,81.9,10.34,0.2719,27.19,MODERATE,0
54.51,7.55,35.53,26.36,1183.3,4,22.9,68.8,5.92,0.0384,3.84,LOW,0
97.39,14.81,55.47,35.8,3120.8,9,5.7,85.9,12.42,0.1714,17.14,LOW,0
2.97,0.38,17.13,37.44,821.5,9,28.1,67.1,1.32,0.0343,3.43,LOW,0
0.74,0.14,32.3,45.3,1270.2,6,20.2,67.4,3.01,0.0264,2.64,LOW,0
34.68,8.64,35.3,44.69,1305.6,7,20.4,64.4,4.67,0.0705,7.05,LOW,0
34.77,7.43,41.8,24.24,274.9,6,33.2,68.2,6.85,0.0559,5.59,LOW,0
151.77,32.94,63.77,36.95,2725.7,6,9.6,77.4,20.23,0.5694,56.94,HIGH,1
82.97,12.62,44.95,29.89,344.4,7,23.5,69.3,8.12,0.1643,16.43,LOW,0
14.12,2.47,34.12,28.83,3023.5,6,14.9,62.2,1.52,0.0399,3.99,LOW,0
34.28,8.75,33.12,51.43,2881.6,13,8.3,54.7,4.26,0.055,5.5,LOW,0
61.13,8.19,35.91,22.15,1829.8,15,19.2,66.1,4.92,0.127,12.7,LOW,0
96.64,24.86,54.87,37.6,1853.6,9,16.3,79.3,10.81,0.5275,52.75,HIGH,1
56.88,11.23,32.96,29.32,2178.6,15,12.0,65.6,4.41,0.0947,9.47,LOW,0
123.2,31.29,66.71,54.15,1391.8,11,21.7,74.1,16.21,0.8101,81.01,CRITICAL,1
140.86,24.07,65.36,41.46,2159.3,7,17.5,78.8,20.03,0.6542,65.42,HIGH,1
67.9,11.83,39.56,31.79,382.1,5,25.9,74.7,5.87,0.1327,13.27,LOW,0
180.24,43.3,81.19,39.87,409.4,10,30.9,89.2,27.92,0.9644,96.44,CRITICAL,1
8.55,2.1,33.21,47.34,1598.8,8,17.3,59.9,1.08,0.0573,5.73,LOW,0
6.51,1.02,26.84,59.84,1871.4,12,19.9,61.1,0.61,0.0894,8.94,LOW,0
0.01,0.0,36.38,31.39,2869.1,4,13.0,65.1,1.72,0.0301,3.01,LOW,0
44.33,5.92,48.68,54.55,558.7,9,27.4,74.5,6.09,0.1783,17.83,LOW,0
4.12,0.54,27.77,57.78,2676.8,11,12.0,57.8,1.06,0.0519,5.19,LOW,0
9.78,2.11,33.07,56.47,869.6,3,19.8,61.0,1.06,0.0502,5.02,LOW,0
12.38,2.92,35.01,43.92,1412.5,8,18.5,69.3,0.91,0.0519,5.19,LOW,0
28.76,7.87,27.38,43.74,1184.0,8,21.3,67.5,3.56,0.0403,4.03,LOW,0
17.76,3.28,31.41,37.17,1430.5,12,21.8,54.2,3.94,0.0529,5.29,LOW,0
177.68,22.04,71.34,48.16,694.0,11,24.2,81.3,23.39,0.9415,94.15,CRITICAL,1
2.0,0.43,21.45,40.7,1735.5,5,19.0,55.1,1.43,0.0233,2.33,LOW,0
4.63,0.77,26.9,45.35,2614.8,6,17.9,58.2,3.31,0.0472,4.72,LOW,0
24.21,4.58,32.76,37.85,1552.5,9,19.4,65.8,3.21,0.0683,6.83,LOW,0
14.38,2.85,20.97,47.34,1697.3,6,17.3,73.5,2.44,0.0371,3.71,LOW,0
12.27,1.6,30.16,51.29,2753.9,13,14.0,61.3,3.05,0.0884,8.84,LOW,0
2.43,0.48,24.43,28.36,2332.9,8,10.9,64.3,1.66,0.0358,3.58,LOW,0
79.12,14.89,54.14,51.7,1696.8,11,14.4,78.7,8.93,0.2823,28.23,MODERATE,0
153.6,35.94,73.82,40.96,1010.2,5,22.1,92.0,22.72,0.7337,73.37,HIGH,1
142.79,31.89,60.7,52.28,2860.5,8,9.9,88.2,16.22,0.7131,71.31,HIGH,1
2.35,0.35,32.22,37.93,1952.2,3,15.7,55.9,0.52,0.0321,3.21,LOW,0
128.93,19.72,63.78,36.5,902.4,11,25.4,70.6,16.11,0.6016,60.16,HIGH,1
40.01,6.41,35.11,56.38,1043.9,6,23.6,62.2,5.24,0.071,7.1,LOW,0
18.91,2.81,27.73,32.5,2619.2,12,13.4,63.8,4.11,0.0778,7.78,LOW,0
42.34,9.53,31.12,52.26,380.2,5,26.1,61.9,3.9,0.057,5.7,LOW,0
115.75,32.31,51.32,39.36,3176.7,8,9.5,67.6,13.52,0.4168,41.68,MODERATE,0
52.99,11.89,30.7,40.2,634.5,5,26.6,60.7,6.31,0.1016,10.16,LOW,0
104.38,22.66,54.33,34.39,2598.4,10,15.7,93.7,12.25,0.4636,46.36,MODERATE,0
19.67,3.65,20.21,41.95,1414.6,9,22.7,61.6,3.35,0.0577,5.77,LOW,0
0.39,0.07,20.78,34.91,1702.0,8,21.0,70.9,3.88,0.0249,2.49,LOW,0
91.39,24.29,53.87,21.92,2847.9,13,12.5,72.3,10.16,0.2953,29.53,MODERATE,0
32.36,8.9,41.53,33.21,1468.1,12,18.2,69.6,4.18,0.0776,7.76,LOW,0
7.95,1.59,21.48,17.79,1835.6,12,17.5,60.3,3.91,0.0301,3.01,LOW,0
223.46,37.19,90.62,62.13,395.4,6,26.1,93.6,35.0,0.9975,99.75,CRITICAL,1
86.25,20.98,47.6,60.62,256.9,10,24.9,77.6,9.55,0.311,31.1,MODERATE,0
158.44,22.37,66.78,36.95,972.2,8,26.7,81.4,20.42,0.8362,83.62,CRITICAL,1
72.52,17.59,46.08,47.22,2257.7,9,19.7,63.7,9.38,0.2421,24.21,LOW,0
213.93,53.7,81.63,35.53,607.7,5,24.4,87.3,32.25,0.9841,98.41,CRITICAL,1
9.82,1.37,27.33,45.13,585.6,5,27.4,56.6,2.42,0.0774,7.74,LOW,0
64.64,17.86,43.45,50.41,1462.3,4,21.4,70.2,6.01,0.2708,27.08,MODERATE,0
60.61,16.83,47.77,58.8,2161.1,6,14.9,57.7,5.75,0.2632,26.32,MODERATE,0
9.19,2.48,34.46,37.09,2350.6,7,16.1,63.2,0.67,0.0293,2.93,LOW,0
3.63,0.72,23.02,49.44,776.4,6,21.8,68.1,1.99,0.0381,3.81,LOW,0
135.92,21.66,61.71,33.0,484.8,14,23.1,77.3,17.58,0.7575,75.75,CRITICAL,1
149.25,31.81,70.81,64.08,3024.2,7,12.6,78.5,21.04,0.8399,83.99,CRITICAL,1
71.65,13.41,44.16,20.6,1019.0,7,23.6,82.6,7.93,0.094,9.4,LOW,0
0.14,0.02,28.61,42.89,2767.4,8,19.5,68.9,1.57,0.0318,3.18,LOW,0
0.74,0.14,29.72,44.73,2797.3,10,12.2,62.7,3.02,0.0331,3.31,LOW,0
21.95,4.97,36.24,45.73,2528.9,13,12.8,58.8,4.16,0.0978,9.78,LOW,0
9.55,1.25,28.11,27.11,748.1,6,26.2,64.9,2.61,0.0339,3.39,LOW,0
193.87,33.61,73.47,58.11,2674.3,11,13.2,83.0,27.84,0.9826,98.26,CRITICAL,1
29.18,3.58,32.33,29.86,2519.3,7,12.5,56.4,3.23,0.0408,4.08,LOW,0
2.82,0.68,23.25,43.51,2010.3,6,15.5,63.1,4.06,0.0335,3.35,LOW,0
114.57,25.49,60.97,31.48,1244.7,10,20.7,74.3,15.38,0.4299,42.99,MODERATE,0
17.19,2.23,37.44,34.35,1024.4,6,25.0,50.4,3.06,0.0523,5.23,LOW,0
153.89,42.22,75.86,41.15,609.6,5,25.7,86.6,22.84,0.8236,82.36,CRITICAL,1
55.0,6.8,44.83,37.55,1753.8,9,16.3,77.0,6.05,0.1033,10.33,LOW,0
18.83,4.04,25.6,28.98,1976.5,9,21.7,66.8,2.57,0.0403,4.03,LOW,0
3.43,0.84,32.98,29.44,1310.1,8,18.5,57.5,2.45,0.0199,1.99,LOW,0
23.18,5.7,33.62,37.58,1652.3,12,17.1,50.6,1.7,0.059,5.9,LOW,0
3.33,0.42,21.81,48.36,1322.4,8,23.6,61.4,1.88,0.0377,3.77,LOW,0
4.83,1.28,30.66,55.26,2141.0,14,20.0,56.8,2.14,0.069,6.9,LOW,0
9.59,2.56,26.58,25.13,2908.7,11,12.9,56.0,2.45,0.0268,2.68,LOW,0
210.77,44.23,74.27,36.89,733.6,10,20.7,79.9,30.35,0.9805,98.05,CRITICAL,1
90.48,17.84,45.43,26.05,1375.2,4,20.7,84.8,9.43,0.1628,16.28,LOW,0
61.26,7.79,41.83,19.5,665.6,6,20.9,62.6,7.02,0.0735,7.35,LOW,0
14.23,2.99,28.46,44.81,2093.6,10,22.7,51.2,2.59,0.0725,7.25,LOW,0
11.13,2.07,22.79,42.86,2400.2,7,15.5,71.8,3.44,0.0557,5.57,LOW,0
27.88,6.79,36.56,29.1,2999.1,11,13.5,64.4,4.49,0.0508,5.08,LOW,0
44.79,8.27,40.14,31.88,1072.7,11,21.2,66.0,7.48,0.1103,11.03,LOW,0
175.58,40.27,66.98,20.38,3053.1,9,15.7,88.2,23.87,0.8292,82.92,CRITICAL,1
180.54,24.59,88.72,51.8,436.6,6,24.3,89.7,30.09,0.9787,97.87,CRITICAL,1
1.77,0.25,19.42,61.66,2028.9,6,14.7,61.5,1.91,0.0861,8.61,LOW,0
41.49,5.91,34.33,27.85,418.5,8,26.5,57.2,4.06,0.0613,6.13,LOW,0
62.48,7.95,44.37,31.8,2886.6,6,14.3,59.9,7.0,0.0612,6.12,LOW,0
65.56,13.54,41.08,53.54,1812.9,9,23.4,65.5,7.95,0.1852,18.52,LOW,0
39.71,9.81,43.39,57.19,2224.6,7,19.8,62.9,4.78,0.1698,16.98,LOW,0
107.78,23.46,54.3,37.62,2703.1,4,16.1,74.0,11.97,0.174,17.4,LOW,0
25.04,5.31,27.4,22.86,693.4,8,22.5,65.1,3.75,0.0356,3.56,LOW,0
171.61,39.28,76.12,21.93,363.8,5,24.2,84.1,24.7,0.8556,85.56,CRITICAL,1
120.27,20.97,44.18,41.97,2842.7,7,10.2,74.0,10.69,0.6751,67.51,HIGH,1
65.74,11.7,46.08,36.88,1179.1,12,21.1,72.2,7.83,0.2075,20.75,LOW,0
12.97,2.21,35.08,20.91,630.5,5,19.7,66.2,1.03,0.0212,2.12,LOW,0
7.64,1.79,15.61,42.26,1632.0,11,22.4,56.3,1.73,0.0669,6.69,LOW,0
27.8,4.06,30.76,18.71,2015.0,15,14.4,56.0,4.4,0.0397,3.97,LOW,0
21.12,2.58,22.68,49.61,341.4,9,23.3,64.2,1.03,0.0629,6.29,LOW,0
73.56,15.84,45.66,34.33,1060.9,7,21.2,68.5,6.29,0.1445,14.45,LOW,0
3.69,1.0,37.25,22.01,346.8,6,22.7,65.6,0.81,0.0284,2.84,LOW,0
10.43,2.27,29.07,42.42,1490.0,14,21.4,55.7,0.5,0.0413,4.13,LOW,0
48.77,11.96,37.56,37.02,2890.5,10,9.7,60.1,7.19,0.1319,13.19,LOW,0
3.49,0.8,11.86,61.55,3148.8,10,11.9,56.7,2.2,0.0567,5.67,LOW,0
139.74,27.89,58.6,41.08,2129.3,6,18.6,84.1,16.07,0.8103,81.03,CRITICAL,1
17.14,4.03,29.13,33.32,726.8,6,22.6,60.5,1.61,0.0176,1.76,LOW,0
34.11,8.59,35.02,46.51,2922.3,5,10.1,64.6,6.35,0.0568,5.68,LOW,0
6.02,0.94,28.4,33.19,1772.9,7,16.2,57.9,2.96,0.0136,1.36,LOW,0
68.97,11.98,48.15,55.66,703.6,12,21.4,76.4,7.85,0.6055,60.55,HIGH,1
20.77,3.24,26.29,36.37,2969.1,10,10.6,66.0,4.2,0.031,3.1,LOW,0
87.12,16.76,49.59,41.25,2484.5,3,14.5,63.9,10.17,0.2629,26.29,MODERATE,0
22.08,5.78,28.7,22.85,2408.5,6,11.3,68.7,2.64,0.0355,3.55,LOW,0
11.26,1.97,23.46,37.79,2342.1,14,13.5,65.2,1.87,0.0367,3.67,LOW,0
5.35,0.96,22.14,51.67,841.0,8,23.8,67.3,1.62,0.0712,7.12,LOW,0
0.13,0.03,27.74,50.42,872.5,3,23.3,56.8,0.99,0.0244,2.44,LOW,0
26.59,5.38,19.62,31.54,2280.5,10,8.8,58.4,4.05,0.0302,3.02,LOW,0
3.97,0.82,16.84,31.6,898.2,10,24.6,60.1,1.6,0.0155,1.55,LOW,0
17.4,4.48,45.71,50.96,1544.1,4,22.6,63.6,4.78,0.0956,9.56,LOW,0
31.14,6.18,30.4,57.48,2556.9,5,12.5,71.8,2.88,0.0414,4.14,LOW,0
11.29,2.59,35.51,25.78,2562.7,9,9.6,65.5,2.12,0.0376,3.76,LOW,0
6.74,0.9,26.56,38.43,1587.1,11,17.4,61.9,1.87,0.0415,4.15,LOW,0
52.16,7.75,36.8,35.28,2587.0,9,11.8,67.1,4.56,0.1627,16.27,LOW,0
102.67,18.96,57.03,53.66,2723.9,8,16.0,75.5,11.95,0.5135,51.35,HIGH,1
3.7,0.74,26.44,25.09,2181.6,9,13.3,58.2,2.73,0.035,3.5,LOW,0
5.92,1.62,25.76,31.04,923.9,11,22.0,65.0,3.48,0.0439,4.39,LOW,0
112.67,31.02,56.33,48.16,1058.3,8,26.4,68.2,13.72,0.5144,51.44,HIGH,1
1.35,0.35,27.35,22.91,1178.8,11,21.9,60.3,0.88,0.039,3.9,LOW,0
133.0,22.68,58.8,39.59,594.6,9,25.2,86.2,15.48,0.6765,67.65,HIGH,1
132.37,36.3,59.66,38.22,1055.8,4,21.9,73.0,15.64,0.6335,63.35,HIGH,1
72.41,16.68,40.39,35.19,868.1,5,25.7,82.5,8.96,0.0946,9.46,LOW,0
12.85,2.35,22.56,36.93,1593.2,10,20.2,55.5,3.51,0.0498,4.98,LOW,0
97.66,22.68,61.59,40.66,2929.9,10,16.5,71.6,14.04,0.5297,52.97,HIGH,1
13.34,1.64,24.2,29.03,558.2,9,29.8,68.2,1.87,0.0203,2.03,LOW,0
